report_date,contract,noncomm_long,noncomm_short,noncomm_net,comm_long,comm_short,legacy_open_interest,lev_long,lev_short,lev_net,am_long,am_short,am_net,dealer_long,dealer_short,tff_open_interest,fetched_utc
2013-04-23,S&P 500 Consolidated - CHICAGO MERCANTILE EXCHANGE,115759,75662,40097,522834,590993,782302,541964,881170,-339206,1418364,543216,875148,181005,845897,3028179,2026-09-22T22:40:37Z
2013-04-30,S&P 500 Consolidated - CHICAGO MERCANTILE EXCHANGE,128170,71998,56172,524737,609156,791342,619861,892055,-272194,1424237,524315,899922,173852,893096,3087728,2026-09-22T22:40:37Z
2013-05-07,S&P 500 Consolidated - CHICAGO MERCANTILE EXCHANGE,127941,84152,43789,548718,619371,816274,634830,952278,-317448,1438419,516334,922085,208853,918105,3189841,2026-09-22T22:40:37Z
2013-05-14,S&P 500 Consolidated - CHICAGO MERCANTILE EXCHANGE,122597,78987,43610,576658,647239,846248,628229,1009990,-381761,1454321,493607,960714,224851,940310,3287763,2026-09-22T22:40:37Z
2013-05-21,S&P 500 Consolidated - CHICAGO MERCANTILE EXCHANGE,114464,82007,32457,603393,664070,860454,556447,990454,-434007,1534526,484029,1050497,253771,1001571,3340104,2026-09-22T22:40:37Z
2013-05-28,S&P 500 Consolidated - CHICAGO MERCANTILE EXCHANGE,121207,79247,41960,613376,690632,876502,542299,1001385,-459086,1560238,487247,1072991,254819,1026197,3384621,2026-09-22T22:40:37Z
2013-06-04,S&P 500 Consolidated - CHICAGO MERCANTILE EXCHANGE,111159,75980,35179,611391,657414,867486,552181,966205,-414024,1523901,518023,1005878,235767,858782,3307852,2026-09-22T22:40:37Z
2013-06-11,S&P 500 Consolidated - CHICAGO MERCANTILE EXCHANGE,101393,74941,26452,625366,660842,894602,518301,920976,-402675,1504277,564691,939586,223591,849681,3397407,2026-09-22T22:40:37Z
2013-06-18,S&P 500 Consolidated - CHICAGO MERCANTILE EXCHANGE,109863,77661,32202,692093,728922,991389,496613,974240,-477627,1512577,537360,975217,213675,875204,3746507,2026-09-22T22:40:37Z
2013-06-25,S&P 500 Consolidated - CHICAGO MERCANTILE EXCHANGE,96519,72708,23811,469299,524031,703009,452291,691189,-238898,1320813,652266,668547,109099,686912,2729204,2026-09-22T22:40:37Z
2013-07-02,S&P 500 Consolidated - CHICAGO MERCANTILE EXCHANGE,90708,70437,20271,476445,524885,703729,493046,729018,-235972,1268769,597541,671228,118645,672799,2707222,2026-09-22T22:40:37Z
2013-07-09,S&P 500 Consolidated - CHICAGO MERCANTILE EXCHANGE,88839,70117,18722,477726,524473,705746,482750,773317,-290567,1310487,564527,745960,107603,696341,2723676,2026-09-22T22:40:37Z
2013-07-16,S&P 500 Consolidated - CHICAGO MERCANTILE EXCHANGE,95789,58351,37438,480385,545295,716164,496752,808545,-311793,1331030,544407,786623,99875,746152,2784081,2026-09-22T22:40:37Z
2013-07-23,S&P 500 Consolidated - CHICAGO MERCANTILE EXCHANGE,100254,60030,40224,492842,561209,727263,500058,825097,-325039,1368069,517924,850145,94777,774049,2813229,2026-09-22T22:40:37Z
2013-07-30,S&P 500 Consolidated - CHICAGO MERCANTILE EXCHANGE,105387,59225,46162,493663,566382,730838,523448,816102,-292654,1377587,514013,863574,103082,803424,2840740,2026-09-22T22:40:37Z
2013-08-06,S&P 500 Consolidated - CHICAGO MERCANTILE EXCHANGE,96566,67664,28902,496364,555366,732142,480094,806961,-326867,1368867,511183,857684,104133,774828,2844836,2026-09-22T22:40:37Z
2013-08-13,S&P 500 Consolidated - CHICAGO MERCANTILE EXCHANGE,98778,69614,29164,494160,552811,738273,481953,818942,-336989,1348028,523267,824761,103128,755084,2876427,2026-09-22T22:40:37Z
2013-08-20,S&P 500 Consolidated - CHICAGO MERCANTILE EXCHANGE,98421,71732,26689,502453,557801,754996,493736,794775,-301039,1303650,554018,749632,115904,790014,2929661,2026-09-22T22:40:37Z
2013-08-27,S&P 500 Consolidated - CHICAGO MERCANTILE EXCHANGE,91212,80681,10531,523989,559748,780789,535998,833694,-297696,1271977,562171,709806,119528,783260,2996973,2026-09-22T22:40:37Z
2013-09-03,S&P 500 Consolidated - CHICAGO MERCANTILE EXCHANGE,95347,86218,9129,523949,555013,789961,561164,874630,-313466,1245045,538739,706306,117301,764366,2986537,2026-09-22T22:40:37Z
2013-09-10,S&P 500 Consolidated - CHICAGO MERCANTILE EXCHANGE,90352,86367,3985,546837,567684,810027,552131,895934,-343803,1248943,483147,765796,114822,739632,3044856,2026-09-22T22:40:37Z
2013-09-17,S&P 500 Consolidated - CHICAGO MERCANTILE EXCHANGE,99443,78020,21423,627271,673428,917682,588831,889937,-301106,1270304,482837,787467,115269,811884,3337625,2026-09-22T22:40:37Z
2013-09-24,S&P 500 Consolidated - CHICAGO MERCANTILE EXCHANGE,96150,66008,30142,450893,518864,675574,430914,717646,-286732,1227767,470480,757287,130688,751414,2624099,2026-09-22T22:40:37Z
2013-10-01,S&P 500 Consolidated - CHICAGO MERCANTILE EXCHANGE,99410,70575,28835,446335,511547,677685,450746,699597,-248851,1181053,457618,723435,142674,754365,2623895,2026-09-22T22:40:37Z
2013-10-08,S&P 500 Consolidated - CHICAGO MERCANTILE EXCHANGE,94319,79834,14485,466470,521309,701923,510663,708625,-197962,1173866,491598,682268,159057,811447,2732549,2026-09-22T22:40:37Z
2013-10-15,S&P 500 Consolidated - CHICAGO MERCANTILE EXCHANGE,97788,76197,21591,463064,522278,695078,530394,714083,-183689,1168072,483840,684232,151610,785990,2690273,2026-09-22T22:40:37Z
2013-10-22,S&P 500 Consolidated - CHICAGO MERCANTILE EXCHANGE,100139,77830,22309,482018,529422,708537,563340,717566,-154226,1220183,474821,745362,163450,779143,2732821,2026-09-22T22:40:37Z
2013-10-29,S&P 500 Consolidated - CHICAGO MERCANTILE EXCHANGE,106224,71354,34870,488239,548249,721121,564238,733867,-169629,1263419,444183,819236,137713,780541,2771653,2026-09-22T22:40:37Z
2013-11-05,S&P 500 Consolidated - CHICAGO MERCANTILE EXCHANGE,105387,71898,33489,490223,556358,728659,604045,749336,-145291,1238446,442099,796347,144346,790451,2813333,2026-09-22T22:40:37Z
2013-11-12,S&P 500 Consolidated - CHICAGO MERCANTILE EXCHANGE,107657,75264,32393,493177,554848,728575,614815,744366,-129551,1234070,432708,801362,152546,758523,2811253,2026-09-22T22:40:37Z
2013-11-19,S&P 500 Consolidated - CHICAGO MERCANTILE EXCHANGE,101123,81265,19858,510657,560647,745718,612867,754914,-142047,1235657,441636,794021,171439,774377,2882916,2026-09-22T22:40:37Z
2013-11-26,S&P 500 Consolidated - CHICAGO MERCANTILE EXCHANGE,102231,78135,24096,510397,567916,741827,620191,751708,-131517,1228915,442665,786250,167228,768321,2864468,2026-09-22T22:40:37Z
2013-12-03,S&P 500 Consolidated - CHICAGO MERCANTILE EXCHANGE,100110,81961,18149,516177,568595,748300,645803,750461,-104658,1198799,435472,763327,180859,748637,2917291,2026-09-22T22:40:37Z
2013-12-10,S&P 500 Consolidated - CHICAGO MERCANTILE EXCHANGE,98682,79945,18737,523169,577898,764651,607440,748668,-141228,1223235,433406,789829,191914,801520,2947491,2026-09-22T22:40:37Z
2013-12-17,S&P 500 Consolidated - CHICAGO MERCANTILE EXCHANGE,105227,74831,30396,628867,689864,873627,660265,698476,-38211,1230888,476882,754006,176411,848422,3368625,2026-09-22T22:40:37Z
2013-12-24,S&P 500 Consolidated - CHICAGO MERCANTILE EXCHANGE,105213,80004,25209,463846,522413,684782,504329,774351,-270022,1302504,408159,894345,230168,843900,2750132,2026-09-22T22:40:37Z
2013-12-31,S&P 500 Consolidated - CHICAGO MERCANTILE EXCHANGE,108939,84277,24662,467448,524305,700432,519279,780883,-261604,1309577,389137,920440,226679,814872,2789364,2026-09-22T22:40:37Z
2014-01-07,S&P 500 Consolidated - CHICAGO MERCANTILE EXCHANGE,111615,81827,29788,464701,529094,699646,512931,764062,-251131,1315307,389102,926205,215413,864500,2790363,2026-09-22T22:40:37Z
2014-01-14,S&P 500 Consolidated - CHICAGO MERCANTILE EXCHANGE,110087,87412,22675,486812,541639,719529,543684,830570,-286886,1349206,395064,954142,233338,880848,2885511,2026-09-22T22:40:37Z
2014-01-21,S&P 500 Consolidated - CHICAGO MERCANTILE EXCHANGE,101748,95137,6611,508658,545616,722076,517028,865161,-348133,1341463,402426,939037,244770,887235,2871444,2026-09-22T22:40:37Z
2014-01-28,S&P 500 Consolidated - CHICAGO MERCANTILE EXCHANGE,102145,98136,4009,512920,552642,743768,557384,873135,-315751,1263308,436765,826543,228418,863379,2912005,2026-09-22T22:40:37Z
2014-02-04,S&P 500 Consolidated - CHICAGO MERCANTILE EXCHANGE,97995,96661,1334,521166,560161,771947,599042,914463,-315421,1226807,490647,736160,224615,856374,2985967,2026-09-22T22:40:37Z
2014-02-11,S&P 500 Consolidated - CHICAGO MERCANTILE EXCHANGE,91024,111701,-20677,556971,565693,808380,551982,999244,-447262,1285435,436064,849371,242962,858325,3078305,2026-09-22T22:40:37Z
2014-02-18,S&P 500 Consolidated - CHICAGO MERCANTILE EXCHANGE,92652,104737,-12085,569003,586160,833784,556690,1020978,-464288,1287102,427487,859615,262169,891338,3163772,2026-09-22T22:40:37Z
2014-02-25,S&P 500 Consolidated - CHICAGO MERCANTILE EXCHANGE,94911,98577,-3666,572621,603504,851046,573234,1003564,-430330,1237923,455667,782256,267709,914035,3190988,2026-09-22T22:40:37Z
2014-03-04,S&P 500 Consolidated - CHICAGO MERCANTILE EXCHANGE,98232,92997,5235,598975,634028,880372,601829,1051941,-450112,1260456,450879,809577,300681,919010,3301075,2026-09-22T22:40:37Z
2014-03-11,S&P 500 Consolidated - CHICAGO MERCANTILE EXCHANGE,97348,104364,-7016,614418,639637,899687,559171,1035810,-476639,1276794,437763,839031,285700,910100,3368513,2026-09-22T22:40:37Z
2014-03-18,S&P 500 Consolidated - CHICAGO MERCANTILE EXCHANGE,108915,105079,3836,730480,766173,1029593,632513,1037709,-405196,1301308,458725,842583,294591,969417,3878357,2026-09-22T22:40:37Z
2014-03-25,S&P 500 Consolidated - CHICAGO MERCANTILE EXCHANGE,95420,88332,7088,473287,511465,683526,446653,875058,-428405,1351769,376532,975237,218619,818898,2801131,2026-09-22T22:40:37Z
2014-04-01,S&P 500 Consolidated - CHICAGO MERCANTILE EXCHANGE,100384,85233,15151,462142,507542,681463,471774,846655,-374881,1341138,368907,972231,218892,840808,2801019,2026-09-22T22:40:37Z
2014-04-08,S&P 500 Consolidated - CHICAGO MERCANTILE EXCHANGE,91188,85868,5320,467434,505506,676428,423830,823723,-399893,1322107,391072,931035,212307,859101,2760817,2026-09-22T22:40:37Z
2014-04-15,S&P 500 Consolidated - CHICAGO MERCANTILE EXCHANGE,89659,90346,-687,473194,504610,688040,467503,843015,-375512,1296443,410920,885523,222387,834138,2808434,2026-09-22T22:40:37Z
2014-04-22,S&P 500 Consolidated - CHICAGO MERCANTILE EXCHANGE,94326,91855,2471,474012,501606,686751,501410,844658,-343248,1275479,384703,890776,218761,835912,2793289,2026-09-22T22:40:37Z
2014-04-29,S&P 500 Consolidated - CHICAGO MERCANTILE EXCHANGE,97191,90260,6931,479128,517574,702673,501794,837504,-335710,1265628,378667,886961,228751,870105,2852227,2026-09-22T22:40:37Z
2014-05-06,S&P 500 Consolidated - CHICAGO MERCANTILE EXCHANGE,92216,96034,-3818,487834,511520,703712,488370,872421,-384051,1282981,391718,891263,237090,800126,2851024,2026-09-22T22:40:37Z
2014-05-13,S&P 500 Consolidated - CHICAGO MERCANTILE EXCHANGE,99585,95178,4407,497439,530877,729317,508172,899972,-391800,1297456,379967,917489,230187,840324,2952843,2026-09-22T22:40:37Z
2014-05-20,S&P 500 Consolidated - CHICAGO MERCANTILE EXCHANGE,87696,106420,-18724,514041,528503,742933,487688,926725,-439037,1271398,385608,885790,250143,822003,2964178,2026-09-22T22:40:37Z
2014-05-27,S&P 500 Consolidated - CHICAGO MERCANTILE EXCHANGE,98178,100658,-2480,522907,545110,758245,510091,914835,-404744,1301021,382356,918665,241663,870547,3042386,2026-09-22T22:40:37Z
2014-06-03,S&P 500 Consolidated - CHICAGO MERCANTILE EXCHANGE,94525,106440,-11915,534668,551348,774514,523101,940213,-417112,1344724,381113,963611,249931,903252,3090854,2026-09-22T22:40:37Z
2014-06-10,S&P 500 Consolidated - CHICAGO MERCANTILE EXCHANGE,92808,105689,-12881,570477,578526,814572,530797,985490,-454693,1334860,364200,970660,282890,907552,3215901,2026-09-22T22:40:37Z
2014-06-17,S&P 500 Consolidated - CHICAGO MERCANTILE EXCHANGE,100748,107531,-6783,654077,670254,914025,583446,1040648,-457202,1297706,374879,922827,316752,902836,3542606,2026-09-22T22:40:37Z
2014-06-24,S&P 500 Consolidated - CHICAGO MERCANTILE EXCHANGE,92543,102603,-10060,497450,509169,705455,418086,994539,-576453,1355296,403350,951946,259249,746827,2864180,2026-09-22T22:40:37Z
2014-07-01,S&P 500 Consolidated - CHICAGO MERCANTILE EXCHANGE,101688,105392,-3704,503930,525400,727127,459645,991794,-532149,1350572,426478,924094,256113,780272,2941198,2026-09-22T22:40:37Z
2014-07-08,S&P 500 Consolidated - CHICAGO MERCANTILE EXCHANGE,96071,106843,-10772,508716,518191,727096,442266,994698,-552432,1342757,406324,936433,257411,762293,2931095,2026-09-22T22:40:37Z
2014-07-15,S&P 500 Consolidated - CHICAGO MERCANTILE EXCHANGE,98366,100214,-1848,509450,531765,726972,470996,939589,-468593,1341807,403634,938173,225784,790689,2937915,2026-09-22T22:40:37Z
2014-07-22,S&P 500 Consolidated - CHICAGO MERCANTILE EXCHANGE,101069,97579,3490,513871,538385,739612,496014,933760,-437746,1341966,406484,935482,211146,794242,2959472,2026-09-22T22:40:37Z
2014-07-29,S&P 500 Consolidated - CHICAGO MERCANTILE EXCHANGE,96305,100862,-4557,522860,542270,746886,479430,968927,-489497,1349737,410104,939633,215095,766890,2972352,2026-09-22T22:40:37Z
2014-08-05,S&P 500 Consolidated - CHICAGO MERCANTILE EXCHANGE,96077,95458,619,518153,545213,746293,548417,962171,-413754,1273071,450407,822664,198447,733495,2932157,2026-09-22T22:40:37Z
2014-08-12,S&P 500 Consolidated - CHICAGO MERCANTILE EXCHANGE,95674,98383,-2709,524980,547408,752126,523915,986809,-462894,1288935,462840,826095,207640,744844,2959433,2026-09-22T22:40:37Z
2014-08-19,S&P 500 Consolidated - CHICAGO MERCANTILE EXCHANGE,95012,97312,-2300,535543,553249,764463,524561,993462,-468901,1317425,464094,853331,223217,755120,3004564,2026-09-22T22:40:37Z
2014-08-26,S&P 500 Consolidated - CHICAGO MERCANTILE EXCHANGE,92675,95650,-2975,542747,558657,769648,517469,952373,-434904,1322772,464934,857838,233699,786822,3027601,2026-09-22T22:40:37Z
2014-09-02,S&P 500 Consolidated - CHICAGO MERCANTILE EXCHANGE,92247,100955,-8708,547421,559750,781007,526007,963340,-437333,1309963,465769,844194,253834,787150,3081045,2026-09-22T22:40:37Z
2014-09-09,S&P 500 Consolidated - CHICAGO MERCANTILE EXCHANGE,91977,96748,-4771,573948,596190,818907,549406,977513,-428107,1303723,476562,827161,257194,791151,3245197,2026-09-22T22:40:37Z
2014-09-16,S&P 500 Consolidated - CHICAGO MERCANTILE EXCHANGE,106507,93257,13250,656998,692947,949208,582531,1049620,-467089,1303740,484859,818881,244003,799048,3658403,2026-09-22T22:40:37Z
2014-09-23,S&P 500 Consolidated - CHICAGO MERCANTILE EXCHANGE,97068,102658,-5590,483665,504642,687035,451038,909420,-458382,1386756,463969,922787,214385,651689,2799012,2026-09-22T22:40:37Z
2014-09-30,S&P 500 Consolidated - CHICAGO MERCANTILE EXCHANGE,100887,94971,5916,477661,513132,688127,473681,906028,-432347,1352881,476107,876774,200183,633049,2799895,2026-09-22T22:40:37Z
2014-10-07,S&P 500 Consolidated - CHICAGO MERCANTILE EXCHANGE,101611,100611,1000,471057,499059,683188,525602,905870,-380268,1291606,490526,801080,208740,610591,2775750,2026-09-22T22:40:37Z
2014-10-14,S&P 500 Consolidated - CHICAGO MERCANTILE EXCHANGE,112525,107653,4872,466006,504795,695436,548439,890818,-342379,1282618,532029,750589,198048,646707,2829396,2026-09-22T22:40:37Z
2014-10-21,S&P 500 Consolidated - CHICAGO MERCANTILE EXCHANGE,97298,110552,-13254,480641,491874,720693,448436,991619,-543183,1299141,526142,772999,232412,590561,2829815,2026-09-22T22:40:37Z
2014-10-28,S&P 500 Consolidated - CHICAGO MERCANTILE EXCHANGE,99866,111627,-11761,495507,509279,732657,479376,970197,-490821,1322616,540770,781846,225881,639247,2882162,2026-09-22T22:40:37Z
2014-11-04,S&P 500 Consolidated - CHICAGO MERCANTILE EXCHANGE,103327,106882,-3555,496107,516401,728520,530110,842597,-312487,1299927,552977,746950,214552,716205,2879808,2026-09-22T22:40:37Z
2014-11-11,S&P 500 Consolidated - CHICAGO MERCANTILE EXCHANGE,106577,102034,4543,498411,527077,730037,554773,837438,-282665,1321920,540380,781540,215477,759476,2920705,2026-09-22T22:40:37Z
2014-11-18,S&P 500 Consolidated - CHICAGO MERCANTILE EXCHANGE,110990,99307,11683,515612,553514,753656,573195,835575,-262380,1379330,539515,839815,201516,816968,3024708,2026-09-22T22:40:37Z
2014-11-25,S&P 500 Consolidated - CHICAGO MERCANTILE EXCHANGE,109677,103539,6138,533730,562393,772687,581613,847476,-265863,1400287,544616,855671,201794,798118,3086154,2026-09-22T22:40:37Z
2014-12-02,S&P 500 Consolidated - CHICAGO MERCANTILE EXCHANGE,119013,102759,16254,534521,574424,776987,658053,862859,-204806,1378844,541906,836938,199051,824274,3111438,2026-09-22T22:40:37Z
2014-12-09,S&P 500 Consolidated - CHICAGO MERCANTILE EXCHANGE,108669,97265,11404,546163,581967,775987,642024,785084,-143060,1375726,545671,830055,172600,836098,3105541,2026-09-22T22:40:37Z
2014-12-16,S&P 500 Consolidated - CHICAGO MERCANTILE EXCHANGE,116311,88149,28162,579413,635560,832516,707002,723084,-16082,1292526,596170,696356,170690,813628,3295783,2026-09-22T22:40:37Z
2014-12-23,S&P 500 Consolidated - CHICAGO MERCANTILE EXCHANGE,105909,79039,26870,467139,518166,672428,534734,720658,-185924,1370315,482957,887358,192761,838775,2739124,2026-09-22T22:40:37Z
2014-12-30,S&P 500 Consolidated - CHICAGO MERCANTILE EXCHANGE,106900,74698,32202,468080,523808,677927,538445,728081,-189636,1378656,465347,913309,186235,855539,2750182,2026-09-22T22:40:37Z
2015-01-06,S&P 500 Consolidated - CHICAGO MERCANTILE EXCHANGE,106272,72689,33583,461182,526542,675726,581047,686216,-105169,1324782,481802,842980,169837,855931,2749558,2026-09-22T22:40:37Z
2015-01-13,S&P 500 Consolidated - CHICAGO MERCANTILE EXCHANGE,101656,77781,23875,466190,517784,671513,527316,702010,-174694,1341198,484711,856487,169590,799405,2714557,2026-09-22T22:40:37Z
2015-01-20,S&P 500 Consolidated - CHICAGO MERCANTILE EXCHANGE,103169,83052,20117,457881,507274,671899,499290,686843,-187553,1305638,492649,812989,166950,792657,2707586,2026-09-22T22:40:37Z
2015-01-27,S&P 500 Consolidated - CHICAGO MERCANTILE EXCHANGE,101957,84100,17857,462829,507189,672635,483251,681386,-198135,1325268,474620,850648,164167,796636,2701901,2026-09-22T22:40:37Z
2015-02-03,S&P 500 Consolidated - CHICAGO MERCANTILE EXCHANGE,103800,84902,18898,459483,505577,689848,493941,745059,-251118,1306369,515806,790563,155402,750345,2734995,2026-09-22T22:40:37Z
2015-02-10,S&P 500 Consolidated - CHICAGO MERCANTILE EXCHANGE,106598,84352,22246,463874,511766,703790,514128,775013,-260885,1300323,521101,779222,160825,768251,2791625,2026-09-22T22:40:37Z
2015-02-17,S&P 500 Consolidated - CHICAGO MERCANTILE EXCHANGE,104949,82379,22570,465682,513536,705929,500225,765675,-265450,1289483,488940,800543,164369,796629,2811472,2026-09-22T22:40:37Z
2015-02-24,S&P 500 Consolidated - CHICAGO MERCANTILE EXCHANGE,97910,91163,6747,487970,519239,729019,496486,780969,-284483,1316528,494220,822308,184975,809846,2886254,2026-09-22T22:40:37Z
2015-03-03,S&P 500 Consolidated - CHICAGO MERCANTILE EXCHANGE,101138,99891,1247,497406,522265,754597,526372,811887,-285515,1289425,517454,771971,202619,794785,2982284,2026-09-22T22:40:37Z
2015-03-10,S&P 500 Consolidated - CHICAGO MERCANTILE EXCHANGE,100344,110244,-9900,545262,563737,830808,547967,895327,-347360,1249496,576237,673259,231205,798014,3181958,2026-09-22T22:40:37Z
2015-03-17,S&P 500 Consolidated - CHICAGO MERCANTILE EXCHANGE,96082,103177,-7095,620313,635853,904970,511369,842592,-331223,1254989,597721,657268,227945,809456,3423320,2026-09-22T22:40:37Z
2015-03-24,S&P 500 Consolidated - CHICAGO MERCANTILE EXCHANGE,84963,82937,2026,428181,451578,629452,382354,752678,-370324,1284145,521122,763023,197137,588276,2631895,2026-09-22T22:40:37Z
2015-03-31,S&P 500 Consolidated - CHICAGO MERCANTILE EXCHANGE,86421,86756,-335,425976,445922,635500,425456,776031,-350575,1244945,518005,726940,193285,594581,2663980,2026-09-22T22:40:37Z
2015-04-07,S&P 500 Consolidated - CHICAGO MERCANTILE EXCHANGE,86548,86518,30,431618,449979,643859,411325,755103,-343778,1242310,517384,724926,182567,612598,2671481,2026-09-22T22:40:37Z
2015-04-14,S&P 500 Consolidated - CHICAGO MERCANTILE EXCHANGE,86301,86447,-146,439285,455964,648744,431488,748491,-317003,1264626,517696,746930,183909,634271,2691356,2026-09-22T22:40:37Z
2015-04-21,S&P 500 Consolidated - CHICAGO MERCANTILE EXCHANGE,86233,85004,1229,442180,458247,658194,451535,726909,-275374,1248487,537866,710621,177301,641743,2716999,2026-09-22T22:40:37Z
2015-04-28,S&P 500 Consolidated - CHICAGO MERCANTILE EXCHANGE,88196,84649,3547,449760,464973,667287,447341,731820,-284479,1272620,539431,733189,180985,643412,2745013,2026-09-22T22:40:37Z
2015-05-05,S&P 500 Consolidated - CHICAGO MERCANTILE EXCHANGE,82232,88130,-5898,451427,453337,669417,422587,770747,-348160,1229592,516499,713093,187021,592546,2745079,2026-09-22T22:40:37Z
2015-05-12,S&P 500 Consolidated - CHICAGO MERCANTILE EXCHANGE,80597,85904,-5307,458508,462465,674672,428068,729143,-301075,1237641,528117,709524,190709,633148,2756816,2026-09-22T22:40:37Z
2015-05-19,S&P 500 Consolidated - CHICAGO MERCANTILE EXCHANGE,83866,78140,5726,467898,479505,683932,437340,711512,-274172,1260746,511579,749167,191466,642469,2770193,2026-09-22T22:40:37Z
2015-05-26,S&P 500 Consolidated - CHICAGO MERCANTILE EXCHANGE,78812,84536,-5724,468837,472952,685015,417023,752986,-335963,1245080,520935,724145,206229,590247,2782314,2026-09-22T22:40:37Z
2015-06-02,S&P 500 Consolidated - CHICAGO MERCANTILE EXCHANGE,82536,80201,2335,479815,494626,699436,443017,741280,-298263,1258847,538566,720281,206661,631331,2849220,2026-09-22T22:40:37Z
2015-06-09,S&P 500 Consolidated - CHICAGO MERCANTILE EXCHANGE,79214,91454,-12240,514066,516068,744892,451318,807197,-355879,1209468,563794,645674,225204,596508,2971541,2026-09-22T22:40:37Z
2015-06-16,S&P 500 Consolidated - CHICAGO MERCANTILE EXCHANGE,78628,88256,-9628,560572,560338,818130,467464,812754,-345290,1150918,559646,591272,238184,648064,3213131,2026-09-22T22:40:37Z
2015-06-23,S&P 500 Consolidated - CHICAGO MERCANTILE EXCHANGE,75229,84748,-9519,419834,415653,608957,342256,812196,-469940,1237200,485196,752004,239030,483766,2575407,2026-09-22T22:40:37Z
2015-06-30,S&P 500 Consolidated - CHICAGO MERCANTILE EXCHANGE,74469,97279,-22810,424124,410936,624941,408673,832735,-424062,1178706,519821,658885,247125,472107,2641281,2026-09-22T22:40:37Z
2015-07-07,S&P 500 Consolidated - CHICAGO MERCANTILE EXCHANGE,74219,101245,-27026,434613,412444,644368,374412,824223,-449811,1190322,531332,658990,251554,502113,2686827,2026-09-22T22:40:37Z
2015-07-14,S&P 500 Consolidated - CHICAGO MERCANTILE EXCHANGE,74077,90209,-16132,431672,417235,633569,374328,780160,-405832,1188726,523314,665412,232843,504513,2630905,2026-09-22T22:40:37Z
2015-07-21,S&P 500 Consolidated - CHICAGO MERCANTILE EXCHANGE,79536,88408,-8872,429693,424302,635291,415523,788568,-373045,1205332,507574,697758,225981,534887,2651956,2026-09-22T22:40:37Z
2015-07-28,S&P 500 Consolidated - CHICAGO MERCANTILE EXCHANGE,79012,90353,-11341,439652,436465,647180,459825,778391,-318566,1164534,539786,624748,250568,549361,2705198,2026-09-22T22:40:37Z
2015-08-04,S&P 500 Consolidated - CHICAGO MERCANTILE EXCHANGE,78302,94045,-15743,437755,430672,651953,440861,790537,-349676,1135574,543542,592032,283348,529774,2711872,2026-09-22T22:40:37Z
2015-08-11,S&P 500 Consolidated - CHICAGO MERCANTILE EXCHANGE,77345,101554,-24209,453152,436736,671573,446474,825410,-378936,1154164,558924,595240,301589,547455,2779583,2026-09-22T22:40:37Z
2015-08-18,S&P 500 Consolidated - CHICAGO MERCANTILE EXCHANGE,82280,99456,-17176,466582,448788,688260,464642,820367,-355725,1144190,568381,575809,313974,577133,2843824,2026-09-22T22:40:37Z
2015-08-25,S&P 500 Consolidated - CHICAGO MERCANTILE EXCHANGE,97267,102868,-5601,509645,509661,782911,505566,761525,-255959,1085613,745605,340008,408077,676746,3147605,2026-09-22T22:40:37Z
2015-09-01,S&P 500 Consolidated - CHICAGO MERCANTILE EXCHANGE,85691,112244,-26553,543300,514354,816628,460622,845419,-384797,1001778,787307,214471,552055,578294,3220963,2026-09-22T22:40:37Z
2015-09-08,S&P 500 Consolidated - CHICAGO MERCANTILE EXCHANGE,85062,116020,-30958,568243,527762,848170,401426,870770,-469344,996867,829955,166912,601598,490404,3282448,2026-09-22T22:40:37Z
2015-09-15,S&P 500 Consolidated - CHICAGO MERCANTILE EXCHANGE,79327,114527,-35200,638357,599209,921243,365093,890865,-525772,1026253,839326,186927,637896,499361,3538131,2026-09-22T22:40:37Z
2015-09-22,S&P 500 Consolidated - CHICAGO MERCANTILE EXCHANGE,73204,113974,-40770,473258,429572,679965,391787,873278,-481491,977399,819451,157948,586966,314586,2885655,2026-09-22T22:40:37Z
2015-09-29,S&P 500 Consolidated - CHICAGO MERCANTILE EXCHANGE,77088,111828,-34740,477026,442157,686659,442754,901838,-459084,970069,808514,161555,573435,342915,2916818,2026-09-22T22:40:37Z
2015-10-06,S&P 500 Consolidated - CHICAGO MERCANTILE EXCHANGE,69657,113913,-44256,495257,438707,696897,355250,959888,-604638,1075361,743614,331747,591508,354339,2931539,2026-09-22T22:40:37Z
2015-10-13,S&P 500 Consolidated - CHICAGO MERCANTILE EXCHANGE,70483,110180,-39697,493599,446235,692719,342571,968404,-625833,1150677,715902,434775,540244,357502,2935847,2026-09-22T22:40:37Z
2015-10-20,S&P 500 Consolidated - CHICAGO MERCANTILE EXCHANGE,73771,114751,-40980,500258,451039,700025,315924,947265,-631341,1194864,716882,477982,552737,378287,2978653,2026-09-22T22:40:37Z
2015-10-27,S&P 500 Consolidated - CHICAGO MERCANTILE EXCHANGE,78128,102501,-24373,484428,449376,668152,326542,876277,-549735,1229222,671867,557355,476714,380443,2845888,2026-09-22T22:40:37Z
2015-11-03,S&P 500 Consolidated - CHICAGO MERCANTILE EXCHANGE,74884,101006,-26122,494388,457567,671878,331533,858985,-527452,1262995,662829,600166,494706,381722,2860279,2026-09-22T22:40:37Z
2015-11-10,S&P 500 Consolidated - CHICAGO MERCANTILE EXCHANGE,73791,94027,-20236,497906,473398,689592,372148,911398,-539250,1199281,661746,537535,536867,374846,2926441,2026-09-22T22:40:37Z
2015-11-17,S&P 500 Consolidated - CHICAGO MERCANTILE EXCHANGE,71529,88053,-16524,485089,467123,680871,355877,853905,-498028,1099102,670313,428789,540052,352310,2875410,2026-09-22T22:40:37Z
2015-11-24,S&P 500 Consolidated - CHICAGO MERCANTILE EXCHANGE,72334,83935,-11601,488408,474465,678277,396855,769672,-372817,1092601,672850,419751,513605,372170,2876955,2026-09-22T22:40:37Z
2015-12-01,S&P 500 Consolidated - CHICAGO MERCANTILE EXCHANGE,71967,82199,-10232,496431,484580,685208,417509,757646,-340137,1080511,658243,422268,503778,391444,2906354,2026-09-22T22:40:37Z
2015-12-08,S&P 500 Consolidated - CHICAGO MERCANTILE EXCHANGE,71922,81397,-9475,505005,501098,689577,452484,736480,-283996,1048969,642192,406777,449584,401582,2933232,2026-09-22T22:40:37Z
2015-12-15,S&P 500 Consolidated - CHICAGO MERCANTILE EXCHANGE,75053,80083,-5030,523356,524722,757425,465308,679497,-214189,1028223,692811,335412,399381,391161,3144839,2026-09-22T22:40:37Z
2015-12-22,S&P 500 Consolidated - CHICAGO MERCANTILE EXCHANGE,67962,79327,-11365,396910,388842,593654,368001,636884,-268883,1065870,727860,338010,229348,323340,2550333,2026-09-22T22:40:37Z
2015-12-29,S&P 500 Consolidated - CHICAGO MERCANTILE EXCHANGE,65543,78229,-12686,395390,385718,584476,336708,623583,-286875,1108270,696605,411665,224302,325372,2506414,2026-09-22T22:40:37Z
2016-01-05,S&P 500 Consolidated - CHICAGO MERCANTILE EXCHANGE,66819,83627,-16808,404763,392169,612018,327433,630899,-303466,1050217,761632,288585,243284,311833,2573728,2026-09-22T22:40:37Z
2016-01-12,S&P 500 Consolidated - CHICAGO MERCANTILE EXCHANGE,67258,95857,-28599,434845,411731,649905,331859,597909,-266050,1064281,866036,198245,316899,325631,2745684,2026-09-22T22:40:37Z
2016-01-19,S&P 500 Consolidated - CHICAGO MERCANTILE EXCHANGE,72653,106712,-34059,454639,431599,681362,312908,717902,-404994,1099697,914899,184798,385625,329119,2863447,2026-09-22T22:40:37Z
2016-01-26,S&P 500 Consolidated - CHICAGO MERCANTILE EXCHANGE,78916,102497,-23581,459802,439834,687081,379786,732607,-352821,1119151,955121,164030,390849,353021,2899270,2026-09-22T22:40:37Z
2016-02-02,S&P 500 Consolidated - CHICAGO MERCANTILE EXCHANGE,71022,116393,-45371,491345,439868,719671,346535,785889,-439354,1151031,927778,223253,415611,335510,2989501,2026-09-22T22:40:37Z
2016-02-09,S&P 500 Consolidated - CHICAGO MERCANTILE EXCHANGE,73206,113690,-40484,506517,463221,742952,349098,728691,-379593,1161957,969362,192595,404283,366329,3067305,2026-09-22T22:40:37Z
2016-02-16,S&P 500 Consolidated - CHICAGO MERCANTILE EXCHANGE,80725,113128,-32403,516251,479879,760791,375629,762342,-386713,1149008,949591,199417,400327,383592,3102033,2026-09-22T22:40:37Z
2016-02-23,S&P 500 Consolidated - CHICAGO MERCANTILE EXCHANGE,81237,123282,-42045,515054,459692,761112,361877,736813,-374936,1164749,915350,249399,387070,382900,3092895,2026-09-22T22:40:37Z
2016-03-01,S&P 500 Consolidated - CHICAGO MERCANTILE EXCHANGE,81740,120938,-39198,519718,469865,776246,372546,744497,-371951,1126246,888063,238183,410804,403846,3149871,2026-09-22T22:40:37Z
2016-03-08,S&P 500 Consolidated - CHICAGO MERCANTILE EXCHANGE,80754,117641,-36887,543347,499031,812089,388984,800675,-411691,1136009,944938,191071,447342,388862,3271582,2026-09-22T22:40:37Z
2016-03-15,S&P 500 Consolidated - CHICAGO MERCANTILE EXCHANGE,81649,119281,-37632,565138,521628,835103,413724,781769,-368045,1173409,985615,187794,464051,395944,3396546,2026-09-22T22:40:37Z
2016-03-22,S&P 500 Consolidated - CHICAGO MERCANTILE EXCHANGE,80690,105868,-25178,444175,406759,624401,357231,710786,-353555,1211745,910591,301154,538277,264253,2820719,2026-09-22T22:40:37Z
2016-03-29,S&P 500 Consolidated - CHICAGO MERCANTILE EXCHANGE,84406,103624,-19218,444481,417482,632054,366032,723559,-357527,1197153,936396,260757,556538,262331,2849125,2026-09-22T22:40:37Z
2016-04-05,S&P 500 Consolidated - CHICAGO MERCANTILE EXCHANGE,86752,102416,-15664,449213,427737,640464,409021,722785,-313764,1171061,922523,248538,543267,278475,2867791,2026-09-22T22:40:37Z
2016-04-12,S&P 500 Consolidated - CHICAGO MERCANTILE EXCHANGE,85316,95600,-10284,449855,436183,644744,389679,702494,-312815,1202755,916272,286483,494077,280365,2857883,2026-09-22T22:40:37Z
2016-04-19,S&P 500 Consolidated - CHICAGO MERCANTILE EXCHANGE,88250,88190,60,455358,446188,647049,426314,721470,-295156,1273535,855722,417813,446187,317748,2874380,2026-09-22T22:40:37Z
2016-04-26,S&P 500 Consolidated - CHICAGO MERCANTILE EXCHANGE,96139,82321,13818,446678,458362,653325,460023,682587,-222564,1292982,887658,405324,393852,318371,2868896,2026-09-22T22:40:37Z
2016-05-03,S&P 500 Consolidated - CHICAGO MERCANTILE EXCHANGE,93388,83185,10203,436116,445037,640333,438428,663438,-225010,1241490,887336,354154,390403,278289,2811993,2026-09-22T22:40:37Z
2016-05-10,S&P 500 Consolidated - CHICAGO MERCANTILE EXCHANGE,97871,86046,11825,441018,450757,648848,439320,698000,-258680,1252219,855650,396569,386270,290726,2865334,2026-09-22T22:40:37Z
2016-05-17,S&P 500 Consolidated - CHICAGO MERCANTILE EXCHANGE,93574,87088,6486,448512,448578,644341,408081,725844,-317763,1277085,872375,404710,383615,287632,2850259,2026-09-22T22:40:37Z
2016-05-24,S&P 500 Consolidated - CHICAGO MERCANTILE EXCHANGE,115253,89641,25612,454293,471736,673452,492436,816047,-323611,1335003,893579,441424,369025,314827,2973946,2026-09-22T22:40:37Z
2016-05-31,S&P 500 Consolidated - CHICAGO MERCANTILE EXCHANGE,112371,97419,14952,464352,466977,681779,485000,830759,-345759,1322372,884614,437758,412253,317427,2989845,2026-09-22T22:40:37Z
2016-06-07,S&P 500 Consolidated - CHICAGO MERCANTILE EXCHANGE,107094,104130,2964,494254,487032,715957,472240,911975,-439735,1347883,889739,458144,445207,319926,3123389,2026-09-22T22:40:37Z
2016-06-14,S&P 500 Consolidated - CHICAGO MERCANTILE EXCHANGE,127876,97403,30473,510429,534799,774471,486913,792889,-305976,1281929,902563,379366,378776,322007,3341912,2026-09-22T22:40:37Z
2016-06-21,S&P 500 Consolidated - CHICAGO MERCANTILE EXCHANGE,108900,93951,14949,404632,423143,620998,352995,707445,-354450,1319980,998668,321312,296327,192236,2781212,2026-09-22T22:40:37Z
2016-06-28,S&P 500 Consolidated - CHICAGO MERCANTILE EXCHANGE,106535,92487,14048,448369,453151,673460,356011,769161,-413150,1242141,1041762,200379,426185,149569,2950885,2026-09-22T22:40:37Z
2016-07-05,S&P 500 Consolidated - CHICAGO MERCANTILE EXCHANGE,110415,100190,10225,456815,455402,689194,348891,807178,-458287,1314906,1004936,309970,420311,182905,3003946,2026-09-22T22:40:37Z
2016-07-12,S&P 500 Consolidated - CHICAGO MERCANTILE EXCHANGE,117407,98083,19324,444412,459653,685818,392771,751800,-359029,1330373,987290,343083,333074,232294,2969096,2026-09-22T22:40:37Z
2016-07-19,S&P 500 Consolidated - CHICAGO MERCANTILE EXCHANGE,129928,93666,36262,437871,469387,688835,414857,732760,-317903,1403669,966047,437622,288325,291891,2966710,2026-09-22T22:40:37Z
2016-07-26,S&P 500 Consolidated - CHICAGO MERCANTILE EXCHANGE,131772,90237,41535,437833,474793,688070,428160,742061,-313901,1393874,953881,439993,287153,279043,2963940,2026-09-22T22:40:37Z
2016-08-02,S&P 500 Consolidated - CHICAGO MERCANTILE EXCHANGE,126751,93694,33057,441056,470796,683947,438032,766646,-328614,1341125,927441,413684,305332,252077,2943229,2026-09-22T22:40:37Z
2016-08-09,S&P 500 Consolidated - CHICAGO MERCANTILE EXCHANGE,123651,91262,32389,440475,470831,676437,409893,739353,-329460,1378558,907496,471062,284625,266393,2920958,2026-09-22T22:40:37Z
2016-08-16,S&P 500 Consolidated - CHICAGO MERCANTILE EXCHANGE,126523,88046,38477,442660,477395,682836,424662,715790,-291128,1386641,922266,464375,277267,280494,2942915,2026-09-22T22:40:37Z
2016-08-23,S&P 500 Consolidated - CHICAGO MERCANTILE EXCHANGE,133341,91144,42197,451585,488587,700378,469402,726478,-257076,1394123,894491,499632,277805,308229,3004043,2026-09-22T22:40:37Z
2016-08-30,S&P 500 Consolidated - CHICAGO MERCANTILE EXCHANGE,135125,86276,48849,453221,496674,710340,473662,709629,-235967,1390232,888075,502157,277390,311806,3052142,2026-09-22T22:40:37Z
2016-09-06,S&P 500 Consolidated - CHICAGO MERCANTILE EXCHANGE,134195,92336,41859,478795,514806,735322,462461,724466,-262005,1399994,888269,511725,290751,310286,3151038,2026-09-22T22:40:37Z
2016-09-13,S&P 500 Consolidated - CHICAGO MERCANTILE EXCHANGE,119140,100576,18564,554217,571307,825324,445245,716685,-271440,1326529,934677,391852,304218,318736,3514714,2026-09-22T22:40:37Z
2016-09-20,S&P 500 Consolidated - CHICAGO MERCANTILE EXCHANGE,110229,90463,19766,425897,441972,641083,342841,715881,-373040,1390389,942128,448261,362042,366600,2898741,2026-09-22T22:40:37Z
2016-09-27,S&P 500 Consolidated - CHICAGO MERCANTILE EXCHANGE,111265,94104,17161,426480,439287,641376,340017,759911,-419894,1391298,918950,472348,365329,336801,2887362,2026-09-22T22:40:37Z
2016-10-04,S&P 500 Consolidated - CHICAGO MERCANTILE EXCHANGE,108077,97342,10735,438211,440813,659410,365715,799891,-434176,1337470,915808,421662,380408,322905,2925178,2026-09-22T22:40:37Z
2016-10-11,S&P 500 Consolidated - CHICAGO MERCANTILE EXCHANGE,104197,106414,-2217,438361,438139,667013,348414,802573,-454159,1320081,938514,381567,385666,313270,2944782,2026-09-22T22:40:37Z
2016-10-18,S&P 500 Consolidated - CHICAGO MERCANTILE EXCHANGE,107706,95050,12656,435113,447699,665364,357307,744399,-387092,1339697,982502,357195,370723,348497,2946199,2026-09-22T22:40:37Z
2016-10-25,S&P 500 Consolidated - CHICAGO MERCANTILE EXCHANGE,102827,102809,18,459352,451984,682461,385641,784393,-398752,1363112,993238,369874,400636,337622,3000750,2026-09-22T22:40:37Z
2016-11-01,S&P 500 Consolidated - CHICAGO MERCANTILE EXCHANGE,102026,100054,1972,448913,446505,681289,405631,705497,-299866,1264332,998857,265475,370191,349416,2986724,2026-09-22T22:40:37Z
2016-11-08,S&P 500 Consolidated - CHICAGO MERCANTILE EXCHANGE,101870,92197,9673,440722,446304,672984,443107,641456,-198349,1241028,1006885,234143,318605,345469,2930959,2026-09-22T22:40:37Z
2016-11-15,S&P 500 Consolidated - CHICAGO MERCANTILE EXCHANGE,97544,93626,3918,447113,446002,667044,425277,656414,-231137,1263626,976993,286633,298273,330225,2913769,2026-09-22T22:40:37Z
2016-11-22,S&P 500 Consolidated - CHICAGO MERCANTILE EXCHANGE,97136,105689,-8553,473416,457630,697761,433704,689959,-256255,1286784,994573,292211,332188,329710,3036641,2026-09-22T22:40:37Z
2016-11-29,S&P 500 Consolidated - CHICAGO MERCANTILE EXCHANGE,96958,115816,-18858,488817,465908,707887,425907,726701,-300794,1340206,1001802,338404,338513,339916,3081271,2026-09-22T22:40:37Z
2016-12-06,S&P 500 Consolidated - CHICAGO MERCANTILE EXCHANGE,91075,110320,-19245,484529,465602,702523,413482,664019,-250537,1251300,997382,253918,369322,348658,3051926,2026-09-22T22:40:37Z
2016-12-13,S&P 500 Consolidated - CHICAGO MERCANTILE EXCHANGE,96682,105393,-8711,529323,518506,779925,437870,753534,-315664,1301283,967475,333808,389537,374619,3389480,2026-09-22T22:40:37Z
2016-12-20,S&P 500 Consolidated - CHICAGO MERCANTILE EXCHANGE,84787,85802,-1015,432515,431769,607961,336605,560455,-223850,1385255,953663,431592,307730,394917,2757555,2026-09-22T22:40:37Z
2016-12-27,S&P 500 Consolidated - CHICAGO MERCANTILE EXCHANGE,89989,83335,6654,427699,434749,609421,361717,533532,-171815,1357263,968995,388268,300113,386652,2754179,2026-09-22T22:40:37Z
2017-01-03,S&P 500 Consolidated - CHICAGO MERCANTILE EXCHANGE,98348,77437,20911,430070,453909,628650,414006,514564,-100558,1371345,964200,407145,256067,435649,2812086,2026-09-22T22:40:37Z
2017-01-10,S&P 500 Consolidated - CHICAGO MERCANTILE EXCHANGE,91962,85545,6417,439529,452609,628415,392660,584724,-192064,1410174,938655,471519,264268,431439,2831782,2026-09-22T22:40:37Z
2017-01-17,S&P 500 Consolidated - CHICAGO MERCANTILE EXCHANGE,92286,83377,8909,435267,445498,624477,360222,626621,-266399,1412352,891138,521214,267095,412480,2810749,2026-09-22T22:40:37Z
2017-01-24,S&P 500 Consolidated - CHICAGO MERCANTILE EXCHANGE,99295,83019,16276,437170,459688,639223,386501,645891,-259390,1400327,850553,549774,274383,468874,2869436,2026-09-22T22:40:37Z
2017-01-31,S&P 500 Consolidated - CHICAGO MERCANTILE EXCHANGE,100350,85183,15167,441492,459114,636204,392578,608843,-216265,1409346,837355,571991,257535,478374,2839486,2026-09-22T22:40:37Z
2017-02-07,S&P 500 Consolidated - CHICAGO MERCANTILE EXCHANGE,95408,86234,9174,450814,462982,647479,387751,627626,-239875,1420077,850569,569508,275607,478389,2890204,2026-09-22T22:40:37Z
2017-02-14,S&P 500 Consolidated - CHICAGO MERCANTILE EXCHANGE,100160,87317,12843,469631,477999,675290,403451,619395,-215944,1432733,833535,599198,277125,522478,3018235,2026-09-22T22:40:37Z
2017-02-21,S&P 500 Consolidated - CHICAGO MERCANTILE EXCHANGE,102160,93720,8440,476981,482236,693015,433815,600641,-166826,1455129,797186,657943,260358,555511,3056454,2026-09-22T22:40:37Z
2017-02-28,S&P 500 Consolidated - CHICAGO MERCANTILE EXCHANGE,116026,95727,20299,473655,489227,717622,455377,637972,-182595,1448346,782750,665596,247210,576014,3117551,2026-09-22T22:40:37Z
2017-03-07,S&P 500 Consolidated - CHICAGO MERCANTILE EXCHANGE,128582,94109,34473,484536,520113,742520,500019,577725,-77706,1411848,778633,633215,229044,624196,3231427,2026-09-22T22:40:37Z
2017-03-14,S&P 500 Consolidated - CHICAGO MERCANTILE EXCHANGE,138375,97652,40723,530425,579453,801763,495446,612138,-116692,1471927,787365,684562,243258,641318,3542383,2026-09-22T22:40:37Z
2017-03-21,S&P 500 Consolidated - CHICAGO MERCANTILE EXCHANGE,116503,88730,27773,411726,443323,622785,365220,622153,-256933,1481447,857543,623904,230627,480480,2867968,2026-09-22T22:40:37Z
2017-03-28,S&P 500 Consolidated - CHICAGO MERCANTILE EXCHANGE,127545,83021,44524,406277,459010,634041,393863,619748,-225885,1485396,838911,646485,222952,509972,2884815,2026-09-22T22:40:37Z
2017-04-04,S&P 500 Consolidated - CHICAGO MERCANTILE EXCHANGE,117951,86427,31524,411131,446030,625889,384436,577060,-192624,1464489,809083,655406,232082,522382,2853269,2026-09-22T22:40:37Z
2017-04-11,S&P 500 Consolidated - CHICAGO MERCANTILE EXCHANGE,119186,90423,28763,411503,445153,631099,409968,592727,-182759,1460750,796732,664018,203034,508257,2886007,2026-09-22T22:40:37Z
2017-04-18,S&P 500 Consolidated - CHICAGO MERCANTILE EXCHANGE,121741,92430,29311,418878,451380,642634,419900,617317,-197417,1446459,786704,659755,202872,535788,2916029,2026-09-22T22:40:37Z
2017-04-25,S&P 500 Consolidated - CHICAGO MERCANTILE EXCHANGE,120828,92165,28663,433194,462043,653341,464726,667832,-203106,1447409,706998,740411,206314,582267,2955256,2026-09-22T22:40:37Z
2017-05-02,S&P 500 Consolidated - CHICAGO MERCANTILE EXCHANGE,106186,89807,16379,453530,463601,656419,441613,651460,-209847,1473758,711758,762000,227200,582279,2958197,2026-09-22T22:40:37Z
2017-05-09,S&P 500 Consolidated - CHICAGO MERCANTILE EXCHANGE,105747,94137,11610,461447,472141,680155,472038,666610,-194572,1399337,756305,643032,238624,555069,3038006,2026-09-22T22:40:37Z
2017-05-16,S&P 500 Consolidated - CHICAGO MERCANTILE EXCHANGE,101566,99713,1853,469953,470193,684563,449085,672123,-223038,1401366,778204,623162,274042,543518,3065532,2026-09-22T22:40:37Z
2017-05-23,S&P 500 Consolidated - CHICAGO MERCANTILE EXCHANGE,102982,101489,1493,475477,469524,691817,490975,682968,-191993,1372854,751970,620884,261014,509755,3069954,2026-09-22T22:40:37Z
2017-05-30,S&P 500 Consolidated - CHICAGO MERCANTILE EXCHANGE,104991,101857,3134,479948,473169,695192,516066,699518,-183452,1393947,760441,633506,252728,509826,3086131,2026-09-22T22:40:37Z
2017-06-06,S&P 500 Consolidated - CHICAGO MERCANTILE EXCHANGE,108034,103683,4351,485798,480891,706889,523106,704706,-181600,1352671,739556,613115,261483,515102,3142563,2026-09-22T22:40:37Z
2017-06-13,S&P 500 Consolidated - CHICAGO MERCANTILE EXCHANGE,110467,104381,6086,548778,550056,785893,515602,693695,-178093,1361475,736480,624995,254257,521210,3472466,2026-09-22T22:40:37Z
2017-06-20,S&P 500 Consolidated - CHICAGO MERCANTILE EXCHANGE,96346,92883,3463,416269,417203,605483,316255,590150,-273895,1484894,755200,729694,173963,531558,2824898,2026-09-22T22:40:37Z
2017-06-27,S&P 500 Consolidated - CHICAGO MERCANTILE EXCHANGE,100516,93706,6810,417751,425857,616094,353695,580645,-226950,1439924,775516,664408,186955,531171,2876159,2026-09-22T22:40:37Z
2017-07-03,S&P 500 Consolidated - CHICAGO MERCANTILE EXCHANGE,99852,83660,16192,414631,431678,613110,357279,488693,-131414,1423247,799946,623301,190490,557327,2852197,2026-09-22T22:40:37Z
2017-07-11,S&P 500 Consolidated - CHICAGO MERCANTILE EXCHANGE,102280,83932,18348,411328,432024,614457,363768,487101,-123333,1443361,754396,688965,165837,585049,2844657,2026-09-22T22:40:37Z
2017-07-18,S&P 500 Consolidated - CHICAGO MERCANTILE EXCHANGE,107255,85494,21761,421755,440231,631177,395984,540516,-144532,1468513,750761,717752,203921,604262,2914099,2026-09-22T22:40:37Z
2017-07-25,S&P 500 Consolidated - CHICAGO MERCANTILE EXCHANGE,108045,84414,23631,435502,459010,654894,409122,566693,-157571,1537747,774285,763462,212264,642659,2995537,2026-09-22T22:40:37Z
2017-08-01,S&P 500 Consolidated - CHICAGO MERCANTILE EXCHANGE,107220,91703,15517,447974,459531,668674,390480,631687,-241207,1577820,774525,803295,239927,598268,3059594,2026-09-22T22:40:37Z
2017-08-08,S&P 500 Consolidated - CHICAGO MERCANTILE EXCHANGE,108974,93712,15262,461108,468115,681713,374860,647671,-272811,1625284,777211,848073,239126,606188,3113437,2026-09-22T22:40:37Z
2017-08-15,S&P 500 Consolidated - CHICAGO MERCANTILE EXCHANGE,114947,86819,28128,462872,484157,695177,425515,579829,-154314,1587658,773027,814631,229139,662671,3165620,2026-09-22T22:40:37Z
2017-08-22,S&P 500 Consolidated - CHICAGO MERCANTILE EXCHANGE,116091,91140,24951,479496,499207,713658,482024,593115,-111091,1553045,773984,779061,212283,700131,3230474,2026-09-22T22:40:37Z
2017-08-29,S&P 500 Consolidated - CHICAGO MERCANTILE EXCHANGE,123098,87107,35991,492017,518708,731582,510901,583587,-72686,1569763,792775,776988,233553,737354,3301271,2026-09-22T22:40:37Z
2017-09-05,S&P 500 Consolidated - CHICAGO MERCANTILE EXCHANGE,112112,84557,27555,516274,537032,735493,466714,588868,-122154,1546095,773377,772718,256774,706752,3327423,2026-09-22T22:40:37Z
2017-09-12,S&P 500 Consolidated - CHICAGO MERCANTILE EXCHANGE,121974,90204,31770,572774,594147,810813,470110,615328,-145218,1620238,775357,844881,239622,690649,3693118,2026-09-22T22:40:37Z
2017-09-19,S&P 500 Consolidated - CHICAGO MERCANTILE EXCHANGE,117587,96450,21137,455970,468501,661762,346040,640438,-294398,1768637,760177,1008460,170067,668155,3090538,2026-09-22T22:40:37Z
2017-09-26,S&P 500 Consolidated - CHICAGO MERCANTILE EXCHANGE,120340,95314,25026,446032,464293,657752,349817,633947,-284130,1704353,761279,943074,183203,635877,3060234,2026-09-22T22:40:37Z
2017-10-03,S&P 500 Consolidated - CHICAGO MERCANTILE EXCHANGE,113544,93617,19927,435865,448731,650232,379126,592765,-213639,1610282,763320,846962,188565,615605,3013291,2026-09-22T22:40:37Z
2017-10-10,S&P 500 Consolidated - CHICAGO MERCANTILE EXCHANGE,115753,87772,27981,447574,469374,665557,403234,591641,-188407,1607874,756069,851805,205773,681347,3069650,2026-09-22T22:40:37Z
2017-10-17,S&P 500 Consolidated - CHICAGO MERCANTILE EXCHANGE,116435,83715,32720,452133,477341,669706,392709,578161,-185452,1597042,765315,831727,210043,667928,3081534,2026-09-22T22:40:37Z
2017-10-24,S&P 500 Consolidated - CHICAGO MERCANTILE EXCHANGE,113763,87331,26432,470837,492315,692744,417701,581529,-163828,1584279,755568,828711,245158,729984,3162041,2026-09-22T22:40:37Z
2017-10-31,S&P 500 Consolidated - CHICAGO MERCANTILE EXCHANGE,114329,82311,32018,479470,510897,701203,440191,560608,-120417,1554545,747066,807479,253738,769281,3187695,2026-09-22T22:40:37Z
2017-11-07,S&P 500 Consolidated - CHICAGO MERCANTILE EXCHANGE,118541,90839,27702,485980,506948,715963,484670,640153,-155483,1529460,752444,777016,267297,720631,3244403,2026-09-22T22:40:37Z
2017-11-14,S&P 500 Consolidated - CHICAGO MERCANTILE EXCHANGE,121791,91423,30368,486403,514024,720635,501755,619259,-117504,1513847,732469,781378,246510,740777,3263629,2026-09-22T22:40:37Z
2017-11-21,S&P 500 Consolidated - CHICAGO MERCANTILE EXCHANGE,116467,93947,22520,503006,525864,738955,521968,630188,-108220,1493678,731192,762486,264582,708957,3329620,2026-09-22T22:40:37Z
2017-11-28,S&P 500 Consolidated - CHICAGO MERCANTILE EXCHANGE,119507,96719,22788,511048,533213,756344,538959,656701,-117742,1504354,734082,770272,262310,699608,3387929,2026-09-22T22:40:37Z
2017-12-05,S&P 500 Consolidated - CHICAGO MERCANTILE EXCHANGE,124451,90050,34401,526132,566740,780215,575487,644130,-68643,1436275,714966,721309,296004,740926,3513444,2026-09-22T22:40:37Z
2017-12-12,S&P 500 Consolidated - CHICAGO MERCANTILE EXCHANGE,106901,88775,18126,606331,626455,863122,484531,644318,-159787,1457650,724654,732996,287484,785655,3830224,2026-09-22T22:40:37Z
2017-12-19,S&P 500 Consolidated - CHICAGO MERCANTILE EXCHANGE,106300,88136,18164,438262,461710,641391,402466,556510,-154044,1541503,737614,803889,187624,758456,2988232,2026-09-22T22:40:37Z
2017-12-26,S&P 500 Consolidated - CHICAGO MERCANTILE EXCHANGE,111036,87855,23181,454791,483242,663937,420751,570387,-149636,1539279,746682,792597,221187,824975,3061310,2026-09-22T22:40:37Z
2018-01-02,S&P 500 Consolidated - CHICAGO MERCANTILE EXCHANGE,106861,73129,33732,452314,494015,662131,348963,501994,-153031,1587828,734283,853545,208927,881416,3051095,2026-09-22T22:40:37Z
2018-01-09,S&P 500 Consolidated - CHICAGO MERCANTILE EXCHANGE,104609,91141,13468,491740,514894,704939,357685,613902,-256217,1722242,734827,987415,215602,929902,3241341,2026-09-22T22:40:37Z
2018-01-16,S&P 500 Consolidated - CHICAGO MERCANTILE EXCHANGE,112167,88469,23698,501369,535501,719920,426192,610683,-184491,1736878,740830,996048,207250,970531,3322427,2026-09-22T22:40:37Z
2018-01-23,S&P 500 Consolidated - CHICAGO MERCANTILE EXCHANGE,122767,92787,29980,513260,550970,753197,480173,604182,-124009,1778863,725020,1053843,229548,1028566,3417469,2026-09-22T22:40:37Z
2018-01-30,S&P 500 Consolidated - CHICAGO MERCANTILE EXCHANGE,125846,87550,38296,502709,559161,755004,509045,536961,-27916,1684703,694580,990123,212367,1100636,3395965,2026-09-22T22:40:37Z
2018-02-06,S&P 500 Consolidated - CHICAGO MERCANTILE EXCHANGE,133168,96979,36189,491143,539013,764134,557318,487639,69679,1609828,720194,889634,262178,1128287,3428810,2026-09-22T22:40:37Z
2018-02-13,S&P 500 Consolidated - CHICAGO MERCANTILE EXCHANGE,118641,94110,24531,502197,536727,745984,470038,489119,-19081,1498752,722235,776517,279821,1060986,3341713,2026-09-22T22:40:37Z
2018-02-20,S&P 500 Consolidated - CHICAGO MERCANTILE EXCHANGE,109413,97005,12408,523120,542857,743270,418900,535965,-117065,1567355,696574,870781,319887,1053378,3327297,2026-09-22T22:40:37Z
2018-02-27,S&P 500 Consolidated - CHICAGO MERCANTILE EXCHANGE,108670,95319,13351,529530,549443,751478,412143,539154,-127011,1585511,677675,907836,305463,1076172,3331246,2026-09-22T22:40:37Z
2018-03-06,S&P 500 Consolidated - CHICAGO MERCANTILE EXCHANGE,103420,91611,11809,524413,546938,744178,444490,497652,-53162,1493745,692141,801604,313298,1052884,3320841,2026-09-22T22:40:37Z
2018-03-13,S&P 500 Consolidated - CHICAGO MERCANTILE EXCHANGE,111244,97327,13917,599586,617433,841393,460328,544039,-83711,1506889,674349,832540,328777,1026964,3763469,2026-09-22T22:40:37Z
2018-03-20,S&P 500 Consolidated - CHICAGO MERCANTILE EXCHANGE,95478,76949,18529,397729,428359,584448,333829,444749,-110920,1405269,658049,747220,145689,792152,2757489,2026-09-22T22:40:37Z
2018-03-27,S&P 500 Consolidated - CHICAGO MERCANTILE EXCHANGE,111689,69265,42424,418975,476863,645461,423760,403739,20021,1255548,682507,573041,180526,890947,2974542,2026-09-22T22:40:37Z
2018-04-03,S&P 500 Consolidated - CHICAGO MERCANTILE EXCHANGE,112247,69714,42533,428757,488892,672875,418351,422436,-4085,1234369,735246,499123,196977,870585,3052445,2026-09-22T22:40:37Z
2018-04-10,S&P 500 Consolidated - CHICAGO MERCANTILE EXCHANGE,110325,66808,43517,434629,492421,682253,396803,433942,-37139,1214577,654356,560221,192038,907318,3030240,2026-09-22T22:40:37Z
2018-04-17,S&P 500 Consolidated - CHICAGO MERCANTILE EXCHANGE,109511,64568,44943,431810,487252,679003,369858,429620,-59762,1303859,666036,637823,168543,947460,3007691,2026-09-22T22:40:37Z
2018-04-24,S&P 500 Consolidated - CHICAGO MERCANTILE EXCHANGE,115381,68905,46476,427710,491952,685976,425049,443465,-18416,1283288,666882,616406,163531,1024112,3040799,2026-09-22T22:40:37Z
2018-05-01,S&P 500 Consolidated - CHICAGO MERCANTILE EXCHANGE,115207,68775,46432,420804,485000,680823,448920,365350,83570,1233427,725442,507985,160111,1011908,2994612,2026-09-22T22:40:37Z
2018-05-08,S&P 500 Consolidated - CHICAGO MERCANTILE EXCHANGE,104503,70846,33657,437456,485395,696497,396094,400886,-4792,1222784,715674,507110,176446,953299,2989404,2026-09-22T22:40:37Z
2018-05-15,S&P 500 Consolidated - CHICAGO MERCANTILE EXCHANGE,104912,62727,42185,443893,500247,710995,401481,421080,-19599,1235608,735250,500358,171491,928399,3055622,2026-09-22T22:40:37Z
2018-05-22,S&P 500 Consolidated - CHICAGO MERCANTILE EXCHANGE,101720,62576,39144,461900,518895,731490,406479,427893,-21414,1264657,832685,431972,190587,896223,3128400,2026-09-22T22:40:37Z
2018-05-29,S&P 500 Consolidated - CHICAGO MERCANTILE EXCHANGE,99316,70677,28639,480964,527153,758381,405636,471071,-65435,1242910,857380,385530,212641,862294,3209503,2026-09-22T22:40:37Z
2018-06-05,S&P 500 Consolidated - CHICAGO MERCANTILE EXCHANGE,106347,64213,42134,480210,535498,764297,360139,445781,-85642,1269321,855048,414273,197310,860912,3242617,2026-09-22T22:40:37Z
2018-06-12,S&P 500 Consolidated - CHICAGO MERCANTILE EXCHANGE,110693,65988,44705,506804,566642,808289,371663,469107,-97444,1351669,852426,499243,166647,904216,3411142,2026-09-22T22:40:37Z
2018-06-19,S&P 500 Consolidated - CHICAGO MERCANTILE EXCHANGE,109423,68707,40716,380893,426110,584145,314219,412618,-98399,1449532,835902,613630,104211,587533,2679161,2026-09-22T22:40:37Z
2018-06-26,S&P 500 Consolidated - CHICAGO MERCANTILE EXCHANGE,117470,75472,41998,376523,424892,592189,335956,429691,-93735,1368518,866717,501801,115652,539489,2687018,2026-09-22T22:40:37Z
2018-07-03,S&P 500 Consolidated - CHICAGO MERCANTILE EXCHANGE,110650,73386,37264,378127,422493,591994,306650,398174,-91524,1353492,874842,478650,127526,546782,2677808,2026-09-22T22:40:37Z
2018-07-10,S&P 500 Consolidated - CHICAGO MERCANTILE EXCHANGE,111163,72581,38582,387822,427400,603377,310066,434216,-124150,1385362,855232,530130,129262,525465,2720946,2026-09-22T22:40:37Z
2018-07-17,S&P 500 Consolidated - CHICAGO MERCANTILE EXCHANGE,115053,72963,42090,392610,434071,617923,321909,472027,-150118,1383818,855920,527898,162110,512462,2777242,2026-09-22T22:40:37Z
2018-07-24,S&P 500 Consolidated - CHICAGO MERCANTILE EXCHANGE,110228,70292,39936,399514,443176,618863,337301,488085,-150784,1367045,852329,514716,183506,538163,2779106,2026-09-22T22:40:37Z
2018-07-31,S&P 500 Consolidated - CHICAGO MERCANTILE EXCHANGE,108399,72043,36356,398020,444088,615259,333057,427497,-94440,1343110,861946,481164,173958,556686,2762632,2026-09-22T22:40:37Z
2018-08-07,S&P 500 Consolidated - CHICAGO MERCANTILE EXCHANGE,109633,73229,36404,409378,450983,631017,339650,482248,-142598,1373200,860077,513123,192084,553619,2830470,2026-09-22T22:40:37Z
2018-08-14,S&P 500 Consolidated - CHICAGO MERCANTILE EXCHANGE,109110,70085,39025,407762,452242,628840,344881,471792,-126911,1340748,860389,480359,193120,555971,2819606,2026-09-22T22:40:37Z
2018-08-21,S&P 500 Consolidated - CHICAGO MERCANTILE EXCHANGE,104801,78574,26227,413630,446157,632271,340436,506464,-166028,1356441,861797,494644,207470,527857,2828985,2026-09-22T22:40:37Z
2018-08-28,S&P 500 Consolidated - CHICAGO MERCANTILE EXCHANGE,109212,76945,32267,419167,458147,646116,347694,519404,-171710,1401508,816791,584717,185637,589891,2876521,2026-09-22T22:40:37Z
2018-09-04,S&P 500 Consolidated - CHICAGO MERCANTILE EXCHANGE,109088,74611,34477,423317,468319,648498,295334,523408,-228074,1409846,774585,635261,209049,640511,2893316,2026-09-22T22:40:37Z
2018-09-11,S&P 500 Consolidated - CHICAGO MERCANTILE EXCHANGE,105418,79502,25916,428953,465356,653358,291099,513146,-222047,1400952,745039,655913,216435,684755,2918387,2026-09-22T22:40:37Z
2018-09-18,S&P 500 Consolidated - CHICAGO MERCANTILE EXCHANGE,105610,75488,30122,497257,535507,726708,243478,478012,-234534,1469812,749218,720594,214677,710525,3299237,2026-09-22T22:40:37Z
2018-09-25,S&P 500 Consolidated - CHICAGO MERCANTILE EXCHANGE,102290,62633,39657,391422,446257,579634,184271,431992,-247721,1539119,732786,806333,160453,717559,2732088,2026-09-22T22:40:37Z
2018-10-02,S&P 500 Consolidated - CHICAGO MERCANTILE EXCHANGE,106683,59448,47235,399342,456552,590542,198578,416117,-217539,1535399,732025,803374,168381,731908,2783452,2026-09-22T22:40:37Z
2018-10-09,S&P 500 Consolidated - CHICAGO MERCANTILE EXCHANGE,113016,59204,53812,405821,472190,611580,224310,391052,-166742,1450785,732574,718211,205746,738694,2840595,2026-09-22T22:40:37Z
2018-10-16,S&P 500 Consolidated - CHICAGO MERCANTILE EXCHANGE,103949,59744,44205,427847,484517,627161,304332,328781,-24449,1306676,788562,518114,250651,739109,2875182,2026-09-22T22:40:37Z
2018-10-23,S&P 500 Consolidated - CHICAGO MERCANTILE EXCHANGE,107270,58753,48517,434052,495563,634547,338497,400755,-62258,1233952,793784,440168,301279,722639,2919850,2026-09-22T22:40:37Z
2018-10-30,S&P 500 Consolidated - CHICAGO MERCANTILE EXCHANGE,112379,56965,55414,443319,515000,651135,381923,410941,-29018,1161987,802768,359219,305666,711526,2988190,2026-09-22T22:40:37Z
2018-11-06,S&P 500 Consolidated - CHICAGO MERCANTILE EXCHANGE,96904,55204,41700,451239,504650,642723,298629,406855,-108226,1209996,804548,405448,283076,647654,2940426,2026-09-22T22:40:37Z
2018-11-13,S&P 500 Consolidated - CHICAGO MERCANTILE EXCHANGE,98843,56358,42485,457063,509559,648679,285460,418415,-132955,1251085,775397,475688,289082,692722,2967052,2026-09-22T22:40:37Z
2018-11-20,S&P 500 Consolidated - CHICAGO MERCANTILE EXCHANGE,103368,54411,48957,463186,528318,668984,302245,378121,-75876,1227153,785100,442053,312210,784329,3049639,2026-09-22T22:40:37Z
2018-11-27,S&P 500 Consolidated - CHICAGO MERCANTILE EXCHANGE,97227,53045,44182,465516,524032,667115,328074,376861,-48787,1215873,769887,445986,311759,748550,3037661,2026-09-22T22:40:37Z
2018-12-04,S&P 500 Consolidated - CHICAGO MERCANTILE EXCHANGE,85683,60262,25421,484378,522764,681655,305182,417175,-111993,1213418,729758,483660,321787,729399,3072144,2026-09-22T22:40:37Z
2018-12-11,S&P 500 Consolidated - CHICAGO MERCANTILE EXCHANGE,90457,51467,38990,490802,543958,693855,359637,376565,-16928,1165132,785622,379510,344265,765417,3135184,2026-09-22T22:40:37Z
2018-12-18,S&P 500 Consolidated - CHICAGO MERCANTILE EXCHANGE,97530,50754,46776,484212,552074,709900,404687,356910,47777,1161761,787759,374002,323907,847353,3220465,2026-09-22T22:40:37Z
2018-12-24,S&P 500 Consolidated - CHICAGO MERCANTILE EXCHANGE,93092,55680,37412,395776,456903,588676,436477,287420,149057,1275156,738849,536307,190718,951184,2808490,2026-09-22T22:40:37Z
2018-12-31,S&P 500 Consolidated - CHICAGO MERCANTILE EXCHANGE,82493,48426,34067,386910,437898,575768,296016,285201,10815,1307877,678486,629391,183177,889633,2694884,2026-09-22T22:40:37Z
2019-01-08,S&P 500 Consolidated - CHICAGO MERCANTILE EXCHANGE,77947,47840,30107,385240,422951,573742,236322,292549,-56227,1317591,648060,669531,158947,825575,2628458,2026-09-22T22:40:37Z
2019-01-15,S&P 500 Consolidated - CHICAGO MERCANTILE EXCHANGE,77083,58845,18238,396276,418256,585987,219550,333977,-114427,1309964,648491,661473,194051,758701,2655210,2026-09-22T22:40:37Z
2019-01-22,S&P 500 Consolidated - CHICAGO MERCANTILE EXCHANGE,74669,64229,10440,400224,411373,595185,248348,390817,-142469,1284827,626521,658306,208806,724527,2676983,2026-09-22T22:40:37Z
2019-01-29,S&P 500 Consolidated - CHICAGO MERCANTILE EXCHANGE,75192,68555,6637,397508,407735,599443,282534,386884,-104350,1249671,605099,644572,217106,752287,2694025,2026-09-22T22:40:37Z
2019-02-05,S&P 500 Consolidated - CHICAGO MERCANTILE EXCHANGE,66660,82883,-16223,397726,382078,592490,237804,423181,-185377,1227930,618568,609362,231557,598044,2653040,2026-09-22T22:40:37Z
2019-02-12,S&P 500 Consolidated - CHICAGO MERCANTILE EXCHANGE,66222,81070,-14848,397651,377943,591539,207255,385705,-178450,1223186,652067,571119,244025,570328,2645788,2026-09-22T22:40:37Z
2019-02-19,S&P 500 Consolidated - CHICAGO MERCANTILE EXCHANGE,64215,81107,-16892,392106,372501,589295,202578,398879,-196301,1220037,663302,556735,251247,544878,2628240,2026-09-22T22:40:37Z
2019-02-26,S&P 500 Consolidated - CHICAGO MERCANTILE EXCHANGE,68637,77097,-8460,400435,391485,603122,205879,424348,-218469,1271900,622046,649854,227032,585757,2699419,2026-09-22T22:40:37Z
2019-03-05,S&P 500 Consolidated - CHICAGO MERCANTILE EXCHANGE,65931,79808,-13877,394522,377251,571144,231651,423779,-192128,1267188,609774,657414,249320,524131,2623571,2026-09-22T22:40:37Z
2019-03-12,S&P 500 Consolidated - CHICAGO MERCANTILE EXCHANGE,68217,76034,-7817,427056,416605,620260,215864,388143,-172279,1280253,609343,670910,232926,549265,2879657,2026-09-22T22:40:37Z
2019-03-19,S&P 500 Consolidated - CHICAGO MERCANTILE EXCHANGE,67024,72507,-5483,360190,355719,520024,196647,399911,-203264,1377648,626463,751185,225422,593294,2498540,2026-09-22T22:40:37Z
2019-03-26,S&P 500 Consolidated - CHICAGO MERCANTILE EXCHANGE,72848,64143,8705,358848,366913,526058,220875,363443,-142568,1344827,595376,749451,234958,619412,2504206,2026-09-22T22:40:37Z
2019-04-02,S&P 500 Consolidated - CHICAGO MERCANTILE EXCHANGE,74043,71488,2555,364476,368553,533116,213888,391808,-177920,1360005,599532,760473,258123,619386,2527763,2026-09-22T22:40:37Z
2019-04-09,S&P 500 Consolidated - CHICAGO MERCANTILE EXCHANGE,75554,72863,2691,371142,372856,540171,223731,412101,-188370,1360015,579678,780337,282494,645589,2558637,2026-09-22T22:40:37Z
2019-04-16,S&P 500 Consolidated - CHICAGO MERCANTILE EXCHANGE,81063,73673,7390,378756,388247,559143,237792,425806,-188014,1398971,578645,820326,274545,677146,2621649,2026-09-22T22:40:37Z
2019-04-23,S&P 500 Consolidated - CHICAGO MERCANTILE EXCHANGE,81479,75909,5570,389127,395353,575717,277345,410109,-132764,1396624,599768,796856,278574,692020,2682940,2026-09-22T22:40:37Z
2019-04-30,S&P 500 Consolidated - CHICAGO MERCANTILE EXCHANGE,81808,68310,13498,386863,403265,571216,261788,347531,-85743,1396753,607834,788919,258069,706919,2638914,2026-09-22T22:40:37Z
2019-05-07,S&P 500 Consolidated - CHICAGO MERCANTILE EXCHANGE,80318,63274,17044,388310,404644,568612,267684,332686,-65002,1363097,606365,756732,269057,670080,2642843,2026-09-22T22:40:37Z
2019-05-14,S&P 500 Consolidated - CHICAGO MERCANTILE EXCHANGE,83665,66175,17490,389417,409282,571543,260831,372226,-111395,1328718,619585,709133,264305,636211,2660327,2026-09-22T22:40:37Z
2019-05-21,S&P 500 Consolidated - CHICAGO MERCANTILE EXCHANGE,83278,66134,17144,389790,409401,571843,250653,374269,-123616,1325889,629536,696353,254614,594027,2653510,2026-09-22T22:40:37Z
2019-05-28,S&P 500 Consolidated - CHICAGO MERCANTILE EXCHANGE,82860,67715,15145,399474,415883,581858,275724,375607,-99883,1327864,643359,684505,250867,601784,2695841,2026-09-22T22:40:37Z
2019-06-04,S&P 500 Consolidated - CHICAGO MERCANTILE EXCHANGE,88943,71421,17522,407864,417036,581678,309488,378037,-68549,1349709,649626,700083,218625,582704,2714128,2026-09-22T22:40:37Z
2019-06-11,S&P 500 Consolidated - CHICAGO MERCANTILE EXCHANGE,85663,74112,11551,415662,425981,586932,225209,415710,-190501,1422136,634425,787711,226972,579688,2730040,2026-09-22T22:40:37Z
2019-06-18,S&P 500 Consolidated - CHICAGO MERCANTILE EXCHANGE,87078,76203,10875,456965,471887,663913,211185,432061,-220876,1426852,638227,788625,245736,560659,3066008,2026-09-22T22:40:37Z
2019-06-25,S&P 500 Consolidated - CHICAGO MERCANTILE EXCHANGE,81226,60896,20330,352573,375084,516250,154791,402835,-248044,1504974,594310,910664,181589,560508,2467541,2026-09-22T22:40:37Z
2019-07-02,S&P 500 Consolidated - CHICAGO MERCANTILE EXCHANGE,75330,64223,11107,370021,385538,532421,181371,430659,-249288,1502007,601101,900906,199410,569817,2545506,2026-09-22T22:40:37Z
2019-07-09,S&P 500 Consolidated - CHICAGO MERCANTILE EXCHANGE,71883,67379,4504,381203,389810,538672,165988,439264,-273276,1526024,618702,907322,197833,557961,2566398,2026-09-22T22:40:37Z
2019-07-16,S&P 500 Consolidated - CHICAGO MERCANTILE EXCHANGE,75401,68385,7016,392789,404630,556903,175453,446425,-270972,1569319,611584,957735,199583,610754,2641285,2026-09-22T22:40:37Z
2019-07-23,S&P 500 Consolidated - CHICAGO MERCANTILE EXCHANGE,73978,63367,10611,392213,407678,557604,188862,402643,-213781,1522933,627966,894967,207442,614157,2639816,2026-09-22T22:40:37Z
2019-07-30,S&P 500 Consolidated - CHICAGO MERCANTILE EXCHANGE,74104,62090,12014,392598,405389,558588,183033,402720,-219687,1514444,621668,892776,217744,602765,2641389,2026-09-22T22:40:37Z
2019-08-06,S&P 500 Consolidated - CHICAGO MERCANTILE EXCHANGE,76363,61454,14909,383364,394550,549032,176295,348678,-172383,1456252,682183,774069,217959,529620,2602448,2026-09-22T22:40:37Z
2019-08-13,S&P 500 Consolidated - CHICAGO MERCANTILE EXCHANGE,67423,67233,190,382351,385185,541120,125150,376611,-251461,1418872,673362,745510,232037,491152,2555212,2026-09-22T22:40:37Z
2019-08-20,S&P 500 Consolidated - CHICAGO MERCANTILE EXCHANGE,70679,60823,9856,380047,394416,546962,132157,341015,-208858,1396839,740261,656578,247978,497549,2576472,2026-09-22T22:40:37Z
2019-08-27,S&P 500 Consolidated - CHICAGO MERCANTILE EXCHANGE,73338,62547,10791,385079,393206,554812,134708,373167,-238459,1413221,711065,702156,247757,479411,2601022,2026-09-22T22:40:37Z
2019-09-03,S&P 500 Consolidated - CHICAGO MERCANTILE EXCHANGE,66895,67597,-702,389150,390744,561385,138775,413838,-275063,1398710,695156,703554,239488,445355,2619124,2026-09-22T22:40:37Z
2019-09-10,S&P 500 Consolidated - CHICAGO MERCANTILE EXCHANGE,68993,72673,-3680,409327,411208,582996,159922,446904,-286982,1425285,663845,761440,265542,509261,2733454,2026-09-22T22:40:37Z
2019-09-17,S&P 500 Consolidated - CHICAGO MERCANTILE EXCHANGE,72289,74631,-2342,438501,451348,632829,180831,422575,-241744,1377429,663096,714333,281616,539918,2967550,2026-09-22T22:40:37Z
2019-09-24,S&P 500 Consolidated - CHICAGO MERCANTILE EXCHANGE,67415,64502,2913,360079,369604,512020,145953,340491,-194538,1452385,637864,814521,194506,555224,2478195,2026-09-22T22:40:37Z
2019-10-01,S&P 500 Consolidated - CHICAGO MERCANTILE EXCHANGE,64259,63298,961,362395,373657,515140,146148,311572,-165424,1418996,652504,766492,205440,557940,2477294,2026-09-22T22:40:37Z
2019-10-08,S&P 500 Consolidated - CHICAGO MERCANTILE EXCHANGE,70085,61135,8950,360573,376069,517891,168068,297587,-129519,1361850,656190,705660,228773,584857,2491160,2026-09-22T22:40:37Z
2019-10-15,S&P 500 Consolidated - CHICAGO MERCANTILE EXCHANGE,72623,69164,3459,368487,378430,526647,165985,363899,-197914,1390991,632189,758802,242272,575789,2527826,2026-09-22T22:40:37Z
2019-10-22,S&P 500 Consolidated - CHICAGO MERCANTILE EXCHANGE,75352,69113,6239,370427,380493,527802,174099,388379,-214280,1398083,615143,782940,249403,551283,2533853,2026-09-22T22:40:37Z
2019-10-29,S&P 500 Consolidated - CHICAGO MERCANTILE EXCHANGE,78900,71835,7065,382717,396260,546562,182993,413741,-230748,1419546,583612,835934,267107,609849,2626285,2026-09-22T22:40:37Z
2019-11-05,S&P 500 Consolidated - CHICAGO MERCANTILE EXCHANGE,77928,74929,2999,398505,405444,558295,185344,464135,-278791,1421632,556650,864982,267680,621243,2677630,2026-09-22T22:40:37Z
2019-11-12,S&P 500 Consolidated - CHICAGO MERCANTILE EXCHANGE,78300,74564,3736,414971,422273,574424,183592,468230,-284638,1448889,530818,918071,271719,645446,2750302,2026-09-22T22:40:37Z
2019-11-19,S&P 500 Consolidated - CHICAGO MERCANTILE EXCHANGE,79312,78141,1171,418674,421473,585963,182996,473723,-290727,1440339,537669,902670,290650,687903,2794058,2026-09-22T22:40:37Z
2019-11-26,S&P 500 Consolidated - CHICAGO MERCANTILE EXCHANGE,84581,84577,4,430992,434933,605622,206491,505108,-298617,1447559,546078,901481,311121,738804,2887170,2026-09-22T22:40:37Z
2019-12-03,S&P 500 Consolidated - CHICAGO MERCANTILE EXCHANGE,76731,82681,-5950,439869,439506,606563,213452,441793,-228341,1423216,577580,845636,304660,760619,2893602,2026-09-22T22:40:37Z
2019-12-10,S&P 500 Consolidated - CHICAGO MERCANTILE EXCHANGE,76112,78191,-2079,453875,457074,622140,219011,450392,-231381,1428639,537059,891580,284277,773847,2963845,2026-09-22T22:40:37Z
2019-12-17,S&P 500 Consolidated - CHICAGO MERCANTILE EXCHANGE,80214,78385,1829,474885,497091,675130,302347,479155,-176808,1401876,527852,874024,249315,821663,3199738,2026-09-22T22:40:37Z
2019-12-24,S&P 500 Consolidated - CHICAGO MERCANTILE EXCHANGE,79420,73245,6175,400285,415816,556980,262305,471911,-209606,1542418,490988,1051430,248767,896238,2716155,2026-09-22T22:40:37Z
2019-12-31,S&P 500 Consolidated - CHICAGO MERCANTILE EXCHANGE,83186,73119,10067,401218,421508,566928,293349,482680,-189331,1518381,490510,1027871,215961,872769,2720284,2026-09-22T22:40:37Z
2020-01-07,S&P 500 Consolidated - CHICAGO MERCANTILE EXCHANGE,80900,75358,5542,404426,415691,567613,306634,496926,-190292,1517347,485703,1031644,211413,842691,2709583,2026-09-22T22:40:37Z
2020-01-14,S&P 500 Consolidated - CHICAGO MERCANTILE EXCHANGE,80255,71750,8505,406022,423618,568311,263419,499376,-235957,1564147,470129,1094018,167771,872490,2703002,2026-09-22T22:40:37Z
2020-01-21,S&P 500 Consolidated - CHICAGO MERCANTILE EXCHANGE,85531,80955,4576,416421,430884,587888,277495,535211,-257716,1581681,480609,1101072,184098,904477,2772927,2026-09-22T22:40:37Z
2020-01-28,S&P 500 Consolidated - CHICAGO MERCANTILE EXCHANGE,85798,78896,6902,413395,426045,583370,274379,503260,-228881,1539295,488504,1050791,190418,943378,2741743,2026-09-22T22:40:37Z
2020-02-04,S&P 500 Consolidated - CHICAGO MERCANTILE EXCHANGE,86416,76177,10239,401478,418317,575449,260162,479644,-219482,1517375,459615,1057760,164104,948131,2697443,2026-09-22T22:40:37Z
2020-02-11,S&P 500 Consolidated - CHICAGO MERCANTILE EXCHANGE,89949,80335,9614,416705,432255,596376,264185,547817,-283632,1544700,442721,1101979,177530,946960,2779131,2026-09-22T22:40:37Z
2020-02-18,S&P 500 Consolidated - CHICAGO MERCANTILE EXCHANGE,94305,84465,9840,422704,438885,607316,273619,515497,-241878,1562309,438228,1124081,181626,963824,2839347,2026-09-22T22:40:37Z
2020-02-25,S&P 500 Consolidated - CHICAGO MERCANTILE EXCHANGE,89674,75831,13843,420099,443231,617822,285840,409533,-123693,1411587,525241,886346,198123,939528,2843780,2026-09-22T22:40:37Z
2020-03-03,S&P 500 Consolidated - CHICAGO MERCANTILE EXCHANGE,76985,74574,2411,464114,471406,687840,334113,465209,-131096,1318103,661002,657101,188475,879287,3065867,2026-09-22T22:40:37Z
2020-03-10,S&P 500 Consolidated - CHICAGO MERCANTILE EXCHANGE,77985,75781,2204,535129,529102,783449,305518,491967,-186449,1433750,884310,549440,195412,809728,3438566,2026-09-22T22:40:37Z
2020-03-17,S&P 500 Consolidated - CHICAGO MERCANTILE EXCHANGE,88601,76675,11926,685745,693788,1024737,400187,476113,-75926,1370154,1026196,343958,162337,960991,4554164,2026-09-22T22:40:37Z
2020-03-24,S&P 500 Consolidated - CHICAGO MERCANTILE EXCHANGE,76862,73854,3008,512553,512431,695310,361870,365316,-3446,1441228,1099884,341344,351959,774663,3320161,2026-09-22T22:40:37Z
2020-03-31,S&P 500 Consolidated - CHICAGO MERCANTILE EXCHANGE,82475,84607,-2132,536224,517075,754083,354469,479889,-125420,1529456,1048017,481439,397718,675098,3439568,2026-09-22T22:40:37Z
2020-04-07,S&P 500 Consolidated - CHICAGO MERCANTILE EXCHANGE,76897,92562,-15665,547209,513726,772134,312571,485395,-172824,1486473,1032204,454269,383390,715087,3447518,2026-09-22T22:40:37Z
2020-04-14,S&P 500 Consolidated - CHICAGO MERCANTILE EXCHANGE,75295,104271,-28976,548212,496262,777289,287721,569891,-282170,1508605,924687,583918,418224,718069,3434258,2026-09-22T22:40:37Z
2020-04-21,S&P 500 Consolidated - CHICAGO MERCANTILE EXCHANGE,74034,97092,-23058,540663,498148,774339,294012,535648,-241636,1507159,943918,563241,401714,729038,3389559,2026-09-22T22:40:37Z
2020-04-28,S&P 500 Consolidated - CHICAGO MERCANTILE EXCHANGE,71848,105672,-33824,528590,475188,764991,253125,582793,-329668,1499016,907358,591658,417028,702781,3327759,2026-09-22T22:40:37Z
2020-05-05,S&P 500 Consolidated - CHICAGO MERCANTILE EXCHANGE,66525,98988,-32463,528507,471826,750913,251820,553833,-302013,1400529,908003,492526,440028,615275,3245239,2026-09-22T22:40:37Z
2020-05-12,S&P 500 Consolidated - CHICAGO MERCANTILE EXCHANGE,62090,93931,-31841,525575,468094,753246,232814,562765,-329951,1414353,893063,521290,427354,593592,3249482,2026-09-22T22:40:37Z
2020-05-19,S&P 500 Consolidated - CHICAGO MERCANTILE EXCHANGE,63991,98845,-34854,517938,462279,748020,229026,589463,-360437,1374697,893916,480781,463955,584375,3213651,2026-09-22T22:40:37Z
2020-05-26,S&P 500 Consolidated - CHICAGO MERCANTILE EXCHANGE,65913,105198,-39285,514540,455046,748823,225742,643345,-417603,1371252,827548,543704,459750,591596,3202921,2026-09-22T22:40:37Z
2020-06-02,S&P 500 Consolidated - CHICAGO MERCANTILE EXCHANGE,72765,105925,-33160,512878,460327,750830,270802,663270,-392468,1320597,800737,519860,463404,574165,3215453,2026-09-22T22:40:37Z
2020-06-09,S&P 500 Consolidated - CHICAGO MERCANTILE EXCHANGE,74970,105326,-30356,523104,480002,766888,264043,681847,-417804,1316286,725957,590329,427661,580063,3277813,2026-09-22T22:40:37Z
2020-06-16,S&P 500 Consolidated - CHICAGO MERCANTILE EXCHANGE,69438,114765,-45327,555399,500827,812088,243226,695761,-452535,1294196,777280,516916,412860,547316,3493739,2026-09-22T22:40:37Z
2020-06-23,S&P 500 Consolidated - CHICAGO MERCANTILE EXCHANGE,66603,86019,-19416,396083,363930,520654,160539,512239,-351700,1268366,819360,449006,439860,213328,2603271,2026-09-22T22:40:37Z
2020-06-30,S&P 500 Consolidated - CHICAGO MERCANTILE EXCHANGE,73550,86397,-12847,398546,374131,538487,216237,488616,-272379,1223366,827548,395818,448959,248171,2647722,2026-09-22T22:40:37Z
2020-07-07,S&P 500 Consolidated - CHICAGO MERCANTILE EXCHANGE,73098,80874,-7776,393705,373090,533758,203666,493233,-289567,1222614,787029,435585,442943,237872,2618026,2026-09-22T22:40:37Z
2020-07-14,S&P 500 Consolidated - CHICAGO MERCANTILE EXCHANGE,76053,81762,-5709,393165,374709,536906,202015,519510,-317495,1235179,744900,490279,438090,243407,2625841,2026-09-22T22:40:37Z
2020-07-21,S&P 500 Consolidated - CHICAGO MERCANTILE EXCHANGE,75175,82396,-7221,394949,378036,542138,212907,528760,-315853,1218305,717834,500471,450838,267596,2633214,2026-09-22T22:40:37Z
2020-07-28,S&P 500 Consolidated - CHICAGO MERCANTILE EXCHANGE,75311,79481,-4170,398712,384105,551791,222251,486895,-264644,1263948,719014,544934,432297,334308,2647149,2026-09-22T22:40:37Z
2020-08-04,S&P 500 Consolidated - CHICAGO MERCANTILE EXCHANGE,79250,85736,-6486,400108,385390,559277,197891,546627,-348736,1299522,687399,612123,472256,323783,2676398,2026-09-22T22:40:37Z
2020-08-11,S&P 500 Consolidated - CHICAGO MERCANTILE EXCHANGE,78319,84754,-6435,403103,386282,566508,205671,568985,-363314,1306921,636272,670649,471730,344419,2694088,2026-09-22T22:40:37Z
2020-08-18,S&P 500 Consolidated - CHICAGO MERCANTILE EXCHANGE,83642,88160,-4518,402919,392919,574834,210803,556752,-345949,1314513,635477,679036,472044,368077,2729290,2026-09-22T22:40:37Z
2020-08-25,S&P 500 Consolidated - CHICAGO MERCANTILE EXCHANGE,81957,92090,-10133,410901,391954,579474,208466,578966,-370500,1342049,628437,713612,472159,369064,2746170,2026-09-22T22:40:37Z
2020-09-01,S&P 500 Consolidated - CHICAGO MERCANTILE EXCHANGE,87974,88205,-231,413850,404137,590438,243353,585855,-342502,1313111,626797,686314,474197,369383,2789621,2026-09-22T22:40:37Z
2020-09-08,S&P 500 Consolidated - CHICAGO MERCANTILE EXCHANGE,82885,74749,8136,404358,400149,577671,245682,492367,-246685,1245754,632981,612773,428161,373455,2706399,2026-09-22T22:40:37Z
2020-09-15,S&P 500 Consolidated - CHICAGO MERCANTILE EXCHANGE,79455,73380,6075,436485,442161,620388,217721,472605,-254884,1263830,639449,624381,361346,390073,2908148,2026-09-22T22:40:37Z
2020-09-22,S&P 500 Consolidated - CHICAGO MERCANTILE EXCHANGE,69926,59734,10192,369163,376393,502173,175699,338079,-162380,1317683,660553,657130,296783,522852,2472951,2026-09-22T22:40:37Z
2020-09-29,S&P 500 Consolidated - CHICAGO MERCANTILE EXCHANGE,75232,60600,14632,365996,379896,502009,187153,349892,-162739,1264926,673779,591147,293201,505763,2473492,2026-09-22T22:40:37Z
2020-10-06,S&P 500 Consolidated - CHICAGO MERCANTILE EXCHANGE,79725,63868,15857,357776,369259,507185,207968,381676,-173708,1218974,631800,587174,299115,479773,2476190,2026-09-22T22:40:37Z
2020-10-13,S&P 500 Consolidated - CHICAGO MERCANTILE EXCHANGE,76154,65504,10650,359424,368067,509854,183408,427655,-244247,1240089,574053,666036,286829,479450,2471530,2026-09-22T22:40:37Z
2020-10-20,S&P 500 Consolidated - CHICAGO MERCANTILE EXCHANGE,78290,67406,10884,354801,366225,503160,198620,389239,-190619,1226270,593464,632806,271396,490806,2435244,2026-09-22T22:40:37Z
2020-10-27,S&P 500 Consolidated - CHICAGO MERCANTILE EXCHANGE,86027,62497,23530,349762,371525,500239,216641,373307,-156666,1192114,587201,604913,261632,499933,2436946,2026-09-22T22:40:37Z
2020-11-03,S&P 500 Consolidated - CHICAGO MERCANTILE EXCHANGE,75714,59120,16594,356862,372084,496324,206359,368107,-161748,1168391,612368,556023,272168,484214,2410740,2026-09-22T22:40:37Z
2020-11-10,S&P 500 Consolidated - CHICAGO MERCANTILE EXCHANGE,75963,60448,15515,364024,382100,517065,216135,376397,-160262,1189251,554724,634527,276671,501008,2460742,2026-09-22T22:40:37Z
2020-11-17,S&P 500 Consolidated - CHICAGO MERCANTILE EXCHANGE,79023,66263,12760,372350,389377,534823,248976,395663,-146687,1206610,551377,655233,281086,519485,2534850,2026-09-22T22:40:37Z
2020-11-24,S&P 500 Consolidated - CHICAGO MERCANTILE EXCHANGE,72682,72479,203,377702,381983,538369,266062,435824,-169762,1228469,538062,690407,283063,506171,2549321,2026-09-22T22:40:37Z
2020-12-01,S&P 500 Consolidated - CHICAGO MERCANTILE EXCHANGE,72558,73394,-836,392360,395297,556009,284173,437700,-153527,1238745,535888,702857,307174,557779,2617521,2026-09-22T22:40:37Z
2020-12-08,S&P 500 Consolidated - CHICAGO MERCANTILE EXCHANGE,74932,79021,-4089,406955,407359,578100,293328,462970,-169642,1276667,524444,752223,312947,583491,2715113,2026-09-22T22:40:37Z
2020-12-15,S&P 500 Consolidated - CHICAGO MERCANTILE EXCHANGE,74197,78575,-4378,450274,452079,637832,296704,426674,-129970,1282792,533536,749256,331611,627361,2999769,2026-09-22T22:40:37Z
2020-12-21,S&P 500 Consolidated - CHICAGO MERCANTILE EXCHANGE,66638,71549,-4911,370121,371537,495182,237456,386563,-149107,1288749,535164,753585,256868,665558,2475909,2026-09-22T22:40:37Z
2020-12-29,S&P 500 Consolidated - CHICAGO MERCANTILE EXCHANGE,68924,77759,-8835,373394,371911,506564,241881,412303,-170422,1298684,526947,771737,250433,659109,2498905,2026-09-22T22:40:37Z
2021-01-05,S&P 500 Consolidated - CHICAGO MERCANTILE EXCHANGE,67750,78490,-10740,384003,385588,523123,245863,426881,-181018,1322332,535710,786622,283967,662213,2553480,2026-09-22T22:40:37Z
2021-01-12,S&P 500 Consolidated - CHICAGO MERCANTILE EXCHANGE,71702,75603,-3901,388348,391745,531665,258506,448414,-189908,1312800,500375,812425,293805,692350,2578114,2026-09-22T22:40:37Z
2021-01-19,S&P 500 Consolidated - CHICAGO MERCANTILE EXCHANGE,75532,73814,1718,387514,397419,535228,242735,443832,-201097,1343369,502797,840572,301708,709432,2599308,2026-09-22T22:40:37Z
2021-01-26,S&P 500 Consolidated - CHICAGO MERCANTILE EXCHANGE,74484,77412,-2928,398244,400190,539902,243704,479657,-235953,1315434,478931,836503,344395,725435,2617305,2026-09-22T22:40:37Z
2021-02-02,S&P 500 Consolidated - CHICAGO MERCANTILE EXCHANGE,71435,77717,-6282,401994,404427,550121,292211,482745,-190534,1249502,496886,752616,356531,732551,2640747,2026-09-22T22:40:37Z
2021-02-09,S&P 500 Consolidated - CHICAGO MERCANTILE EXCHANGE,68281,79914,-11633,403003,396214,547257,274612,505404,-230792,1240845,439998,800847,356256,731663,2619444,2026-09-22T22:40:37Z
2021-02-16,S&P 500 Consolidated - CHICAGO MERCANTILE EXCHANGE,68357,81513,-13156,404516,398322,552371,266222,554525,-288303,1254389,438037,816352,368183,721706,2636295,2026-09-22T22:40:37Z
2021-02-23,S&P 500 Consolidated - CHICAGO MERCANTILE EXCHANGE,70638,73035,-2397,406513,410282,556649,297495,508200,-210705,1256538,452333,804205,343571,759019,2652739,2026-09-22T22:40:37Z
2021-03-02,S&P 500 Consolidated - CHICAGO MERCANTILE EXCHANGE,77157,69518,7639,413525,431016,584840,335891,474606,-138715,1174255,469174,705081,440137,767786,2767213,2026-09-22T22:40:37Z
2021-03-09,S&P 500 Consolidated - CHICAGO MERCANTILE EXCHANGE,78080,72055,6025,419563,433563,585629,339896,441778,-101882,1156115,490936,665179,409075,776210,2779898,2026-09-22T22:40:37Z
2021-03-16,S&P 500 Consolidated - CHICAGO MERCANTILE EXCHANGE,74511,71937,2574,468792,480160,643898,320554,464110,-143556,1142219,475718,666501,427946,764491,3063652,2026-09-22T22:40:37Z
2021-03-23,S&P 500 Consolidated - CHICAGO MERCANTILE EXCHANGE,60998,66659,-5661,384090,389148,508037,192804,394314,-201510,1203859,467462,736397,387462,792241,2540184,2026-09-22T22:40:37Z
2021-03-30,S&P 500 Consolidated - CHICAGO MERCANTILE EXCHANGE,61730,67115,-5385,393077,392014,529023,212212,411336,-199124,1219957,450893,769064,362268,804160,2564664,2026-09-22T22:40:37Z
2021-04-06,S&P 500 Consolidated - CHICAGO MERCANTILE EXCHANGE,66477,72628,-6151,395575,392067,549444,218144,473375,-255231,1249028,448369,800659,358483,792366,2611712,2026-09-22T22:40:37Z
2021-04-13,S&P 500 Consolidated - CHICAGO MERCANTILE EXCHANGE,67046,72813,-5767,400381,397553,560636,228802,497708,-268906,1258255,438714,819541,332091,779866,2643642,2026-09-22T22:40:37Z
2021-04-20,S&P 500 Consolidated - CHICAGO MERCANTILE EXCHANGE,68475,73684,-5209,403075,402627,569824,256439,504265,-247826,1274122,436408,837714,311936,805574,2687111,2026-09-22T22:40:37Z
2021-04-27,S&P 500 Consolidated - CHICAGO MERCANTILE EXCHANGE,71967,66614,5353,399144,407701,581117,279827,526946,-247119,1274414,431985,842429,302202,798307,2713231,2026-09-22T22:40:37Z
2021-05-04,S&P 500 Consolidated - CHICAGO MERCANTILE EXCHANGE,67680,67488,192,408587,414284,578570,257981,515537,-257556,1305694,421614,884080,295058,802854,2705647,2026-09-22T22:40:37Z
2021-05-11,S&P 500 Consolidated - CHICAGO MERCANTILE EXCHANGE,67445,62886,4559,400231,413505,568597,257697,482204,-224507,1285071,420491,864580,261189,804315,2655280,2026-09-22T22:40:37Z
2021-05-18,S&P 500 Consolidated - CHICAGO MERCANTILE EXCHANGE,70055,63171,6884,385284,403387,561295,246059,449680,-203621,1259677,425601,834076,229992,797864,2619960,2026-09-22T22:40:37Z
2021-05-25,S&P 500 Consolidated - CHICAGO MERCANTILE EXCHANGE,75932,65998,9934,396276,414502,588098,272273,454978,-182705,1287071,437097,849974,234200,829727,2735735,2026-09-22T22:40:37Z
2021-06-01,S&P 500 Consolidated - CHICAGO MERCANTILE EXCHANGE,78536,66544,11992,400132,421687,594184,268600,475974,-207374,1271270,413491,857779,246286,830130,2767524,2026-09-22T22:40:37Z
2021-06-08,S&P 500 Consolidated - CHICAGO MERCANTILE EXCHANGE,77843,62073,15770,405693,428644,606772,263107,450630,-187523,1294141,422438,871703,238327,839222,2816156,2026-09-22T22:40:37Z
2021-06-15,S&P 500 Consolidated - CHICAGO MERCANTILE EXCHANGE,79776,64706,15070,450732,475032,666519,246619,481488,-234869,1362911,407605,955306,225593,863151,3117658,2026-09-22T22:40:37Z
2021-06-22,S&P 500 Consolidated - CHICAGO MERCANTILE EXCHANGE,71475,61456,10019,377507,393940,519840,179131,350369,-171238,1378019,409803,968216,167287,783343,2563884,2026-09-22T22:40:37Z
2021-06-29,S&P 500 Consolidated - CHICAGO MERCANTILE EXCHANGE,75214,64894,10320,376407,391339,526777,198058,387468,-189410,1351124,384470,966654,170643,776853,2571895,2026-09-22T22:40:37Z
2021-07-06,S&P 500 Consolidated - CHICAGO MERCANTILE EXCHANGE,78739,66107,12632,380078,397109,535166,220190,400789,-180599,1358115,396744,961371,185849,765094,2610712,2026-09-22T22:40:37Z
2021-07-13,S&P 500 Consolidated - CHICAGO MERCANTILE EXCHANGE,81398,65090,16308,380437,399095,543030,204857,402191,-197334,1362434,394279,968155,191149,777468,2632508,2026-09-22T22:40:37Z
2021-07-20,S&P 500 Consolidated - CHICAGO MERCANTILE EXCHANGE,79924,68886,11038,388722,400946,551237,225371,402272,-176901,1359510,414934,944576,198458,803461,2667977,2026-09-22T22:40:37Z
2021-07-27,S&P 500 Consolidated - CHICAGO MERCANTILE EXCHANGE,81145,67760,13385,379600,396193,560457,219666,422226,-202560,1316776,401316,915460,187902,787024,2666461,2026-09-22T22:40:37Z
2021-08-03,S&P 500 Consolidated - CHICAGO MERCANTILE EXCHANGE,83032,67716,15316,379850,399480,568882,244024,448067,-204043,1303027,399084,903943,183041,773260,2697035,2026-09-22T22:40:37Z
2021-08-10,S&P 500 Consolidated - CHICAGO MERCANTILE EXCHANGE,81431,68402,13029,379985,395570,573185,260306,464354,-204048,1298531,379006,919525,180630,770872,2696698,2026-09-22T22:40:37Z
2021-08-17,S&P 500 Consolidated - CHICAGO MERCANTILE EXCHANGE,75567,64424,11143,386818,399212,581375,266557,440831,-174274,1300871,395939,904932,185738,782366,2716225,2026-09-22T22:40:37Z
2021-08-24,S&P 500 Consolidated - CHICAGO MERCANTILE EXCHANGE,77966,64447,13519,385377,399657,592348,282755,460629,-177874,1283238,402455,880783,200174,785466,2744903,2026-09-22T22:40:37Z
2021-08-31,S&P 500 Consolidated - CHICAGO MERCANTILE EXCHANGE,68990,62984,6006,399278,406479,601293,253029,448469,-195440,1289604,382878,906726,207557,815826,2776075,2026-09-22T22:40:37Z
2021-09-07,S&P 500 Consolidated - CHICAGO MERCANTILE EXCHANGE,71398,68583,2815,404665,410413,611152,286800,446517,-159717,1289224,371919,917305,215914,844424,2827555,2026-09-22T22:40:37Z
2021-09-14,S&P 500 Consolidated - CHICAGO MERCANTILE EXCHANGE,72391,64726,7665,427136,442696,655925,281141,415947,-134806,1238104,374581,863523,210741,832832,3051765,2026-09-22T22:40:37Z
2021-09-21,S&P 500 Consolidated - CHICAGO MERCANTILE EXCHANGE,75027,65064,9963,347579,368969,490636,194699,320543,-125844,1240435,384361,856074,184740,739102,2453181,2026-09-22T22:40:37Z
2021-09-28,S&P 500 Consolidated - CHICAGO MERCANTILE EXCHANGE,76499,61868,14631,348232,368654,491475,247202,290929,-43727,1191633,373072,818561,185610,735196,2457374,2026-09-22T22:40:37Z
2021-10-05,S&P 500 Consolidated - CHICAGO MERCANTILE EXCHANGE,73946,59389,14557,348965,368346,487471,250996,293198,-42202,1190268,395587,794681,194844,726445,2437353,2026-09-22T22:40:37Z
2021-10-12,S&P 500 Consolidated - CHICAGO MERCANTILE EXCHANGE,75980,56224,19756,340808,367441,480633,257068,278775,-21707,1145000,407518,737482,198188,718233,2403163,2026-09-22T22:40:37Z
2021-10-19,S&P 500 Consolidated - CHICAGO MERCANTILE EXCHANGE,70031,56507,13524,343730,360785,477317,228208,322517,-94309,1172961,385652,787309,199882,652173,2386587,2026-09-22T22:40:37Z
2021-10-26,S&P 500 Consolidated - CHICAGO MERCANTILE EXCHANGE,70534,51237,19297,342382,367690,480961,233968,304844,-70876,1166126,366871,799255,192437,681455,2404805,2026-09-22T22:40:37Z
2021-11-02,S&P 500 Consolidated - CHICAGO MERCANTILE EXCHANGE,74143,49043,25100,343417,376241,486386,259326,297185,-37859,1146988,384268,762720,177051,665270,2431931,2026-09-22T22:40:37Z
2021-11-09,S&P 500 Consolidated - CHICAGO MERCANTILE EXCHANGE,77478,57966,19512,341241,368625,487561,266727,303703,-36976,1141080,388517,752563,182620,653254,2437804,2026-09-22T22:40:37Z
2021-11-16,S&P 500 Consolidated - CHICAGO MERCANTILE EXCHANGE,77657,55427,22230,343331,373396,490979,248795,292057,-43262,1150240,375607,774633,185979,669385,2454894,2026-09-22T22:40:37Z
2021-11-23,S&P 500 Consolidated - CHICAGO MERCANTILE EXCHANGE,75503,50740,24763,344663,374573,491063,258272,260805,-2533,1148213,377561,770652,176951,673469,2455317,2026-09-22T22:40:37Z
2021-11-30,S&P 500 Consolidated - CHICAGO MERCANTILE EXCHANGE,85140,49195,35945,345829,384366,502143,318071,259949,58122,1110644,428935,681709,182159,660182,2510714,2026-09-22T22:40:37Z
2021-12-07,S&P 500 Consolidated - CHICAGO MERCANTILE EXCHANGE,87588,54509,33079,346949,383534,502877,287566,270655,16911,1084845,435905,648940,197495,661790,2514383,2026-09-22T22:40:37Z
2021-12-14,S&P 500 Consolidated - CHICAGO MERCANTILE EXCHANGE,88284,54729,33555,361666,402373,550927,310403,265714,44689,1052735,467989,584746,212712,661763,2754633,2026-09-22T22:40:37Z
2021-12-21,S&P 500 Consolidated - CHICAGO MERCANTILE EXCHANGE,82869,55593,27276,307607,343044,452425,262131,272596,-10465,1088429,420111,668318,166051,652338,2262123,2026-09-22T22:40:37Z
2021-12-28,S&P 500 Consolidated - CHICAGO MERCANTILE EXCHANGE,80723,60064,20659,316531,344086,457570,255067,352334,-97267,1116367,380274,736093,163720,618302,2287852,2026-09-22T22:40:37Z
2022-01-04,S&P 500 Consolidated - CHICAGO MERCANTILE EXCHANGE,81541,59735,21806,315568,346039,459458,266454,365329,-98875,1114652,382967,731685,152625,607993,2297290,2026-09-22T22:40:37Z
2022-01-11,S&P 500 Consolidated - CHICAGO MERCANTILE EXCHANGE,77945,62464,15481,314238,341009,456734,254075,311842,-57767,1118110,388888,729222,155977,644571,2283672,2026-09-22T22:40:37Z
2022-01-18,S&P 500 Consolidated - CHICAGO MERCANTILE EXCHANGE,81674,56628,25046,311618,349319,461996,272641,285631,-12990,1102099,378578,723521,139396,688591,2309982,2026-09-22T22:40:37Z
2022-01-25,S&P 500 Consolidated - CHICAGO MERCANTILE EXCHANGE,92496,47126,45370,316254,374081,475771,353909,246760,107149,1088298,440193,648105,132274,746648,2378857,2026-09-22T22:40:37Z
2022-02-01,S&P 500 Consolidated - CHICAGO MERCANTILE EXCHANGE,80698,48948,31750,311544,350852,456794,298553,249724,48829,1069891,435602,634289,140243,654696,2283969,2026-09-22T22:40:37Z
2022-02-08,S&P 500 Consolidated - CHICAGO MERCANTILE EXCHANGE,78331,42814,35517,305275,345368,445982,282160,223618,58542,1020324,461827,558497,157790,617855,2229911,2026-09-22T22:40:37Z
2022-02-15,S&P 500 Consolidated - CHICAGO MERCANTILE EXCHANGE,86292,47268,39024,305039,346163,454053,292399,261871,30528,993607,476417,517190,173053,581509,2270263,2026-09-22T22:40:37Z
2022-02-22,S&P 500 Consolidated - CHICAGO MERCANTILE EXCHANGE,92253,44964,47289,318727,366635,474833,324127,250709,73418,1012399,514919,497480,193729,626093,2374165,2026-09-22T22:40:37Z
2022-03-01,S&P 500 Consolidated - CHICAGO MERCANTILE EXCHANGE,86433,54229,32204,328889,359860,477498,299237,323083,-23846,998880,535235,463645,228560,519918,2387492,2026-09-22T22:40:37Z
2022-03-08,S&P 500 Consolidated - CHICAGO MERCANTILE EXCHANGE,79736,54206,25530,344107,368243,487109,302670,286728,15942,979233,561305,417928,229009,521238,2435543,2026-09-22T22:40:37Z
2022-03-15,S&P 500 Consolidated - CHICAGO MERCANTILE EXCHANGE,75700,55260,20440,363716,386093,516552,285855,332775,-46920,1017466,575918,441548,204651,462146,2582759,2026-09-22T22:40:37Z
2022-03-22,S&P 500 Consolidated - CHICAGO MERCANTILE EXCHANGE,56830,67664,-10834,305773,294666,422337,111850,382143,-270293,1028804,513826,514978,233069,322953,2111687,2026-09-22T22:40:37Z
2022-03-29,S&P 500 Consolidated - CHICAGO MERCANTILE EXCHANGE,57387,67558,-10171,308367,296703,424010,128026,410434,-282408,1019960,459989,559971,230111,319669,2120049,2026-09-22T22:40:37Z
2022-04-05,S&P 500 Consolidated - CHICAGO MERCANTILE EXCHANGE,58837,65169,-6332,303690,299681,424471,136114,384877,-248763,980029,446512,533517,237976,355645,2122357,2026-09-22T22:40:37Z
2022-04-12,S&P 500 Consolidated - CHICAGO MERCANTILE EXCHANGE,62851,50258,12593,307681,320711,431393,184626,285385,-100759,976986,499007,477979,240472,434180,2156967,2026-09-22T22:40:37Z
2022-04-19,S&P 500 Consolidated - CHICAGO MERCANTILE EXCHANGE,62984,49298,13686,307608,320797,431759,190909,307392,-116483,970632,497439,473193,238535,396459,2158797,2026-09-22T22:40:37Z
2022-04-26,S&P 500 Consolidated - CHICAGO MERCANTILE EXCHANGE,72520,47970,24550,303028,328198,438339,249349,256069,-6720,935308,575386,359922,229678,413339,2191696,2026-09-22T22:40:37Z
2022-05-03,S&P 500 Consolidated - CHICAGO MERCANTILE EXCHANGE,72190,61748,10442,308604,320363,441735,261137,344638,-83501,958101,592155,365946,223101,328059,2208674,2026-09-22T22:40:37Z
2022-05-10,S&P 500 Consolidated - CHICAGO MERCANTILE EXCHANGE,76798,52443,24355,309973,333335,452391,291368,300020,-8652,943043,665870,277173,212762,338423,2261956,2026-09-22T22:40:37Z
2022-05-17,S&P 500 Consolidated - CHICAGO MERCANTILE EXCHANGE,70332,57002,13330,319712,330245,450422,248298,345821,-97523,980008,672524,307484,231875,321870,2252109,2026-09-22T22:40:37Z
2022-05-24,S&P 500 Consolidated - CHICAGO MERCANTILE EXCHANGE,70330,60552,9778,322699,328463,452434,231340,377709,-146369,978878,688062,290816,247249,329769,2262171,2026-09-22T22:40:37Z
2022-05-31,S&P 500 Consolidated - CHICAGO MERCANTILE EXCHANGE,65396,61014,4382,327558,327011,452093,193420,396842,-203422,996987,642368,354619,262785,348939,2260467,2026-09-22T22:40:37Z
2022-06-07,S&P 500 Consolidated - CHICAGO MERCANTILE EXCHANGE,64064,67469,-3405,329703,319331,453484,189532,420870,-231338,985567,644186,341381,287134,315193,2267420,2026-09-22T22:40:37Z
2022-06-14,S&P 500 Consolidated - CHICAGO MERCANTILE EXCHANGE,75593,68738,6855,365777,371550,530880,247872,423784,-175912,960036,753513,206523,309350,301208,2654399,2026-09-22T22:40:37Z
2022-06-21,S&P 500 Consolidated - CHICAGO MERCANTILE EXCHANGE,54726,77590,-22864,342611,313771,452401,172515,377351,-204836,1018213,830078,188135,328158,237730,2262004,2026-09-22T22:40:37Z
2022-06-28,S&P 500 Consolidated - CHICAGO MERCANTILE EXCHANGE,49663,77508,-27845,345238,311557,449754,145132,410697,-265565,1006685,811666,195019,360614,232033,2248771,2026-09-22T22:40:37Z
2022-07-05,S&P 500 Consolidated - CHICAGO MERCANTILE EXCHANGE,47474,84210,-36736,358209,313884,461848,141214,459190,-317976,1023704,818113,205591,382059,245706,2309241,2026-09-22T22:40:37Z
2022-07-12,S&P 500 Consolidated - CHICAGO MERCANTILE EXCHANGE,44915,88021,-43106,360458,310920,463516,127280,496796,-369516,1035288,812128,223160,394275,222909,2317580,2026-09-22T22:40:37Z
2022-07-19,S&P 500 Consolidated - CHICAGO MERCANTILE EXCHANGE,50077,91707,-41630,358549,305280,467064,136670,562238,-425568,1029332,781804,247528,429395,187901,2335319,2026-09-22T22:40:37Z
2022-07-26,S&P 500 Consolidated - CHICAGO MERCANTILE EXCHANGE,48128,95655,-47527,359033,301015,464565,118127,572470,-454343,1038190,742516,295674,434469,221636,2322824,2026-09-22T22:40:37Z
2022-08-02,S&P 500 Consolidated - CHICAGO MERCANTILE EXCHANGE,47519,93896,-46377,357351,298724,462133,127898,633855,-505957,1011090,690176,320914,465729,179637,2310665,2026-09-22T22:40:37Z
2022-08-09,S&P 500 Consolidated - CHICAGO MERCANTILE EXCHANGE,45413,94265,-48852,357060,294611,459878,127542,631142,-503600,964535,668616,295919,503699,163809,2299388,2026-09-22T22:40:37Z
2022-08-16,S&P 500 Consolidated - CHICAGO MERCANTILE EXCHANGE,45474,103071,-57597,365220,294377,469245,125609,724278,-598669,988150,612060,376090,538487,168060,2346224,2026-09-22T22:40:37Z
2022-08-23,S&P 500 Consolidated - CHICAGO MERCANTILE EXCHANGE,45263,97718,-52455,362348,296665,465908,136398,650096,-513698,952143,613795,338348,535603,202587,2329538,2026-09-22T22:40:37Z
2022-08-30,S&P 500 Consolidated - CHICAGO MERCANTILE EXCHANGE,48131,96057,-47926,360154,297791,465991,134543,625350,-490807,956695,630013,326682,531604,214696,2329953,2026-09-22T22:40:37Z
2022-09-06,S&P 500 Consolidated - CHICAGO MERCANTILE EXCHANGE,45275,93019,-47744,357842,297586,462858,132145,584714,-452569,932416,661072,271344,529639,191570,2314290,2026-09-22T22:40:37Z
2022-09-13,S&P 500 Consolidated - CHICAGO MERCANTILE EXCHANGE,46959,103160,-56201,397277,323220,520609,117486,642840,-525354,937649,624171,313478,548735,156360,2603046,2026-09-22T22:40:37Z
2022-09-20,S&P 500 Consolidated - CHICAGO MERCANTILE EXCHANGE,44232,88122,-43890,336388,273649,428204,113078,459724,-346646,914534,630587,283947,455248,219551,2141022,2026-09-22T22:40:37Z
2022-09-27,S&P 500 Consolidated - CHICAGO MERCANTILE EXCHANGE,52559,82600,-30041,343514,296921,446776,163675,450511,-286836,903403,685284,218119,456660,270540,2233878,2026-09-22T22:40:37Z
2022-10-04,S&P 500 Consolidated - CHICAGO MERCANTILE EXCHANGE,45134,86994,-41860,346476,297047,452257,137578,478052,-340474,911427,713995,197432,459557,267926,2261285,2026-09-22T22:40:37Z
2022-10-11,S&P 500 Consolidated - CHICAGO MERCANTILE EXCHANGE,50342,83154,-32812,345720,306674,455559,150575,497560,-346985,907565,727377,180188,463492,255396,2277794,2026-09-22T22:40:37Z
2022-10-18,S&P 500 Consolidated - CHICAGO MERCANTILE EXCHANGE,48130,92770,-44640,358913,307190,467313,154213,567495,-413282,932671,709308,223363,479679,253393,2336566,2026-09-22T22:40:37Z
2022-10-25,S&P 500 Consolidated - CHICAGO MERCANTILE EXCHANGE,48163,91984,-43821,361153,311623,472365,153107,598944,-445837,944683,665069,279614,475857,281597,2361824,2026-09-22T22:40:37Z
2022-11-01,S&P 500 Consolidated - CHICAGO MERCANTILE EXCHANGE,55684,90696,-35012,349418,309950,467342,160373,556267,-395894,937799,616967,320832,423340,367613,2336711,2026-09-22T22:40:37Z
2022-11-08,S&P 500 Consolidated - CHICAGO MERCANTILE EXCHANGE,52708,88120,-35412,346942,307295,463779,165888,557992,-392104,925395,602586,322809,416671,351350,2318895,2026-09-22T22:40:37Z
2022-11-15,S&P 500 Consolidated - CHICAGO MERCANTILE EXCHANGE,51593,92122,-40529,351219,310592,468702,152873,624147,-471274,943995,518947,425048,408394,376245,2343509,2026-09-22T22:40:37Z
2022-11-22,S&P 500 Consolidated - CHICAGO MERCANTILE EXCHANGE,48941,87239,-38298,345287,306250,460815,137283,573270,-435987,953471,498798,454673,382469,400361,2304077,2026-09-22T22:40:37Z
2022-11-29,S&P 500 Consolidated - CHICAGO MERCANTILE EXCHANGE,48690,89525,-40835,348139,307802,462905,141995,561335,-419340,982623,500695,481928,387087,449072,2314527,2026-09-22T22:40:37Z
2022-12-06,S&P 500 Consolidated - CHICAGO MERCANTILE EXCHANGE,46183,86927,-40744,345693,306369,457538,121180,552547,-431367,949311,485563,463748,389653,418607,2287691,2026-09-22T22:40:37Z
2022-12-13,S&P 500 Consolidated - CHICAGO MERCANTILE EXCHANGE,45301,91326,-46025,363384,320839,495428,111051,587581,-476530,960181,472024,488157,367698,377170,2477140,2026-09-22T22:40:37Z
2022-12-20,S&P 500 Consolidated - CHICAGO MERCANTILE EXCHANGE,49728,81679,-31951,292304,260160,397369,160644,379132,-218488,960291,516312,443979,180422,372964,1986847,2026-09-22T22:40:37Z
2022-12-27,S&P 500 Consolidated - CHICAGO MERCANTILE EXCHANGE,48995,83851,-34856,289456,253659,392262,142921,389695,-246774,954670,508391,446279,192605,348359,1961310,2026-09-22T22:40:37Z
2023-01-03,S&P 500 Consolidated - CHICAGO MERCANTILE EXCHANGE,52252,85712,-33460,294962,261652,402199,155431,431645,-276214,944237,507776,436461,215840,331274,2010996,2026-09-22T22:40:37Z
2023-01-10,S&P 500 Consolidated - CHICAGO MERCANTILE EXCHANGE,48701,91335,-42634,302587,262000,406513,150277,465602,-315325,948612,485521,463091,242102,356212,2032566,2026-09-22T22:40:37Z
2023-01-17,S&P 500 Consolidated - CHICAGO MERCANTILE EXCHANGE,52067,97431,-45364,303624,257392,411294,140680,526923,-386243,973948,444676,529272,264856,374186,2056472,2026-09-22T22:40:37Z
2023-01-24,S&P 500 Consolidated - CHICAGO MERCANTILE EXCHANGE,50095,91893,-41798,297126,256573,404887,141156,516329,-375173,957411,426159,531252,239531,362472,2024437,2026-09-22T22:40:37Z
2023-01-31,S&P 500 Consolidated - CHICAGO MERCANTILE EXCHANGE,50688,95139,-44451,303814,256857,412284,144395,540657,-396262,949084,375133,573951,254127,395107,2061419,2026-09-22T22:40:37Z
2023-02-07,S&P 500 Consolidated - CHICAGO MERCANTILE EXCHANGE,49623,93132,-43509,302763,259787,410617,137027,529353,-392326,943852,380377,563475,271202,404295,2053086,2026-09-22T22:40:37Z
2023-02-14,S&P 500 Consolidated - CHICAGO MERCANTILE EXCHANGE,48455,97746,-49291,305776,255549,415269,129049,542436,-413387,957350,392416,564934,288669,381794,2076347,2026-09-22T22:40:37Z
2023-02-21,S&P 500 Consolidated - CHICAGO MERCANTILE EXCHANGE,46362,93220,-46858,308505,260274,414897,143931,498746,-354815,957697,412608,545089,283507,385229,2074486,2026-09-22T22:40:37Z
2023-02-28,S&P 500 Consolidated - CHICAGO MERCANTILE EXCHANGE,49591,86369,-36778,313251,276277,422632,168441,467359,-298918,956015,457970,498045,301559,408946,2113159,2026-09-22T22:40:37Z
2023-03-07,S&P 500 Consolidated - CHICAGO MERCANTILE EXCHANGE,45660,87557,-41897,324462,276926,426634,148976,453166,-304190,959636,437632,522004,305715,381938,2133169,2026-09-22T22:40:37Z
2023-03-14,S&P 500 Consolidated - CHICAGO MERCANTILE EXCHANGE,46660,70624,-23964,374017,337377,510197,151693,403962,-252269,972082,480887,491195,300672,366592,2550984,2026-09-22T22:40:37Z
2023-03-21,S&P 500 Consolidated - CHICAGO MERCANTILE EXCHANGE,40625,81121,-40496,336264,282973,429801,81745,543444,-461699,978935,502773,476162,442055,300594,2149005,2026-09-22T22:40:37Z
2023-03-28,S&P 500 Consolidated - CHICAGO MERCANTILE EXCHANGE,39894,84826,-44932,334761,280566,428446,87408,537831,-450423,950025,520869,429156,462636,276404,2142232,2026-09-22T22:40:37Z
2023-04-04,S&P 500 Consolidated - CHICAGO MERCANTILE EXCHANGE,32753,97045,-64292,338081,281787,443902,92516,658328,-565812,932491,440912,491579,478459,303116,2219512,2026-09-22T22:40:37Z
2023-04-11,S&P 500 Consolidated - CHICAGO MERCANTILE EXCHANGE,41401,102924,-61523,349976,281573,449694,119080,649998,-530918,973635,438455,535180,478369,313635,2248469,2026-09-22T22:40:37Z
2023-04-18,S&P 500 Consolidated - CHICAGO MERCANTILE EXCHANGE,40912,109763,-68851,352872,280906,455664,119603,666899,-547296,1026352,434887,591465,445296,321508,2278321,2026-09-22T22:40:37Z
2023-04-25,S&P 500 Consolidated - CHICAGO MERCANTILE EXCHANGE,41467,114120,-72653,349486,272158,453159,142442,617508,-475066,1029554,445080,584474,408670,350193,2265794,2026-09-22T22:40:37Z
2023-05-02,S&P 500 Consolidated - CHICAGO MERCANTILE EXCHANGE,204931,547791,-342860,1761417,1378981,2304633,134979,602843,-467864,1024702,431620,593082,432791,353084,2276183,2026-09-22T22:40:37Z
2023-05-09,S&P 500 Consolidated - CHICAGO MERCANTILE EXCHANGE,200323,564600,-364277,1777969,1379176,2325459,138545,651848,-513303,1022048,425230,596818,436822,340581,2296259,2026-09-22T22:40:37Z
2023-05-16,S&P 500 Consolidated - CHICAGO MERCANTILE EXCHANGE,195781,570426,-374645,1798805,1382757,2339836,127634,628910,-501276,1044159,431121,613038,443410,361216,2306298,2026-09-22T22:40:37Z
2023-05-23,S&P 500 Consolidated - CHICAGO MERCANTILE EXCHANGE,189899,578429,-388530,1882185,1460658,2420808,164886,682787,-517901,1050328,422716,627612,491690,437143,2385936,2026-09-22T22:40:37Z
2023-05-30,S&P 500 Consolidated - CHICAGO MERCANTILE EXCHANGE,178251,596043,-417792,1982320,1547296,2533871,185941,716664,-530723,1044448,416552,627896,567073,492056,2494943,2026-09-22T22:40:37Z
2023-06-06,S&P 500 Consolidated - CHICAGO MERCANTILE EXCHANGE,246110,571756,-325646,1917778,1567072,2544164,181871,758002,-576131,1049792,383666,666126,566116,485212,2500232,2026-09-22T22:40:37Z
2023-06-13,S&P 500 Consolidated - CHICAGO MERCANTILE EXCHANGE,247813,553488,-305675,2152639,1845404,2956473,173084,711649,-538565,1096444,332825,763619,525580,534204,2907468,2026-09-22T22:40:37Z
2023-06-20,S&P 500 Consolidated - CHICAGO MERCANTILE EXCHANGE,211190,449838,-238648,1719676,1469013,2233907,126222,506645,-380423,1117899,319369,798530,345269,563833,2223815,2026-09-22T22:40:37Z
2023-06-27,S&P 500 Consolidated - CHICAGO MERCANTILE EXCHANGE,223806,428829,-205023,1677597,1471574,2200098,136200,451823,-315623,1092669,338708,753961,323107,636229,2187114,2026-09-22T22:40:37Z
2023-07-03,S&P 500 Consolidated - CHICAGO MERCANTILE EXCHANGE,224667,425609,-200942,1690980,1484025,2227564,169420,462060,-292640,1092895,315838,777057,307806,644452,2211004,2026-09-22T22:40:37Z
2023-07-11,S&P 500 Consolidated - CHICAGO MERCANTILE EXCHANGE,226193,426919,-200726,1686533,1483062,2228090,173135,480271,-307136,1083884,323761,760123,310465,647837,2209607,2026-09-22T22:40:37Z
2023-07-18,S&P 500 Consolidated - CHICAGO MERCANTILE EXCHANGE,235764,489720,-253956,1732381,1494841,2301847,174266,559419,-385153,1123247,303460,819787,314119,675945,2280677,2026-09-22T22:40:37Z
2023-07-25,S&P 500 Consolidated - CHICAGO MERCANTILE EXCHANGE,237756,462026,-224270,1696551,1478348,2265346,157662,560994,-403332,1122082,319776,802306,297103,643503,2243361,2026-09-22T22:40:37Z
2023-08-01,S&P 500 Consolidated - CHICAGO MERCANTILE EXCHANGE,235390,424874,-189484,1689086,1502120,2263529,147697,530202,-382505,1124571,304219,820352,308191,672712,2241749,2026-09-22T22:40:37Z
2023-08-08,S&P 500 Consolidated - CHICAGO MERCANTILE EXCHANGE,241035,390106,-149071,1656812,1515942,2245745,171013,498539,-327526,1093720,319370,774350,314024,690521,2221709,2026-09-22T22:40:37Z
2023-08-15,S&P 500 Consolidated - CHICAGO MERCANTILE EXCHANGE,260808,366991,-106183,1637065,1540288,2246098,146415,442447,-296032,1103269,323742,779527,312841,705619,2220084,2026-09-22T22:40:37Z
2023-08-22,S&P 500 Consolidated - CHICAGO MERCANTILE EXCHANGE,237362,363660,-126298,1670937,1568891,2253916,120216,452038,-331822,1108490,353508,754982,313195,704606,2232226,2026-09-22T22:40:37Z
2023-08-29,S&P 500 Consolidated - CHICAGO MERCANTILE EXCHANGE,260017,392610,-132593,1693667,1568506,2291670,138068,491791,-353723,1094797,339390,755407,330693,700108,2267572,2026-09-22T22:40:37Z
2023-09-05,S&P 500 Consolidated - CHICAGO MERCANTILE EXCHANGE,243424,377940,-134516,1695916,1572027,2284667,126248,461550,-335302,1107940,327801,780139,323519,721271,2259160,2026-09-22T22:40:37Z
2023-09-12,S&P 500 Consolidated - CHICAGO MERCANTILE EXCHANGE,280602,381625,-101023,1823590,1736525,2547762,176348,426460,-250112,1098908,317610,781298,278270,753555,2520164,2026-09-22T22:40:37Z
2023-09-19,S&P 500 Consolidated - CHICAGO MERCANTILE EXCHANGE,201587,341997,-140410,1601273,1475726,2107388,98445,418743,-320298,1165542,301861,863681,250328,690924,2097946,2026-09-22T22:40:37Z
2023-09-26,S&P 500 Consolidated - CHICAGO MERCANTILE EXCHANGE,261738,352906,-91168,1561943,1496369,2150244,154815,438427,-283612,1104973,345475,759498,254675,692069,2137648,2026-09-22T22:40:37Z
2023-10-03,S&P 500 Consolidated - CHICAGO MERCANTILE EXCHANGE,233248,310336,-77088,1584086,1537950,2151506,136277,399246,-262969,1074903,378766,696137,249209,687290,2138034,2026-09-22T22:40:37Z
2023-10-10,S&P 500 Consolidated - CHICAGO MERCANTILE EXCHANGE,204465,302465,-98000,1561159,1491385,2088321,116734,401557,-284823,1068283,401361,666922,256966,607897,2073930,2026-09-22T22:40:37Z
2023-10-17,S&P 500 Consolidated - CHICAGO MERCANTILE EXCHANGE,216659,286555,-69896,1583039,1538679,2128482,119552,380190,-260638,1078968,406798,672170,266853,625759,2112419,2026-09-22T22:40:37Z
2023-10-24,S&P 500 Consolidated - CHICAGO MERCANTILE EXCHANGE,273974,272557,1417,1564930,1598676,2176852,167078,362922,-195844,1064135,453421,610714,252603,646579,2158452,2026-09-22T22:40:37Z
2023-10-31,S&P 500 Consolidated - CHICAGO MERCANTILE EXCHANGE,274518,277967,-3449,1568983,1602380,2193182,153257,384410,-231153,1072921,468725,604196,247609,652081,2174689,2026-09-22T22:40:37Z
2023-11-07,S&P 500 Consolidated - CHICAGO MERCANTILE EXCHANGE,264335,322488,-58153,1598198,1561900,2194624,172654,445499,-272845,1089848,420130,669718,251150,647684,2177947,2026-09-22T22:40:37Z
2023-11-14,S&P 500 Consolidated - CHICAGO MERCANTILE EXCHANGE,269036,325701,-56665,1596319,1584100,2208240,180185,471217,-291032,1085968,388978,696990,261903,675210,2192899,2026-09-22T22:40:37Z
2023-11-21,S&P 500 Consolidated - CHICAGO MERCANTILE EXCHANGE,247084,330984,-83900,1667729,1632855,2255516,164024,475070,-311046,1131708,373285,758423,288288,717964,2240214,2026-09-22T22:40:37Z
2023-11-28,S&P 500 Consolidated - CHICAGO MERCANTILE EXCHANGE,275445,344353,-68908,1673758,1650983,2295420,174618,493262,-318644,1158760,367503,791257,277160,709009,2279894,2026-09-22T22:40:37Z
2023-12-05,S&P 500 Consolidated - CHICAGO MERCANTILE EXCHANGE,259495,308789,-49294,1708661,1707995,2330556,160354,513778,-353424,1162337,346619,815718,295918,754635,2314400,2026-09-22T22:40:37Z
2023-12-12,S&P 500 Consolidated - CHICAGO MERCANTILE EXCHANGE,256558,316779,-60221,1891039,1868344,2690306,186308,552599,-366291,1149493,324579,824914,348874,782317,2670454,2026-09-22T22:40:37Z
2023-12-19,S&P 500 Consolidated - CHICAGO MERCANTILE EXCHANGE,247784,443785,-196001,1611053,1486057,2167112,156388,463920,-307532,1175882,293512,882370,245994,790896,2156203,2026-09-22T22:40:37Z
2023-12-26,S&P 500 Consolidated - CHICAGO MERCANTILE EXCHANGE,250264,443991,-193727,1603647,1481609,2166788,146137,501132,-354995,1153609,275236,878373,272763,815340,2155313,2026-09-22T22:40:37Z
2024-01-02,S&P 500 Consolidated - CHICAGO MERCANTILE EXCHANGE,256848,469903,-213055,1653372,1525786,2234726,148510,538311,-389801,1218405,263482,954923,256034,848860,2221215,2026-09-22T22:40:37Z
2024-01-09,S&P 500 Consolidated - CHICAGO MERCANTILE EXCHANGE,277818,390124,-112306,1604472,1587089,2225245,157671,470186,-312515,1194090,266029,928061,213291,897201,2209328,2026-09-22T22:40:37Z
2024-01-16,S&P 500 Consolidated - CHICAGO MERCANTILE EXCHANGE,262747,427168,-164421,1634436,1530264,2233526,152279,450958,-298679,1189628,262325,927303,218844,855548,2217057,2026-09-22T22:40:37Z
2024-01-23,S&P 500 Consolidated - CHICAGO MERCANTILE EXCHANGE,281523,467423,-185900,1685280,1572743,2287411,178471,571094,-392623,1190608,278354,912254,248373,837700,2271312,2026-09-22T22:40:37Z
2024-01-30,S&P 500 Consolidated - CHICAGO MERCANTILE EXCHANGE,285710,509741,-224031,1718887,1573561,2326056,175813,605349,-429536,1210061,240569,969492,260951,870023,2308955,2026-09-22T22:40:37Z
2024-02-06,S&P 500 Consolidated - CHICAGO MERCANTILE EXCHANGE,278111,509973,-231862,1724628,1561498,2313768,164837,575928,-411091,1179498,263480,916018,288314,858314,2297385,2026-09-22T22:40:37Z
2024-02-13,S&P 500 Consolidated - CHICAGO MERCANTILE EXCHANGE,292810,506021,-213211,1740517,1587584,2355646,178596,558063,-379467,1181559,243719,937840,298695,870703,2338964,2026-09-22T22:40:37Z
2024-02-20,S&P 500 Consolidated - CHICAGO MERCANTILE EXCHANGE,272294,487983,-215689,1724786,1581587,2341883,150382,567646,-417264,1177894,232595,945299,295614,853963,2322953,2026-09-22T22:40:37Z
2024-02-27,S&P 500 Consolidated - CHICAGO MERCANTILE EXCHANGE,296322,516194,-219872,1719287,1577873,2365269,167174,601419,-434245,1174746,234504,940242,267234,841648,2344340,2026-09-22T22:40:37Z
2024-03-05,S&P 500 Consolidated - CHICAGO MERCANTILE EXCHANGE,284325,483294,-198969,1744733,1624632,2401166,182711,589572,-406861,1156741,238575,918166,289467,828615,2377697,2026-09-22T22:40:37Z
2024-03-12,S&P 500 Consolidated - CHICAGO MERCANTILE EXCHANGE,280782,508622,-227840,1915219,1773573,2704540,154540,648540,-494000,1145027,231230,913797,284186,779707,2678339,2026-09-22T22:40:37Z
2024-03-19,S&P 500 Consolidated - CHICAGO MERCANTILE EXCHANGE,259421,446927,-187506,1542079,1433474,2111429,113148,546018,-432870,1165042,218214,946828,196084,819167,2094749,2026-09-22T22:40:37Z
2024-03-26,S&P 500 Consolidated - CHICAGO MERCANTILE EXCHANGE,296934,460192,-163258,1506596,1432340,2128826,116925,573436,-456511,1162684,210053,952631,211484,806878,2110848,2026-09-22T22:40:37Z
2024-04-02,S&P 500 Consolidated - CHICAGO MERCANTILE EXCHANGE,291608,360964,-69356,1479820,1501509,2110281,150124,518587,-368463,1138129,203752,934377,188005,849698,2089222,2026-09-22T22:40:37Z
2024-04-09,S&P 500 Consolidated - CHICAGO MERCANTILE EXCHANGE,286456,337968,-51512,1482175,1524427,2115693,152287,493260,-340973,1141909,197268,944641,161022,887885,2091937,2026-09-22T22:40:37Z
2024-04-16,S&P 500 Consolidated - CHICAGO MERCANTILE EXCHANGE,359023,276745,82278,1409806,1594944,2124352,211967,412895,-200928,1085440,222416,863024,146338,872199,2100522,2026-09-22T22:40:37Z
2024-04-23,S&P 500 Consolidated - CHICAGO MERCANTILE EXCHANGE,329860,253148,76712,1405678,1593977,2092629,185147,391469,-206322,1086022,244299,841723,162109,858760,2067890,2026-09-22T22:40:37Z
2024-04-30,S&P 500 Consolidated - CHICAGO MERCANTILE EXCHANGE,282529,231851,50678,1396319,1544777,2031800,157811,353701,-195890,1066751,241903,824848,146558,829750,2006204,2026-09-22T22:40:37Z
2024-05-07,S&P 500 Consolidated - CHICAGO MERCANTILE EXCHANGE,264704,265202,-498,1440537,1534764,2056976,161878,422128,-260250,1074219,211639,862580,167861,816977,2030975,2026-09-22T22:40:37Z
2024-05-14,S&P 500 Consolidated - CHICAGO MERCANTILE EXCHANGE,271442,287961,-16519,1481845,1553464,2107573,159771,452247,-292476,1107260,188008,919252,177385,850102,2081097,2026-09-22T22:40:37Z
2024-05-21,S&P 500 Consolidated - CHICAGO MERCANTILE EXCHANGE,302783,316553,-13770,1505752,1596649,2176057,167055,501133,-334078,1127637,184268,943369,195342,887089,2148201,2026-09-22T22:40:37Z
2024-05-28,S&P 500 Consolidated - CHICAGO MERCANTILE EXCHANGE,329454,323261,6193,1507973,1612387,2207528,174279,513883,-339604,1140477,165954,974523,199243,898246,2179731,2026-09-22T22:40:37Z
2024-06-04,S&P 500 Consolidated - CHICAGO MERCANTILE EXCHANGE,264295,317484,-53189,1537832,1585502,2189450,157597,503013,-345416,1119331,164941,954390,210965,926436,2160026,2026-09-22T22:40:37Z
2024-06-11,S&P 500 Consolidated - CHICAGO MERCANTILE EXCHANGE,269161,366965,-97804,1610027,1622069,2296554,154329,521859,-367530,1135746,164601,971145,231106,955992,2266096,2026-09-22T22:40:37Z
2024-06-18,S&P 500 Consolidated - CHICAGO MERCANTILE EXCHANGE,314948,414841,-99893,1862807,1853347,2626904,168003,539413,-371410,1144786,177331,967455,210410,927467,2595590,2026-09-22T22:40:37Z
2024-06-25,S&P 500 Consolidated - CHICAGO MERCANTILE EXCHANGE,270812,336917,-66105,1403560,1448090,1986672,135213,423985,-288772,1146091,172192,973899,126570,923272,1976080,2026-09-22T22:40:37Z
2024-07-02,S&P 500 Consolidated - CHICAGO MERCANTILE EXCHANGE,317247,329859,-12612,1413128,1509964,2047732,173915,450216,-276301,1136711,188435,948276,129826,931143,2037086,2026-09-22T22:40:37Z
2024-07-09,S&P 500 Consolidated - CHICAGO MERCANTILE EXCHANGE,309131,364840,-55709,1436809,1478709,2059456,155049,480232,-325183,1163857,186438,977419,131237,902238,2048220,2026-09-22T22:40:37Z
2024-07-16,S&P 500 Consolidated - CHICAGO MERCANTILE EXCHANGE,332812,400884,-68072,1452266,1487669,2102256,177191,529434,-352243,1177042,174861,1002181,126979,897195,2090007,2026-09-22T22:40:37Z
2024-07-23,S&P 500 Consolidated - CHICAGO MERCANTILE EXCHANGE,335324,351418,-16094,1421641,1514783,2058317,195258,470113,-274855,1165558,170416,995142,131603,915346,2047183,2026-09-22T22:40:37Z
2024-07-30,S&P 500 Consolidated - CHICAGO MERCANTILE EXCHANGE,332421,324682,7739,1408787,1530247,2058295,203139,447356,-244217,1146058,199239,946819,132078,909312,2046205,2026-09-22T22:40:37Z
2024-08-06,S&P 500 Consolidated - CHICAGO MERCANTILE EXCHANGE,324949,297009,27940,1410615,1526473,2037394,225589,435348,-209759,1108272,220191,888081,140461,892116,2025834,2026-09-22T22:40:37Z
2024-08-13,S&P 500 Consolidated - CHICAGO MERCANTILE EXCHANGE,283430,312693,-29263,1444766,1489058,2046062,175193,451647,-276454,1132115,183179,948936,152829,875051,2033008,2026-09-22T22:40:37Z
2024-08-20,S&P 500 Consolidated - CHICAGO MERCANTILE EXCHANGE,277239,369397,-92158,1441968,1443203,2066099,184653,535744,-351091,1129086,161677,967409,150826,859317,2050976,2026-09-22T22:40:37Z
2024-08-27,S&P 500 Consolidated - CHICAGO MERCANTILE EXCHANGE,301079,390612,-89533,1445547,1471628,2113787,209321,548147,-338826,1146987,165064,981923,142487,898957,2098974,2026-09-22T22:40:37Z
2024-09-03,S&P 500 Consolidated - CHICAGO MERCANTILE EXCHANGE,321006,375827,-54821,1454547,1499887,2120935,225996,493248,-267252,1156406,168065,988341,148419,933443,2106791,2026-09-22T22:40:37Z
2024-09-10,S&P 500 Consolidated - CHICAGO MERCANTILE EXCHANGE,336030,401324,-65294,1473582,1485450,2169815,233991,485535,-251544,1157978,175669,982309,150948,928670,2156591,2026-09-22T22:40:37Z
2024-09-17,S&P 500 Consolidated - CHICAGO MERCANTILE EXCHANGE,299991,428078,-128087,1864823,1823850,2597333,194486,545872,-351386,1179532,160997,1018535,152092,882970,2579860,2026-09-22T22:40:37Z
2024-09-24,S&P 500 Consolidated - CHICAGO MERCANTILE EXCHANGE,290716,326849,-36133,1466815,1524345,2055631,167513,486967,-319454,1216873,149049,1067824,116627,975008,2046032,2026-09-22T22:40:37Z
2024-10-01,S&P 500 Consolidated - CHICAGO MERCANTILE EXCHANGE,310790,302790,8000,1488154,1580377,2092048,175187,475181,-299994,1215690,164290,1051400,126130,1017988,2081475,2026-09-22T22:40:37Z
2024-10-08,S&P 500 Consolidated - CHICAGO MERCANTILE EXCHANGE,322859,327691,-4832,1517097,1602311,2144160,173118,499791,-326673,1207128,161707,1045421,136710,1023511,2132773,2026-09-22T22:40:37Z
2024-10-15,S&P 500 Consolidated - CHICAGO MERCANTILE EXCHANGE,352206,321528,30678,1524500,1653022,2199693,186075,501843,-315768,1221646,163930,1057716,137383,1059063,2185413,2026-09-22T22:40:37Z
2024-10-22,S&P 500 Consolidated - CHICAGO MERCANTILE EXCHANGE,360183,335020,25163,1516634,1632724,2201296,199958,496199,-296241,1233980,165838,1068142,124673,1055780,2186686,2026-09-22T22:40:37Z
2024-10-29,S&P 500 Consolidated - CHICAGO MERCANTILE EXCHANGE,367843,299479,68364,1478676,1655226,2184936,187456,476709,-289253,1218086,170397,1047689,119238,1058556,2168363,2026-09-22T22:40:37Z
2024-11-05,S&P 500 Consolidated - CHICAGO MERCANTILE EXCHANGE,376962,256381,120581,1450470,1682523,2158810,235998,425357,-189359,1173222,178345,994877,127431,1077791,2140451,2026-09-22T22:40:37Z
2024-11-12,S&P 500 Consolidated - CHICAGO MERCANTILE EXCHANGE,362908,329249,33659,1543090,1702688,2255574,217011,491324,-274313,1241473,160663,1080810,134953,1101387,2235256,2026-09-22T22:40:37Z
2024-11-19,S&P 500 Consolidated - CHICAGO MERCANTILE EXCHANGE,350116,307665,42451,1560143,1741184,2280743,229882,481413,-251531,1246776,165238,1081538,125923,1101261,2259351,2026-09-22T22:40:37Z
2024-11-26,S&P 500 Consolidated - CHICAGO MERCANTILE EXCHANGE,272149,342508,-70359,1630229,1702843,2295861,163155,468078,-304923,1264907,162449,1102458,148406,1067482,2272398,2026-09-22T22:40:37Z
2024-12-03,S&P 500 Consolidated - CHICAGO MERCANTILE EXCHANGE,262910,362521,-99611,1650019,1687970,2303238,156702,516114,-359412,1257050,160575,1096475,155611,1035019,2279466,2026-09-22T22:40:37Z
2024-12-10,S&P 500 Consolidated - CHICAGO MERCANTILE EXCHANGE,290379,364495,-74116,1657996,1723367,2349247,186941,483593,-296652,1248282,158849,1089433,155433,1057246,2324611,2026-09-22T22:40:37Z
2024-12-17,S&P 500 Consolidated - CHICAGO MERCANTILE EXCHANGE,319777,348339,-28562,1797010,1913439,2623934,210885,467052,-256167,1215101,174189,1040912,147793,1085773,2596020,2026-09-22T22:40:37Z
2024-12-24,S&P 500 Consolidated - CHICAGO MERCANTILE EXCHANGE,275235,339731,-64496,1493336,1554278,2092944,157001,488704,-331703,1190771,149687,1041084,133229,956733,2083230,2026-09-22T22:40:37Z
2024-12-31,S&P 500 Consolidated - CHICAGO MERCANTILE EXCHANGE,260872,318123,-57251,1477183,1557507,2069072,151407,476014,-324607,1157524,173461,984063,146816,957802,2058648,2026-09-22T22:40:37Z
2025-01-07,S&P 500 Consolidated - CHICAGO MERCANTILE EXCHANGE,264084,327621,-63537,1488507,1543329,2081903,151126,489620,-338494,1155929,164208,991721,139721,941253,2069259,2026-09-22T22:40:37Z
2025-01-14,S&P 500 Consolidated - CHICAGO MERCANTILE EXCHANGE,256396,289250,-32854,1466301,1549180,2057030,151543,448908,-297365,1113230,187638,925592,136950,927968,2044090,2026-09-22T22:40:37Z
2025-01-21,S&P 500 Consolidated - CHICAGO MERCANTILE EXCHANGE,262139,340136,-77997,1456724,1514620,2048587,138324,525999,-387675,1113434,180701,932733,148421,911235,2036469,2026-09-22T22:40:37Z
2025-01-28,S&P 500 Consolidated - CHICAGO MERCANTILE EXCHANGE,249000,306901,-57901,1446447,1524089,2046711,123096,519754,-396658,1134997,170433,964564,141742,900312,2033094,2026-09-22T22:40:37Z
2025-02-04,S&P 500 Consolidated - CHICAGO MERCANTILE EXCHANGE,306922,312995,-6073,1425316,1548122,2085692,175502,499856,-324354,1108017,181413,926604,136303,903871,2071863,2026-09-22T22:40:37Z
2025-02-11,S&P 500 Consolidated - CHICAGO MERCANTILE EXCHANGE,334397,351253,-16856,1438396,1551627,2111106,190122,548068,-357946,1119018,184454,934564,135406,897622,2096517,2026-09-22T22:40:37Z
2025-02-18,S&P 500 Consolidated - CHICAGO MERCANTILE EXCHANGE,313845,353895,-40050,1477736,1568338,2136225,193400,548990,-355590,1136814,185795,951019,147949,920086,2120653,2026-09-22T22:40:37Z
2025-02-25,S&P 500 Consolidated - CHICAGO MERCANTILE EXCHANGE,300070,332789,-32719,1491488,1598480,2145543,186291,522309,-336018,1130093,208953,921140,140761,942897,2126872,2026-09-22T22:40:37Z
2025-03-04,S&P 500 Consolidated - CHICAGO MERCANTILE EXCHANGE,365541,330730,34811,1484871,1651595,2202261,241275,529255,-287980,1118800,207296,911504,141049,1012245,2180944,2026-09-22T22:40:37Z
2025-03-11,S&P 500 Consolidated - CHICAGO MERCANTILE EXCHANGE,380126,294814,85312,1555235,1771669,2308393,268404,461956,-193552,1094727,247942,846785,145177,1074214,2282648,2026-09-22T22:40:37Z
2025-03-18,S&P 500 Consolidated - CHICAGO MERCANTILE EXCHANGE,342040,266748,75292,1757384,1948174,2591482,239099,427599,-188500,1068185,236328,831857,134075,1045005,2560662,2026-09-22T22:40:37Z
2025-03-25,S&P 500 Consolidated - CHICAGO MERCANTILE EXCHANGE,263440,317664,-54224,1498297,1530566,2084451,168249,402856,-234607,1117841,202515,915326,134217,993988,2074351,2026-09-22T22:40:37Z
2025-04-01,S&P 500 Consolidated - CHICAGO MERCANTILE EXCHANGE,299935,321026,-21091,1509295,1561723,2124617,169590,430751,-261161,1092161,206681,885480,138259,988527,2111750,2026-09-22T22:40:37Z
2025-04-08,S&P 500 Consolidated - CHICAGO MERCANTILE EXCHANGE,319844,350897,-31053,1685499,1691282,2349923,216672,483817,-267145,1086748,273583,813165,161861,968705,2332802,2026-09-22T22:40:37Z
2025-04-15,S&P 500 Consolidated - CHICAGO MERCANTILE EXCHANGE,253575,317597,-64022,1629365,1590030,2197559,159652,391121,-231469,1087907,276607,811300,174555,933840,2181908,2026-09-22T22:40:37Z
2025-04-22,S&P 500 Consolidated - CHICAGO MERCANTILE EXCHANGE,262329,338204,-75875,1651591,1610864,2224655,168599,420432,-251833,1117162,304043,813119,179464,958106,2209656,2026-09-22T22:40:37Z
2025-04-29,S&P 500 Consolidated - CHICAGO MERCANTILE EXCHANGE,238841,318072,-79231,1599127,1555546,2150370,150010,399887,-249877,1109378,279977,829401,167266,920807,2134084,2026-09-22T22:40:37Z
2025-05-06,S&P 500 Consolidated - CHICAGO MERCANTILE EXCHANGE,249517,328527,-79010,1586867,1540847,2149796,157467,414906,-257439,1099297,283135,816162,188508,881910,2133652,2026-09-22T22:40:37Z
2025-05-13,S&P 500 Consolidated - CHICAGO MERCANTILE EXCHANGE,241190,361081,-119891,1576417,1513671,2142617,159581,448236,-288655,1112757,256679,856078,191074,864263,2125890,2026-09-22T22:40:37Z
2025-05-20,S&P 500 Consolidated - CHICAGO MERCANTILE EXCHANGE,243569,338968,-95399,1575299,1523477,2130048,150431,448993,-298562,1123523,250081,873442,185308,861079,2113668,2026-09-22T22:40:37Z
2025-05-27,S&P 500 Consolidated - CHICAGO MERCANTILE EXCHANGE,256386,308733,-52347,1565769,1558592,2129520,167130,425681,-258551,1121735,265658,856077,164372,879696,2112166,2026-09-22T22:40:37Z
2025-06-03,S&P 500 Consolidated - CHICAGO MERCANTILE EXCHANGE,250353,319981,-69628,1571442,1561439,2140283,161462,447530,-286068,1083338,269654,813684,178033,866779,2123862,2026-09-22T22:40:37Z
2025-06-10,S&P 500 Consolidated - CHICAGO MERCANTILE EXCHANGE,215371,343340,-127969,1687259,1627789,2241820,150882,465145,-314263,1088561,262430,826131,194858,803150,2223909,2026-09-22T22:40:37Z
2025-06-17,S&P 500 Consolidated - CHICAGO MERCANTILE EXCHANGE,221600,399094,-177494,1849701,1731629,2473205,150208,475094,-324886,1085040,238330,846710,220265,793745,2450146,2026-09-22T22:40:37Z
2025-06-24,S&P 500 Consolidated - CHICAGO MERCANTILE EXCHANGE,212384,357729,-145345,1386332,1304541,1898304,137615,411937,-274322,1064574,223328,841246,137756,746446,1886352,2026-09-22T22:40:37Z
2025-07-01,S&P 500 Consolidated - CHICAGO MERCANTILE EXCHANGE,245028,328053,-83025,1368735,1365423,1900931,143023,449310,-306287,1095229,255081,840148,120862,760637,1887354,2026-09-22T22:40:37Z
2025-07-08,S&P 500 Consolidated - CHICAGO MERCANTILE EXCHANGE,233049,370088,-137039,1386090,1323412,1915351,146754,494389,-347635,1102127,238590,863537,119526,733933,1899046,2026-09-22T22:40:37Z
2025-07-15,S&P 500 Consolidated - CHICAGO MERCANTILE EXCHANGE,233665,399317,-165652,1426832,1329228,1952930,162331,507141,-344810,1097986,231667,866319,146258,738453,1935859,2026-09-22T22:40:37Z
2025-07-22,S&P 500 Consolidated - CHICAGO MERCANTILE EXCHANGE,220971,386433,-165462,1423958,1325384,1937915,145719,487028,-341309,1093090,240822,852268,162374,741733,1917043,2026-09-22T22:40:37Z
2025-07-29,S&P 500 Consolidated - CHICAGO MERCANTILE EXCHANGE,233484,393003,-159519,1421979,1340235,1965169,157815,523242,-365427,1111564,238980,872584,135576,732716,1941931,2026-09-22T22:40:37Z
2025-08-05,S&P 500 Consolidated - CHICAGO MERCANTILE EXCHANGE,233328,376425,-143097,1399283,1334136,1928385,145530,470773,-325243,1103259,254278,848981,120783,733066,1909338,2026-09-22T22:40:37Z
2025-08-12,S&P 500 Consolidated - CHICAGO MERCANTILE EXCHANGE,223653,419609,-195956,1464390,1341862,1990230,132581,519333,-386752,1152260,265901,886359,134165,739186,1967857,2026-09-22T22:40:37Z
2025-08-19,S&P 500 Consolidated - CHICAGO MERCANTILE EXCHANGE,222602,397664,-175062,1469733,1367281,2001161,141214,506555,-365341,1142641,272049,870592,139960,755281,1974585,2026-09-22T22:40:37Z
2025-08-26,S&P 500 Consolidated - CHICAGO MERCANTILE EXCHANGE,224647,414391,-189744,1506599,1395667,2043484,129279,549834,-420555,1134644,263364,871280,140075,723317,2018365,2026-09-22T22:40:37Z
2025-09-02,S&P 500 Consolidated - CHICAGO MERCANTILE EXCHANGE,221081,380883,-159802,1493420,1403166,2022728,133854,516109,-382255,1123696,262868,860828,131768,737943,1997661,2026-09-22T22:40:37Z
2025-09-09,S&P 500 Consolidated - CHICAGO MERCANTILE EXCHANGE,231411,405018,-173607,1494740,1400013,2063255,123869,540470,-416601,1149395,261973,887422,126459,741594,2035158,2026-09-22T22:40:37Z
2025-09-16,S&P 500 Consolidated - CHICAGO MERCANTILE EXCHANGE,220895,443842,-222947,1781070,1643496,2467095,120980,595966,-474986,1160211,263911,896300,154729,725339,2435899,2026-09-22T22:40:37Z
2025-09-23,S&P 500 Consolidated - CHICAGO MERCANTILE EXCHANGE,229106,401946,-172840,1443360,1354260,1963507,113510,564515,-451005,1153356,239804,913552,159658,750068,1950977,2026-09-22T22:40:37Z
2025-09-30,S&P 500 Consolidated - CHICAGO MERCANTILE EXCHANGE,226099,361436,-135337,1443020,1394099,1955078,117045,554017,-436972,1154937,219143,935794,152895,776869,1942253,2026-09-22T22:40:37Z
2025-10-07,S&P 500 Consolidated - CHICAGO MERCANTILE EXCHANGE,229997,372374,-142377,1438103,1391383,1965775,131863,592036,-460173,1159218,210113,949105,156263,753717,1951558,2026-09-22T22:40:37Z
2025-10-14,S&P 500 Consolidated - CHICAGO MERCANTILE EXCHANGE,213179,379748,-166569,1429466,1355782,1943899,143527,560075,-416548,1131293,209390,921903,138451,745422,1929048,2026-09-22T22:40:37Z
2025-10-21,S&P 500 Consolidated - CHICAGO MERCANTILE EXCHANGE,220956,364909,-143953,1377318,1325139,1900748,126993,567994,-441001,1115602,212867,902735,128273,708756,1882544,2026-09-22T22:40:37Z
2025-10-28,S&P 500 Consolidated - CHICAGO MERCANTILE EXCHANGE,218351,367205,-148854,1418371,1365718,1947747,145056,593777,-448721,1132353,225556,906797,137390,710270,1929734,2026-09-22T22:40:37Z
2025-11-04,S&P 500 Consolidated - CHICAGO MERCANTILE EXCHANGE,219736,381342,-161606,1434179,1370609,1977017,171078,576464,-405386,1121671,221014,900657,128119,747272,1956133,2026-09-22T22:40:37Z
2025-11-10,S&P 500 Consolidated - CHICAGO MERCANTILE EXCHANGE,225883,376703,-150820,1445075,1394132,2005108,172798,595801,-423003,1127096,223770,903326,133633,752421,1981117,2026-09-22T22:40:37Z
2025-11-18,S&P 500 Consolidated - CHICAGO MERCANTILE EXCHANGE,222977,363875,-140898,1490852,1441700,2064107,200379,559286,-358907,1130593,218542,912051,134731,813579,2037320,2026-09-22T22:40:37Z
2025-11-25,S&P 500 Consolidated - CHICAGO MERCANTILE EXCHANGE,238788,385717,-146929,1488287,1459422,2100665,205516,588474,-382958,1131923,226629,905294,147313,834806,2070962,2026-09-22T22:40:37Z
2025-12-02,S&P 500 Consolidated - CHICAGO MERCANTILE EXCHANGE,222060,410753,-188693,1512543,1445119,2102168,179974,623198,-443224,1155848,215351,940497,153788,811573,2074887,2026-09-22T22:40:37Z
2025-12-09,S&P 500 Consolidated - CHICAGO MERCANTILE EXCHANGE,222319,406201,-183882,1568306,1505252,2172273,169485,619487,-450002,1168070,207545,960525,157777,823373,2141031,2026-09-22T22:40:37Z
2025-12-16,S&P 500 Consolidated - CHICAGO MERCANTILE EXCHANGE,237159,396068,-158909,1806482,1771278,2504363,218923,608090,-389167,1167573,198088,969485,164750,899034,2466313,2026-09-22T22:40:37Z
2025-12-23,S&P 500 Consolidated - CHICAGO MERCANTILE EXCHANGE,241445,323951,-82506,1383577,1431799,1923191,161061,532121,-371060,1150865,213962,936903,128323,839460,1911017,2026-09-22T22:40:37Z
2025-12-30,S&P 500 Consolidated - CHICAGO MERCANTILE EXCHANGE,226425,320988,-94563,1403461,1431420,1949403,143436,510277,-366841,1167836,225868,941968,128547,847827,1936495,2026-09-22T22:40:37Z
2026-01-06,S&P 500 Consolidated - CHICAGO MERCANTILE EXCHANGE,229031,334753,-105722,1411571,1439328,1959833,128725,544629,-415904,1174764,213425,961339,144940,850872,1945513,2026-09-22T22:40:37Z
2026-01-13,S&P 500 Consolidated - CHICAGO MERCANTILE EXCHANGE,248451,370047,-121596,1354429,1368963,1923938,109159,555139,-445980,1138244,206944,931300,133027,806738,1909351,2026-09-22T22:40:37Z
2026-01-20,S&P 500 Consolidated - CHICAGO MERCANTILE EXCHANGE,245253,328095,-82842,1366564,1406175,1944353,116526,530611,-414085,1099843,207449,892394,128508,791905,1926910,2026-09-22T22:40:37Z
2026-01-27,S&P 500 Consolidated - CHICAGO MERCANTILE EXCHANGE,244723,342470,-97747,1350410,1375576,1915990,111546,538548,-427002,1103294,191666,911628,129464,797623,1897461,2026-09-22T22:40:37Z
2026-02-03,S&P 500 Consolidated - CHICAGO MERCANTILE EXCHANGE,244946,374275,-129329,1385081,1371743,1949539,132546,580671,-448125,1118819,185593,933226,135264,798471,1928476,2026-09-22T22:40:37Z
2026-02-10,S&P 500 Consolidated - CHICAGO MERCANTILE EXCHANGE,240164,340878,-100714,1387239,1397854,1955058,123601,547305,-423704,1108058,183362,924696,136519,814201,1934958,2026-09-22T22:40:37Z
2026-02-17,S&P 500 Consolidated - CHICAGO MERCANTILE EXCHANGE,195857,369091,-173234,1453707,1402167,1987373,118591,582883,-464292,1160066,183201,976865,131869,799244,1966090,2026-09-22T22:40:37Z
2026-02-24,S&P 500 Consolidated - CHICAGO MERCANTILE EXCHANGE,200838,388452,-187614,1514156,1440600,2038108,117617,592997,-475380,1197520,184376,1013144,138402,817510,2017196,2026-09-22T22:40:37Z
2026-03-03,S&P 500 Consolidated - CHICAGO MERCANTILE EXCHANGE,207493,372947,-165454,1563860,1486757,2085416,157124,563464,-406340,1185588,180820,1004768,133315,862545,2060733,2026-09-22T22:40:37Z
2026-03-10,S&P 500 Consolidated - CHICAGO MERCANTILE EXCHANGE,196936,333111,-136175,1495868,1431561,2023096,156297,506286,-349989,1095733,196881,898852,139297,797702,1996720,2026-09-22T22:40:37Z
2026-03-17,S&P 500 Consolidated - CHICAGO MERCANTILE EXCHANGE,204277,316829,-112552,1752404,1727401,2359720,149731,490238,-340507,1086532,199704,886828,140346,813118,2330659,2026-09-22T22:40:37Z
2026-03-24,S&P 500 Consolidated - CHICAGO MERCANTILE EXCHANGE,213588,291431,-77843,1395240,1399006,1897311,135794,479921,-344127,1105309,226918,878391,121938,790910,1879423,2026-09-22T22:40:37Z
2026-03-31,S&P 500 Consolidated - CHICAGO MERCANTILE EXCHANGE,239619,278406,-38787,1432260,1463631,1966743,163425,396837,-233412,1139703,223985,915718,130907,950231,1947769,2026-09-22T22:40:37Z
2026-04-07,S&P 500 Consolidated - CHICAGO MERCANTILE EXCHANGE,230957,274065,-43108,1420144,1434434,1948342,148276,392759,-244483,1159194,218759,940435,118039,926651,1929090,2026-09-22T22:40:37Z
2026-04-14,S&P 500 Consolidated - CHICAGO MERCANTILE EXCHANGE,233239,348126,-114887,1455153,1404033,1980961,123136,543492,-420356,1201198,198055,1003143,137784,831374,1959076,2026-09-22T22:40:37Z
2026-04-21,S&P 500 Consolidated - CHICAGO MERCANTILE EXCHANGE,230168,340125,-109957,1448688,1425930,1985777,124833,537154,-412321,1208817,193890,1014927,122778,841407,1963317,2026-09-22T22:40:37Z
2026-04-28,S&P 500 Consolidated - CHICAGO MERCANTILE EXCHANGE,238327,338849,-100522,1432748,1420083,1982697,120508,527998,-407490,1190432,195617,994815,127669,833209,1959933,2026-09-22T22:40:37Z
2026-05-05,S&P 500 Consolidated - CHICAGO MERCANTILE EXCHANGE,254889,353470,-98581,1446436,1427702,2008969,140585,546460,-405875,1205350,195462,1009888,126440,836027,1987685,2026-09-22T22:40:37Z
2026-05-12,S&P 500 Consolidated - CHICAGO MERCANTILE EXCHANGE,266045,404950,-138905,1498321,1449158,2078428,148507,580945,-432438,1239798,184926,1054872,137266,873539,2056229,2026-09-22T22:40:37Z
2026-05-19,S&P 500 Consolidated - CHICAGO MERCANTILE EXCHANGE,270399,405305,-134906,1498567,1458483,2097761,164096,565650,-401554,1211994,206574,1005420,137243,850997,2068443,2026-09-22T22:40:37Z
2026-05-26,S&P 500 Consolidated - CHICAGO MERCANTILE EXCHANGE,254834,414150,-159316,1537395,1481370,2124493,149287,607067,-457780,1204894,201287,1003607,166194,843171,2093621,2026-09-22T22:40:37Z
2026-06-02,S&P 500 Consolidated - CHICAGO MERCANTILE EXCHANGE,270732,485041,-214309,1569828,1457948,2183680,159638,660370,-500732,1199303,217444,981859,162444,781951,2149231,2026-09-22T22:40:37Z
2026-06-09,S&P 500 Consolidated - CHICAGO MERCANTILE EXCHANGE,268106,462660,-194554,1610600,1522544,2242004,168247,619833,-451586,1205065,220979,984086,167839,851164,2203164,2026-09-22T22:40:37Z
2026-06-16,S&P 500 Consolidated - CHICAGO MERCANTILE EXCHANGE,262596,442739,-180143,1949292,1893405,2624882,157203,672723,-515520,1199855,215846,984009,181571,806740,2579920,2026-09-22T22:40:37Z
2026-06-23,S&P 500 Consolidated - CHICAGO MERCANTILE EXCHANGE,250700,282856,-32156,1447583,1536158,1997951,185058,558526,-373468,1171421,178692,992729,112578,868478,1980254,2026-09-22T22:40:37Z
2026-06-30,S&P 500 Consolidated - CHICAGO MERCANTILE EXCHANGE,247194,285025,-37831,1428803,1510204,1986279,150556,511025,-360469,1148729,172540,976189,127585,878976,1967167,2026-09-22T22:40:37Z
2026-07-07,S&P 500 Consolidated - CHICAGO MERCANTILE EXCHANGE,242815,286801,-43986,1442524,1502995,1987662,134932,496807,-361875,1159847,189255,970592,136033,867118,1969636,2026-09-22T22:40:37Z
2026-07-14,S&P 500 Consolidated - CHICAGO MERCANTILE EXCHANGE,253718,296283,-42565,1394140,1479087,1959749,135454,500456,-365002,1144294,203822,940472,142914,849691,1941500,2026-09-22T22:40:37Z
2026-07-21,S&P 500 Consolidated - CHICAGO MERCANTILE EXCHANGE,251249,272247,-20998,1395138,1494650,1958349,146834,469699,-322865,1143723,214564,929159,148984,881849,1939493,2026-09-22T22:40:37Z
2026-07-28,S&P 500 Consolidated - CHICAGO MERCANTILE EXCHANGE,252526,271611,-19085,1436790,1526271,2007178,155964,453440,-297476,1159241,214471,944770,166101,923295,1984408,2026-09-22T22:40:37Z
2026-08-04,S&P 500 Consolidated - CHICAGO MERCANTILE EXCHANGE,277648,305655,-28007,1534034,1611139,2140892,206039,536038,-329999,1162320,225287,937033,236175,953001,2116079,2026-09-22T22:40:37Z
2026-08-11,S&P 500 Consolidated - CHICAGO MERCANTILE EXCHANGE,282930,275497,7433,1514567,1648263,2146778,205744,486190,-280446,1154700,206219,948481,216163,995795,2119506,2026-09-22T22:40:37Z
2026-08-18,S&P 500 Consolidated - CHICAGO MERCANTILE EXCHANGE,270678,286414,-15736,1494128,1597499,2099170,166291,447693,-281402,1165359,204793,960566,219986,1004401,2072358,2026-09-22T22:40:37Z
2026-08-25,S&P 500 Consolidated - CHICAGO MERCANTILE EXCHANGE,229741,307916,-78175,1508843,1557869,2074931,150526,465730,-315204,1166084,212856,953228,207277,968313,2045669,2026-09-22T22:40:37Z
2026-09-01,S&P 500 Consolidated - CHICAGO MERCANTILE EXCHANGE,231701,321072,-89371,1515278,1531296,2079148,165311,482875,-317564,1156793,222613,934180,201959,922706,2046914,2026-09-22T22:40:37Z
2026-09-08,S&P 500 Consolidated - CHICAGO MERCANTILE EXCHANGE,235266,329199,-93933,1528054,1556664,2107535,155517,496621,-341104,1153305,240944,912361,213184,898526,2071836,2026-09-22T22:40:37Z
2026-09-15,S&P 500 Consolidated - CHICAGO MERCANTILE EXCHANGE,224702,341434,-116732,1847134,1817347,2483362,161176,454319,-293143,1142075,237391,904684,220012,922950,2446519,2026-09-22T22:40:37Z
2026-09-22,S&P 500 Consolidated - CHICAGO MERCANTILE EXCHANGE,215826,350499,-134673,1391646,1360428,1903696,120133,495707,-375574,1118655,184200,934455,168132,802335,1890653,2026-09-25T20:34:51Z
