basDt,srtnCd,isinCd,crno,mrktCtg,itmsNm,corpNm
20260827,A900110,HK0000057197,0000000000000,KOSDAQ,딥커머스,딥커머스리미티드
20260827,A900270,HK0000214814,0000000000000,KOSDAQ,헝셩그룹,헝셩그룹유한회사
20260827,A900260,HK0000295359,0000000000000,KOSDAQ,로스웰,로스웰인터내셔널유한회사
20260827,A900290,HK0000307485,0000000000000,KOSDAQ,GRT,그레이트리치과기유한공사
20260827,A900300,HK0000312568,1831462000000,KOSDAQ,오가닉티코스메틱,오가닉티코스메틱스홀딩스컴퍼니리미티드
20260827,A900310,HK0000341732,0000000000000,KOSDAQ,컬러레이,컬러레이홀딩스
20260827,A900340,HK0000449303,0000000000000,KOSDAQ,윙입푸드,윙입푸드홀딩스
20260827,A000020,KR7000020008,1101110043870,KOSPI,동화약품,동화약품(주)
20260827,A000040,KR7000040006,1601110007032,KOSPI,KR모터스,KR모터스(주)
20260827,A000050,KR7000050005,1101110013287,KOSPI,경방,(주)경방
20260827,A000070,KR7000070003,1101110026181,KOSPI,삼양홀딩스,(주)삼양홀딩스
20260827,A000080,KR7000080002,1101110028591,KOSPI,하이트진로,하이트진로(주)
20260827,A000100,KR7000100008,1101110014409,KOSPI,유한양행,(주)유한양행
20260827,A000120,KR7000120006,1101110006167,KOSPI,CJ대한통운,씨제이대한통운(주)
20260827,A000140,KR7000140004,1101110013766,KOSPI,하이트진로홀딩스,하이트진로홀딩스(주)
20260827,A000150,KR7000150003,1101110013774,KOSPI,두산,(주)두산
20260827,A000180,KR7000180000,1801110001717,KOSPI,성창기업지주,성창기업지주(주)
20260827,A0001A0,KR70001A0001,2062110077244,KOSDAQ,덕양에너젠,(주)덕양에너젠
20260827,A000210,KR7000210005,1101110084915,KOSPI,DL,디엘 주식회사
20260827,A000220,KR7000220004,1341110002307,KOSPI,유유제약,(주)유유제약
20260827,A000230,KR7000230003,1101110012776,KOSPI,일동홀딩스,일동홀딩스(주)
20260827,A000240,KR7000240002,1101110034233,KOSPI,한국앤컴퍼니,한국앤컴퍼니(주)
20260827,A000250,KR7000250001,1348110003327,KOSDAQ,삼천당제약,삼천당제약(주)
20260827,A000270,KR7000270009,1101110037998,KOSPI,기아,기아(주)
20260827,A000300,KR7000300004,1101110085541,KOSPI,DH오토넥스,(주)디에이치오토넥스
20260827,A000320,KR7000320002,1341110002878,KOSPI,노루홀딩스,(주)노루홀딩스
20260827,A000370,KR7000370007,1101110006456,KOSPI,한화손해보험,한화손해보험(주)
20260827,A000390,KR7000390005,1101110014433,KOSPI,SP삼화,에스피삼화(주)
20260827,A000400,KR7000400002,1101110014459,KOSPI,롯데손해보험,롯데손해보험(주)
20260827,A000430,KR7000430009,1101110015556,KOSPI,대원강업,대원강업(주)
20260827,A000440,KR7000440008,1101110003428,KOSDAQ,중앙에너비스,(주)중앙에너비스
20260827,A000480,KR7000480004,2011110000440,KOSPI,CR홀딩스,주식회사 시알홀딩스
20260827,A000490,KR7000490003,1911110000104,KOSPI,대동,(주)대동
20260827,A0004V0,KR70004V0003,1913110017692,KOSDAQ,엔비알모션,(주)엔비알모션
20260827,A0004Y0,KR70004Y0000,1101119126388,KOSDAQ,디비금융제14호스팩,디비금융제14호기업인수목적 주식회사
20260827,A000500,KR7000500009,1341110000567,KOSPI,가온전선,가온전선(주)
20260827,A000520,KR7000520007,1101110016679,KOSPI,삼일제약,삼일제약(주)
20260827,A000540,KR7000540005,1101110016728,KOSPI,흥국화재,흥국화재해상보험(주)
20260827,A000590,KR7000590000,1101110008486,KOSPI,CS홀딩스,CS 홀딩스(주)
20260827,A000640,KR7000640003,1101110017990,KOSPI,동아쏘시오홀딩스,동아쏘시오홀딩스(주)
20260827,A000650,KR7000650002,1801110006915,KOSPI,천일고속,(주)천일고속
20260827,A000660,KR7000660001,1344110001387,KOSPI,SK하이닉스,에스케이하이닉스(주)
20260827,A000670,KR7000670000,1101110003824,KOSPI,영풍,(주)영풍
20260827,A000680,KR7000680009,1801110044717,KOSPI,LS네트웍스,(주)LS네트웍스
20260827,A000700,KR7000700005,1101110003262,KOSPI,유수홀딩스,(주)유수홀딩스
20260827,A000720,KR7000720003,1101110007909,KOSPI,현대건설,현대건설(주)
20260827,A000760,KR7000760009,1101110018138,KOSPI,이화산업,이화산업(주)
20260827,A0007C0,KR70007C0003,1101114561985,KOSDAQ,아크릴,(주)아크릴
20260827,A0007J0,KR70007J0006,1545110080872,KOSDAQ,인벤테라,주식회사 인벤테라
20260827,A000810,KR7000810002,1101110005078,KOSPI,삼성화재,삼성화재해상보험(주)
20260827,A000850,KR7000850008,2001110001704,KOSPI,화천기공,화천기공(주)
20260827,A000860,KR7000860007,1801110003391,KOSPI,강남제비스코,강남제비스코(주)
20260827,A000880,KR7000880005,1101110002959,KOSPI,한화,(주)한화
20260827,A000890,KR7000890004,2011110000036,KOSPI,보해양조,보해양조(주)
20260827,A0008Z0,KR70008Z0005,1348110412990,KOSDAQ,에스엔시스,에스엔시스(주)
20260827,A000910,KR7000910000,1101110200579,KOSPI,유니온,(주)유니온
20260827,A000950,KR7000950006,1101110005664,KOSPI,전방,(주)전방
20260827,A000970,KR7000970004,1801110000587,KOSPI,한국주철관,한국주철관공업(주)
20260827,A000990,KR7000990002,1101110026206,KOSPI,DB하이텍,주식회사 DB하이텍
20260827,A0009K0,KR70009K0001,1101116854461,KOSDAQ,에임드바이오,(주)에임드바이오
20260827,A001000,KR7001000009,1701110014522,KOSDAQ,신라섬유,신라섬유(주)
20260827,A001020,KR7001020007,2111110000042,KOSPI,페이퍼코리아,페이퍼코리아(주)
20260827,A001040,KR7001040005,1101110015639,KOSPI,CJ,CJ(주)
20260827,A001060,KR7001060003,1101110019342,KOSPI,JW중외제약,JW중외제약(주)
20260827,A001070,KR7001070002,1101110019350,KOSPI,대한방직,대한방직(주)
20260827,A001080,KR7001080001,1801110054659,KOSPI,만호제강,만호제강(주)
20260827,A0010F0,KR70010F0005,1201110105488,KOSDAQ,보원케미칼,(주)보원케미칼
20260827,A0010V0,KR70010V0005,1101110285787,KOSDAQ,제이피아이헬스케어,제이피아이헬스케어(주)
20260827,A001120,KR7001120005,1101110004632,KOSPI,LX인터내셔널,(주)LX인터내셔널
20260827,A001130,KR7001130004,1101110003733,KOSPI,대한제분,대한제분(주)
20260827,A0011A0,KR70011A0009,1601110269020,KOSDAQ,액스비스,(주)액스비스
20260827,A0011T0,KR70011T0008,1701110604795,KOSDAQ,채비,채비(주)
20260827,A001200,KR7001200005,1101110007826,KOSPI,유진투자증권,유진투자증권(주)
20260827,A001210,KR7001210004,1101110028541,KOSPI,금호전기,금호전기(주)
20260827,A001230,KR7001230002,1101110031338,KOSPI,동국홀딩스,동국홀딩스(주)
20260827,A001250,KR7001250000,1101110031479,KOSPI,GS글로벌,(주)지에스글로벌
20260827,A001260,KR7001260009,1101110017411,KOSPI,남광토건,남광토건(주)
20260827,A001270,KR7001270008,1101110031510,KOSPI,부국증권,부국증권(주)
20260827,A001290,KR7001290006,1101110031560,KOSPI,상상인증권,(주)상상인증권
20260827,A001340,KR7001340009,1101110003709,KOSPI,PKC,피케이씨(주)
20260827,A001360,KR7001360007,1101110032568,KOSPI,삼성제약,삼성제약(주)
20260827,A001380,KR7001380005,1615110000037,KOSPI,SG글로벌,(주)SG글로벌
20260827,A001390,KR7001390004,1243110008999,KOSPI,KG케미칼,KG케미칼(주)
20260827,A0013V0,KR70013V0002,1801110991314,KOSDAQ,삼진식품,삼진식품(주)
20260827,A001420,KR7001420009,1101110086771,KOSPI,태원물산,태원물산(주)
20260827,A001430,KR7001430008,1101110035794,KOSPI,세아베스틸지주,(주)세아베스틸지주
20260827,A001440,KR7001440007,1101110035835,KOSPI,대한전선,대한전선(주)
20260827,A001450,KR7001450006,1101110035893,KOSPI,현대해상,현대해상화재보험(주)
20260827,A001460,KR7001460005,1101110005995,KOSPI,BYC,(주)BYC
20260827,A001470,KR7001470004,1101110041634,KOSPI,삼부토건,삼부토건(주)
20260827,A001500,KR7001500008,1101110019962,KOSPI,현대차증권,현대차증권(주)
20260827,A001510,KR7001510007,1101110037112,KOSPI,SK증권,SK증권(주)
20260827,A001520,KR7001520006,1101110005333,KOSPI,동양,(주)동양
20260827,A001530,KR7001530005,1101110019219,KOSPI,DI동일,디아이동일(주)
20260827,A001540,KR7001540004,1101110026420,KOSDAQ,안국약품,안국약품(주)
20260827,A001550,KR7001550003,1101110086599,KOSPI,조비,(주)조비
20260827,A001560,KR7001560002,1801110021806,KOSPI,제일연마,제일연마공업(주)
20260827,A001570,KR7001570001,1801110003101,KOSPI,금양,(주)금양
20260827,A0015G0,KR70015G0009,1501110038584,KOSDAQ,그린광학,(주)그린광학
20260827,A0015N0,KR70015N0000,1101112154667,KOSDAQ,아로마티카,주식회사 아로마티카
20260827,A0015S0,KR70015S0005,1601110431299,KOSDAQ,페스카로,주식회사 페스카로
20260827,A001620,KR7001620004,1101110028939,KOSPI,케이비아이동국실업,케이비아이동국실업(주)
20260827,A001630,KR7001630003,1101110028955,KOSPI,종근당홀딩스,(주)종근당홀딩스
20260827,A001680,KR7001680008,1101110327125,KOSPI,대상,대상(주)
20260827,A001720,KR7001720002,1101110006612,KOSPI,신영증권,신영증권(주)
20260827,A001740,KR7001740000,1301110005199,KOSPI,SK네트웍스,SK네트웍스(주)
20260827,A001750,KR7001750009,1101110026834,KOSPI,한양증권,한양증권(주)
20260827,A001770,KR7001770007,1101110028632,KOSPI,SHD,(주)신화다이나믹스
20260827,A001780,KR7001780006,1601110002313,KOSPI,알루코,(주)알루코
20260827,A001790,KR7001790005,1201110018368,KOSPI,대한제당,대한제당(주)
20260827,A0017J0,KR70017J0004,1348110292970,KOSDAQ,세미티에스,주식회사 세미티에스
20260827,A001800,KR7001800002,1101110004690,KOSPI,오리온홀딩스,(주)오리온홀딩스
20260827,A001810,KR7001810001,1701110001082,KOSDAQ,무림SP,무림에스피(주)
20260827,A001820,KR7001820000,1345110003696,KOSPI,삼화콘덴서,삼화콘덴서공업(주)
20260827,A001840,KR7001840008,1101110033839,KOSDAQ,이화공영,이화공영(주)
20260827,A001940,KR7001940006,1901110001872,KOSPI,KISCO홀딩스,KISCO홀딩스(주)
20260827,A002020,KR7002020006,1101110030528,KOSPI,코오롱,(주)코오롱
20260827,A002030,KR7002030005,1101110030710,KOSPI,아세아,아세아(주)
20260827,A002070,KR7002070001,1101110030934,KOSPI,비비안,(주)비비안
20260827,A002100,KR7002100006,1101110089395,KOSPI,경농,(주)경농
20260827,A002140,KR7002140002,1801110001494,KOSPI,고려산업,고려산업(주)
20260827,A002150,KR7002150001,1101110037740,KOSPI,도화엔지니어링,(주)도화엔지니어링
20260827,A002170,KR7002170009,1101110033433,KOSPI,SYTS,에스와이티에스(주)
20260827,A002200,KR7002200004,1101110008882,KOSPI,한국수출포장,한국수출포장공업(주)
20260827,A002210,KR7002210003,1101110008200,KOSPI,동성제약,동성제약(주)
20260827,A002220,KR7002220002,1101110048987,KOSPI,한일철강,한일철강(주)
20260827,A002230,KR7002230001,1101110033623,KOSDAQ,피에스텍,피에스텍(주)
20260827,A002240,KR7002240000,1801110001220,KOSPI,고려제강,고려제강(주)
20260827,A002290,KR7002290005,1101110012825,KOSDAQ,삼일기업공사,(주)삼일기업공사
20260827,A002310,KR7002310001,1101110006274,KOSPI,아세아제지,아세아제지(주)
20260827,A002320,KR7002320000,1101110003668,KOSPI,한진,(주)한진
20260827,A002350,KR7002350007,1101110014219,KOSPI,넥센타이어,넥센타이어(주)
20260827,A002360,KR7002360006,1341110000210,KOSPI,SH에너지화학,(주)SH에너지화학
20260827,A002380,KR7002380004,1101110221814,KOSPI,KCC,(주)케이씨씨
20260827,A002390,KR7002390003,1101110037005,KOSPI,한독,(주)한독
20260827,A002410,KR7002410009,1101110015861,KOSPI,범양건영,범양건영(주)
20260827,A002420,KR7002420008,1101110015853,KOSPI,세기상사,세기상사(주)
20260827,A002450,KR7002450005,1201110001818,KOSPI,삼익악기,(주)삼익악기
20260827,A002460,KR7002460004,1701110001131,KOSPI,HS화성,에이치에스화성(주)
20260827,A002600,KR7002600005,1101110019334,KOSPI,조흥,(주)조흥
20260827,A002620,KR7002620003,1101110026652,KOSPI,제일파마홀딩스,제일파마홀딩스(주)
20260827,A002630,KR7002630002,1101110030116,KOSPI,오리엔트바이오,(주)오리엔트바이오
20260827,A002680,KR7002680007,1801110005834,KOSDAQ,한탑,(주)한탑
20260827,A002690,KR7002690006,1101110032005,KOSPI,동일제강,동일제강(주)
20260827,A002700,KR7002700003,1348110001256,KOSPI,신일전자,신일전자(주)
20260827,A002710,KR7002710002,1101110032112,KOSPI,TCC스틸,(주)TCC스틸
20260827,A002720,KR7002720001,1101110032154,KOSPI,국제약품,국제약품(주)
20260827,A002760,KR7002760007,1348110004474,KOSPI,보락,(주)보락
20260827,A002780,KR7002780005,1101110006349,KOSPI,진흥기업,진흥기업(주)
20260827,A002790,KR7002790004,1101110026644,KOSPI,아모레퍼시픽홀딩스,(주)아모레퍼시픽홀딩스
20260827,A002800,KR7002800001,1101110027353,KOSDAQ,신신제약,신신제약(주)
20260827,A002810,KR7002810000,1101110027569,KOSPI,삼영무역,삼영무역(주)
20260827,A002820,KR7002820009,1101110027593,KOSPI,SUN&L,(주)선앤엘
20260827,A002840,KR7002840007,1301110007707,KOSPI,미원상사,미원상사(주)
20260827,A002870,KR7002870004,1347110002644,KOSPI,신풍,(주)신풍
20260827,A002880,KR7002880003,1115110000136,KOSPI,디와이에이,(주)디와이에이
20260827,A002900,KR7002900009,1101110032899,KOSPI,TYM,주식회사 티와이엠
20260827,A002920,KR7002920007,1243110000755,KOSPI,유성기업,유성기업(주)
20260827,A002960,KR7002960003,1801110002591,KOSPI,한국쉘석유,한국쉘석유(주)
20260827,A002990,KR7002990000,1101110134877,KOSPI,금호건설,금호건설(주)
20260827,A003000,KR7003000007,1101110030405,KOSPI,부광약품,부광약품(주)
20260827,A003010,KR7003010006,1101110030413,KOSPI,혜인,(주)혜인
20260827,A003030,KR7003030004,1101110118996,KOSPI,세아제강지주,(주)세아제강지주
20260827,A003060,KR7003060001,1101110036396,KOSPI,에이프로젠바이오로직스,(주)에이프로젠바이오로직스
20260827,A003070,KR7003070000,1101110036502,KOSPI,코오롱글로벌,코오롱글로벌(주)
20260827,A003080,KR7003080009,1147110000402,KOSPI,SB성보,에스비성보(주)
20260827,A003090,KR7003090008,1311110000271,KOSPI,대웅,(주)대웅
20260827,A0030R0,KR70030R0007,1101119084198,KOSPI,대신밸류리츠,주식회사 대신밸류리츠위탁관리부동산투자회사
20260827,A003100,KR7003100005,1201110000034,KOSDAQ,선광,(주)선광
20260827,A003120,KR7003120003,1101110039019,KOSPI,일성아이에스,일성아이에스(주)
20260827,A003160,KR7003160009,1101110039209,KOSPI,디아이,(주)디아이
20260827,A003200,KR7003200003,1101110041717,KOSPI,일신방직,일신방직(주)
20260827,A003220,KR7003220001,1101110103955,KOSPI,대원제약,대원제약(주)
20260827,A003230,KR7003230000,1101110034308,KOSPI,삼양식품,삼양식품(주)
20260827,A003240,KR7003240009,1101110185276,KOSPI,태광산업,태광산업(주)
20260827,A003280,KR7003280005,1101110515275,KOSPI,흥아해운,흥아해운(주)
20260827,A003300,KR7003300001,1101110040165,KOSPI,한일홀딩스,한일홀딩스(주)
20260827,A003310,KR7003310000,1101110036148,KOSDAQ,대주산업,대주산업(주)
20260827,A003350,KR7003350006,1101110037427,KOSPI,한국화장품제조,(주)한국화장품제조
20260827,A003380,KR7003380003,1601110003931,KOSDAQ,하림지주,(주)하림지주
20260827,A003460,KR7003460003,1101110042484,KOSPI,유화증권,유화증권(주)
20260827,A003470,KR7003470002,1101110042492,KOSPI,유안타증권,유안타증권(주)
20260827,A003480,KR7003480001,1101110110083,KOSPI,한진중공업홀딩스,(주)한진중공업홀딩스
20260827,A003490,KR7003490000,1101110108484,KOSPI,대한항공,(주)대한항공
20260827,A003520,KR7003520004,1101110043127,KOSPI,영진약품,영진약품(주)
20260827,A003530,KR7003530003,1101110003155,KOSPI,한화투자증권,한화투자증권(주)
20260827,A003540,KR7003540002,1101110042955,KOSPI,대신증권,대신증권(주)
20260827,A003550,KR7003550001,1101110003543,KOSPI,LG,(주)LG
20260827,A003570,KR7003570009,1101110042880,KOSPI,SNT다이내믹스,SNT다이내믹스(주)
20260827,A003580,KR7003580008,1449110000072,KOSPI,HLB글로벌,에이치엘비글로벌(주)
20260827,A003610,KR7003610003,1101110035108,KOSPI,방림,(주)방림
20260827,A003620,KR7003620002,1101110035132,KOSPI,KG모빌리티,케이지모빌리티(주)
20260827,A003650,KR7003650009,1801110000537,KOSPI,미창석유,미창석유공업(주)
20260827,A003670,KR7003670007,1746110001947,KOSPI,포스코퓨처엠,(주)포스코퓨처엠
20260827,A003680,KR7003680006,1801110000230,KOSPI,한성기업,한성기업(주)
20260827,A003690,KR7003690005,1101110226533,KOSPI,코리안리,코리안리재보험(주)
20260827,A003720,KR7003720000,1101110010001,KOSPI,삼영,(주)삼영
20260827,A003780,KR7003780004,1801110043610,KOSPI,진양산업,진양산업(주)
20260827,A0037T0,KR70037T0008,1101110921082,KOSDAQ,KB제32호스팩,케이비제32호기업인수목적(주)
20260827,A003800,KR7003800000,1311110002772,KOSDAQ,에이스침대,(주)에이스침대
20260827,A003830,KR7003830007,1101110012437,KOSPI,대한화섬,대한화섬(주)
20260827,A003850,KR7003850005,1101110012560,KOSPI,보령,(주)보령
20260827,A003920,KR7003920006,1101110092976,KOSPI,남양유업,남양유업(주)
20260827,A003960,KR7003960002,1101110042278,KOSPI,사조대림,(주)사조대림
20260827,A0039P0,KR70039P0000,1101115628156,KOSDAQ,매드업,주식회사 매드업
20260827,A004000,KR7004000006,1812110000013,KOSPI,롯데정밀화학,롯데정밀화학(주)
20260827,A004020,KR7004020004,1201110001743,KOSPI,현대제철,현대제철(주)
20260827,A004060,KR7004060000,1101110048002,KOSPI,SG세계물산,(주)SG세계물산
20260827,A004080,KR7004080008,1101110047864,KOSPI,신흥,(주)신흥
20260827,A004090,KR7004090007,1101110048490,KOSPI,한국석유,한국석유공업(주)
20260827,A004100,KR7004100004,1101110003212,KOSPI,태양금속,태양금속공업(주)
20260827,A004140,KR7004140000,1101110124521,KOSPI,동방,(주)동방
20260827,A004150,KR7004150009,1101110017867,KOSPI,한솔홀딩스,한솔홀딩스(주)
20260827,A004170,KR7004170007,1101110028848,KOSPI,신세계,(주)신세계
20260827,A0041B0,KR70041B0002,1101110921948,KOSDAQ,교보18호스팩,교보18호기업인수목적 주식회사
20260827,A0041J0,KR70041J0004,1101110922113,KOSDAQ,엘에스스팩1호,엘에스기업인수목적1호 주식회사
20260827,A0041L0,KR70041L0000,1101110922324,KOSDAQ,하나35호스팩,하나35호기업인수목적 주식회사
20260827,A004250,KR7004250007,1101110212699,KOSPI,NPC,엔피씨(주)
20260827,A004270,KR7004270005,1101110054760,KOSPI,남성,(주)남성
20260827,A004310,KR7004310009,1243110000250,KOSPI,현대약품,현대약품(주)
20260827,A004360,KR7004360004,1801110015932,KOSPI,세방,세방(주)
20260827,A004370,KR7004370003,1101110057574,KOSPI,농심,(주)농심
20260827,A004380,KR7004380002,1701110000935,KOSPI,삼익THK,삼익THK(주)
20260827,A004410,KR7004410007,1101110059702,KOSPI,서울식품,서울식품공업(주)
20260827,A004430,KR7004430005,1801110000636,KOSPI,송원산업,송원산업(주)
20260827,A004440,KR7004440004,1101110061228,KOSPI,삼일씨엔에스,(주)삼일씨엔에스
20260827,A004450,KR7004450003,1341110003462,KOSPI,삼화왕관,삼화왕관(주)
20260827,A004490,KR7004490009,1101110202765,KOSPI,세방전지,세방전지(주)
20260827,A0044K0,KR70044K0008,1101110923177,KOSDAQ,삼성스팩10호,삼성기업인수목적10호(주)
20260827,A004540,KR7004540001,1101110063779,KOSPI,깨끗한나라,깨끗한나라(주)
20260827,A004560,KR7004560009,1101110065395,KOSPI,현대비앤지스틸,현대비앤지스틸(주)
20260827,A004590,KR7004590006,1244110005688,KOSDAQ,한국가구,(주)한국가구
20260827,A004650,KR7004650008,2013110000107,KOSDAQ,창해에탄올,(주)창해에탄올
20260827,A004690,KR7004690004,1101110005929,KOSPI,삼천리,삼천리(주)
20260827,A004700,KR7004700001,1501110001036,KOSPI,조광피혁,조광피혁(주)
20260827,A004710,KR7004710000,1101110004682,KOSPI,한솔테크닉스,한솔테크닉스(주)
20260827,A004720,KR7004720009,1243110000812,KOSPI,팜젠사이언스,(주)팜젠사이언스
20260827,A004770,KR7004770004,1101110070881,KOSPI,써니전자,써니전자(주)
20260827,A004780,KR7004780003,1101110073877,KOSDAQ,대륙제관,(주)대륙제관
20260827,A004800,KR7004800009,1101110030497,KOSPI,효성,(주)효성
20260827,A004830,KR7004830006,1341110000096,KOSPI,덕성,(주)덕성
20260827,A004840,KR7004840005,1801110000339,KOSPI,DRB동일,(주)디알비동일
20260827,A004870,KR7004870002,1101110073413,KOSPI,티웨이홀딩스,(주)티웨이홀딩스
20260827,A004890,KR7004890000,1701110002171,KOSPI,동일산업,동일산업(주)
20260827,A004910,KR7004910006,1801110007088,KOSPI,조광페인트,조광페인트(주)
20260827,A004920,KR7004920005,1101110074479,KOSPI,씨아이테크,(주)씨아이테크
20260827,A004960,KR7004960001,1101110075683,KOSPI,한신공영,한신공영(주)
20260827,A004970,KR7004970000,1101110008254,KOSPI,신라교역,신라교역(주)
20260827,A004980,KR7004980009,1101110072928,KOSPI,성신양회,성신양회(주)
20260827,A004990,KR7004990008,1101110076300,KOSPI,롯데지주,롯데지주(주)
20260827,A005010,KR7005010004,1101110077283,KOSPI,휴스틸,(주)휴스틸
20260827,A005030,KR7005030002,1801110002682,KOSPI,부산주공,부산주공(주)
20260827,A005070,KR7005070008,1201110018251,KOSPI,코스모신소재,코스모신소재(주)
20260827,A005090,KR7005090006,1101110079817,KOSPI,SGC에너지,SGC에너지(주)
20260827,A005110,KR7005110002,1801110000602,KOSPI,한창,(주)한창
20260827,A005160,KR7005160007,1101110085583,KOSDAQ,동국산업,동국산업(주)
20260827,A005180,KR7005180005,1152110000287,KOSPI,빙그레,(주)빙그레
20260827,A005250,KR7005250006,1345110000014,KOSPI,녹십자홀딩스,(주)녹십자홀딩스
20260827,A005290,KR7005290002,1201110003848,KOSDAQ,동진쎄미켐,(주)동진쎄미켐
20260827,A005300,KR7005300009,1101110003684,KOSPI,롯데칠성,롯데칠성음료(주)
20260827,A005320,KR7005320007,1101110084767,KOSPI,온타이드,(주)온타이드
20260827,A005360,KR7005360003,1101110005052,KOSPI,모나미,(주)모나미
20260827,A005380,KR7005380001,1101110085450,KOSPI,현대차,현대자동차(주)
20260827,A005420,KR7005420005,1101110152738,KOSPI,코스모화학,코스모화학(주)
20260827,A005430,KR7005430004,1101110003692,KOSPI,한국공항,한국공항(주)
20260827,A005440,KR7005440003,1101110095201,KOSPI,현대지에프홀딩스,(주)현대지에프홀딩스
20260827,A005490,KR7005490008,1746110000741,KOSPI,POSCO홀딩스,포스코홀딩스(주)
20260827,A0054V0,KR70054V0002,1101110925793,KOSDAQ,엔에이치스팩32호,엔에이치기업인수목적32호 주식회사
20260827,A005500,KR7005500004,1101110088652,KOSPI,삼진제약,삼진제약(주)
20260827,A005610,KR7005610001,1101110090516,KOSPI,삼립,(주)삼립
20260827,A005670,KR7005670005,1701110001628,KOSDAQ,푸드웰,(주)푸드웰
20260827,A005680,KR7005680004,1311110000205,KOSPI,삼영전자,삼영전자공업(주)
20260827,A005690,KR7005690003,1601110005177,KOSPI,파미셀,파미셀(주)
20260827,A005710,KR7005710009,1301110007533,KOSDAQ,대원산업,대원산업(주)
20260827,A005720,KR7005720008,1846110000583,KOSPI,넥센,(주)넥센
20260827,A005740,KR7005740006,1101110093552,KOSPI,크라운해태홀딩스,(주)크라운해태홀딩스
20260827,A005750,KR7005750005,1942110000018,KOSPI,대림바스,대림바스 주식회사
20260827,A005800,KR7005800008,1101110094964,KOSPI,신영와코루,(주)신영와코루
20260827,A005810,KR7005810007,1201110018110,KOSPI,풍산홀딩스,(주)풍산홀딩스
20260827,A005820,KR7005820006,1101110095152,KOSPI,원림,(주)원림
20260827,A005830,KR7005830005,1101110095285,KOSPI,DB손해보험,DB손해보험(주)
20260827,A005850,KR7005850003,1701110000034,KOSPI,에스엘,에스엘(주)
20260827,A005860,KR7005860002,1345110004008,KOSDAQ,한일사료,한일사료(주)
20260827,A005870,KR7005870001,1341110005202,KOSPI,휴니드,(주)휴니드테크놀러지스
20260827,A005880,KR7005880000,1101110008212,KOSPI,대한해운,대한해운(주)
20260827,A005930,KR7005930003,1301110006246,KOSPI,삼성전자,삼성전자(주)
20260827,A005940,KR7005940002,1101110098130,KOSPI,NH투자증권,엔에이치투자증권(주)
20260827,A005950,KR7005950001,1101110008600,KOSPI,이수화학,(주)이수화학
20260827,A005960,KR7005960000,1101110005002,KOSPI,동부건설,동부건설(주)
20260827,A005990,KR7005990007,1101110099609,KOSDAQ,매일홀딩스,매일홀딩스(주)
20260827,A006040,KR7006040000,1101110003098,KOSPI,동원산업,동원산업(주)
20260827,A006050,KR7006050009,1101110103707,KOSDAQ,국영지앤엠,(주)국영지앤엠
20260827,A006060,KR7006060008,1801110004323,KOSPI,화승인더,화승인더스트리(주)
20260827,A006090,KR7006090005,1101110104820,KOSPI,사조오양,(주)사조오양
20260827,A006110,KR7006110001,1341110002365,KOSPI,삼아알미늄,삼아알미늄(주)
20260827,A006120,KR7006120000,1301110005727,KOSPI,SK디스커버리,에스케이디스커버리(주)
20260827,A006140,KR7006140008,1101110053465,KOSDAQ,피제이전자,(주)피제이전자
20260827,A006200,KR7006200000,1101110101470,KOSPI,한국전자홀딩스,(주)한국전자홀딩스
20260827,A006220,KR7006220008,2201110000819,KOSPI,제주은행,(주)제주은행
20260827,A006260,KR7006260004,1101110003965,KOSPI,LS,(주)LS
20260827,A006280,KR7006280002,1101110109854,KOSPI,녹십자,(주)녹십자
20260827,A006340,KR7006340004,1348110001181,KOSPI,대원전선,대원전선(주)
20260827,A006360,KR7006360002,1101110002694,KOSPI,GS건설,지에스건설(주)
20260827,A006370,KR7006370001,1701110003814,KOSPI,대구백화점,(주)대구백화점
20260827,A006380,KR7006380000,1101110111825,KOSPI,카프로,(주)카프로
20260827,A006400,KR7006400006,1101110394174,KOSPI,삼성SDI,삼성SDI(주)
20260827,A006490,KR7006490007,1101110018592,KOSPI,프리티,(주)프리티
20260827,A006570,KR7006570006,1101110021678,KOSPI,대림통상,대림통상(주)
20260827,A006620,KR7006620009,1101110352156,KOSDAQ,동구바이오제약,(주)동구바이오제약
20260827,A006650,KR7006650006,1101110024698,KOSPI,대한유화,대한유화(주)
20260827,A006660,KR7006660005,1942110000034,KOSPI,삼성공조,삼성공조(주)
20260827,A006730,KR7006730006,1101110256788,KOSDAQ,서부T&D,(주)서부티엔디
20260827,A006740,KR7006740005,1347110000408,KOSPI,블루산업개발,블루산업개발 주식회사
20260827,A006800,KR7006800007,1101110011679,KOSPI,미래에셋증권,미래에셋증권(주)
20260827,A006840,KR7006840003,1101110029721,KOSPI,AK홀딩스,AK홀딩스(주)
20260827,A006880,KR7006880009,1101110038061,KOSPI,신송홀딩스,신송홀딩스(주)
20260827,A006890,KR7006890008,1101110040793,KOSPI,태경케미컬,태경케미컬 주식회사
20260827,A0068Y0,KR70068Y0003,1101110927257,KOSDAQ,비엔케이제3호스팩,비엔케이제3호기업인수목적(주)
20260827,A006910,KR7006910004,1301110007765,KOSDAQ,보성파워텍,보성파워텍(주)
20260827,A006920,KR7006920003,1101110046197,KOSDAQ,모헨즈,(주)모헨즈
20260827,A006980,KR7006980007,1601110001167,KOSPI,우성,(주)우성
20260827,A007070,KR7007070006,1101110090037,KOSPI,GS리테일,(주)지에스리테일
20260827,A0070X0,KR70070X0000,1348110541989,KONEX,에스테크엠,주식회사 에스테크엠
20260827,A007110,KR7007110000,1101110153273,KOSPI,일신석재,(주)일신석재
20260827,A007120,KR7007120009,1101110100951,KOSPI,미래아이앤지,(주)미래아이앤지
20260827,A007160,KR7007160005,1101110112328,KOSPI,사조산업,사조산업(주)
20260827,A0071M0,KR70071M0002,1101110928141,KOSDAQ,삼성스팩11호,삼성기업인수목적11호(주)
20260827,A007210,KR7007210008,1101110113384,KOSPI,벽산,(주)벽산
20260827,A007280,KR7007280001,1801110015362,KOSPI,한국특강,(주)한국특강
20260827,A0072Z0,KR70072Z0006,1101110927877,KOSDAQ,KB제33호스팩,케이비제33호기업인수목적(주)
20260827,A007310,KR7007310006,1341110002258,KOSPI,오뚜기,(주)오뚜기
20260827,A007330,KR7007330004,1101110117211,KOSDAQ,푸른저축은행,(주)푸른저축은행
20260827,A007340,KR7007340003,1845110000642,KOSPI,DN오토모티브,(주)디엔오토모티브
20260827,A007370,KR7007370000,1101110233629,KOSDAQ,진양제약,진양제약(주)
20260827,A007390,KR7007390008,1243110005721,KOSDAQ,네이처셀,(주)네이처셀
20260827,A007460,KR7007460009,1101110122731,KOSPI,에이프로젠,(주)에이프로젠
20260827,A007530,KR7007530009,1101110123408,KOSDAQ,와이엠,(주)와이엠
20260827,A007540,KR7007540008,1101110123797,KOSPI,샘표,샘표(주)
20260827,A007570,KR7007570005,1101110124802,KOSPI,일양약품,일양약품(주)
20260827,A007590,KR7007590003,1101110124969,KOSPI,동방아그로,(주)동방아그로
20260827,A007610,KR7007610009,1301110007989,KOSPI,선도전기,선도전기(주)
20260827,A007660,KR7007660004,1101110186638,KOSPI,이수페타시스,(주)이수페타시스
20260827,A007680,KR7007680002,1501110003058,KOSDAQ,대원　　　　　　　,(주)대원
20260827,A007690,KR7007690001,1101110126642,KOSPI,국도화학,국도화학(주)
20260827,A007700,KR7007700008,1101110126783,KOSPI,F&F홀딩스,주식회사 에프앤에프홀딩스
20260827,A007720,KR7007720006,1801110068668,KOSDAQ,소노스퀘어,(주)소노스퀘어
20260827,A007770,KR7007770001,1201110003111,KOSDAQ,한일화학,한일화학공업(주)
20260827,A007810,KR7007810005,1301110026749,KOSPI,코리아써키트,(주)코리아써키트
20260827,A007820,KR7007820004,1101110128680,KOSDAQ,엠엑스로보틱스,(주)엠엑스로보틱스
20260827,A007860,KR7007860000,1101110129026,KOSPI,서연,(주)서연
20260827,A007980,KR7007980006,1301110010031,KOSPI,TP,티피(주)
20260827,A008040,KR7008040008,1244110000662,KOSPI,사조동아원,사조동아원(주)
20260827,A008060,KR7008060006,1301110007608,KOSPI,대덕,(주)대덕
20260827,A008250,KR7008250003,1201110001959,KOSPI,이건산업,이건산업(주)
20260827,A008260,KR7008260002,1101110137491,KOSPI,NI스틸,(주)NI스틸
20260827,A008290,KR7008290009,1201110001769,KOSDAQ,원풍물산,원풍물산(주)
20260827,A0082N0,KR70082N0008,1101117013206,KOSDAQ,카나프테라퓨틱스,(주)카나프테라퓨틱스
20260827,A008350,KR7008350001,1701110005042,KOSPI,남선알미늄,(주)남선알미늄
20260827,A008370,KR7008370009,1101110138382,KOSDAQ,원풍,(주)원풍
20260827,A008420,KR7008420002,1101110139190,KOSPI,문배철강,문배철강(주)
20260827,A008470,KR7008470007,1243110002628,KOSDAQ,부스타,(주)부-스타
20260827,A008490,KR7008490005,1243110004252,KOSPI,서흥,(주)서흥
20260827,A008600,KR7008600009,1101110172447,KOSPI,윌비스,(주)윌비스
20260827,A008700,KR7008700007,1201110018300,KOSPI,아남전자,아남전자(주)
20260827,A008730,KR7008730004,1101110145147,KOSPI,율촌화학,율촌화학(주)
20260827,A008770,KR7008770000,1101110145519,KOSPI,호텔신라,(주)호텔신라
20260827,A008830,KR7008830002,1911110000758,KOSDAQ,대동기어,대동기어(주)
20260827,A008870,KR7008870008,1201110002022,KOSPI,금비,(주)금비
20260827,A0088D0,KR70088D0004,1101110931690,KOSDAQ,메리츠제1호스팩,메리츠제1호기업인수목적 (주)
20260827,A0088M0,KR70088M0003,1412110096630,KOSDAQ,메쥬,(주)메쥬
20260827,A008930,KR7008930000,1348110003187,KOSPI,한미사이언스,한미사이언스(주)
20260827,A008970,KR7008970006,1201110002056,KOSPI,KBI동양철관,케이비아이동양철관(주)
20260827,A009070,KR7009070004,1101110149446,KOSPI,KCTC,(주)케이씨티시
20260827,A009140,KR7009140005,1101110150229,KOSPI,경인전자,경인전자(주)
20260827,A009150,KR7009150004,1301110001626,KOSPI,삼성전기,삼성전기(주)
20260827,A009160,KR7009160003,1201110002189,KOSPI,SIMPAC,(주)SIMPAC
20260827,A009180,KR7009180001,1101110150659,KOSPI,한솔로지스틱스,한솔로지스틱스(주)
20260827,A009190,KR7009190000,1201110002212,KOSPI,대양금속,(주)대양금속
20260827,A0091W0,KR70091W0006,1101110932800,KOSDAQ,신영스팩11호,신영해피투모로우제11호기업인수목적(주)
20260827,A009200,KR7009200007,1911110000782,KOSPI,무림페이퍼,무림페이퍼(주)
20260827,A009240,KR7009240003,1341110003595,KOSPI,한샘,(주)한샘
20260827,A009270,KR7009270000,1101110152770,KOSPI,신원,(주)신원
20260827,A009290,KR7009290008,1101110152134,KOSPI,광동제약,광동제약(주)
20260827,A009300,KR7009300005,1341110000765,KOSDAQ,삼아제약,삼아제약(주)
20260827,A009310,KR7009310004,1746110001096,KOSPI,참엔지니어링,참엔지니어링(주)
20260827,A009320,KR7009320003,1341110000822,KOSPI,아진전자부품,아진전자부품(주)
20260827,A0093G0,KR70093G0004,1101110932427,KOSDAQ,미래에셋비전스팩8호,미래에셋비전기업인수목적8호 주식회사
20260827,A009410,KR7009410002,1101110155451,KOSPI,태영건설,(주)태영건설
20260827,A009420,KR7009420001,1641110000397,KOSPI,한올바이오파마,한올바이오파마(주)
20260827,A009440,KR7009440009,1101110155683,KOSPI,KC그린홀딩스,케이씨그린홀딩스(주)
20260827,A009450,KR7009450008,1347110001159,KOSPI,경동나비엔,(주)경동나비엔
20260827,A009460,KR7009460007,1845110000105,KOSPI,한창제지,(주)한창제지
20260827,A009470,KR7009470006,1501110000856,KOSPI,삼화전기,삼화전기(주)
20260827,A009520,KR7009520008,1746110000866,KOSDAQ,포스코엠텍,(주)포스코엠텍
20260827,A009540,KR7009540006,1812110000386,KOSPI,HD한국조선해양,에이치디한국조선해양(주)
20260827,A009580,KR7009580002,1812110002548,KOSPI,무림P&P,무림피앤피(주)
20260827,A009620,KR7009620006,1801110020246,KOSDAQ,삼보산업,삼보산업 주식회사
20260827,A009680,KR7009680000,1101110161317,KOSPI,모토닉,(주)모토닉
20260827,A0096B0,KR70096B0006,1101110933988,KOSDAQ,삼성스팩12호,삼성기업인수목적12호(주)
20260827,A0096D0,KR70096D0004,1101110934004,KOSDAQ,미래에셋비전스팩9호,미래에셋비전기업인수목적9호 주식회사
20260827,A009730,KR7009730003,1101110162191,KOSDAQ,이렘,(주)이렘
20260827,A009770,KR7009770009,1347110000333,KOSPI,삼정펄프,삼정펄프(주)
20260827,A009780,KR7009780008,1845110000147,KOSDAQ,엠에스씨,(주)엠에스씨
20260827,A0097F0,KR70097F0001,1101110934137,KOSDAQ,미래에셋비전스팩10호,미래에셋비전기업인수목적10호 주식회사
20260827,A009810,KR7009810003,1101110286412,KOSPI,MDS스피어,(주)MDS스피어
20260827,A009830,KR7009830001,1101110360935,KOSPI,한화솔루션,한화솔루션(주)
20260827,A0098T0,KR70098T0004,1101110934542,KOSDAQ,교보19호기업인수목적,교보19호기업인수목적 주식회사
20260827,A009900,KR7009900002,1712110000958,KOSPI,명신산업,명신산업(주)
20260827,A009970,KR7009970005,1101110165830,KOSPI,영원무역홀딩스,(주)영원무역홀딩스
20260827,A0099W0,KR70099W0008,1101110934982,KOSDAQ,미래에셋비전스팩11호,미래에셋비전기업인수목적11호 주식회사
20260827,A0099X0,KR70099X0007,1101110935006,KOSDAQ,IBKS제25호스팩,아이비케이에스제25호기업인수목적 주식회사
20260827,A010040,KR7010040004,1846110000319,KOSPI,한국내화,한국내화(주)
20260827,A010060,KR7010060002,1746110000981,KOSPI,OCI홀딩스,오씨아이홀딩스 주식회사
20260827,A010100,KR7010100006,1812110000443,KOSPI,한국무브넥스,한국무브넥스(주)
20260827,A010120,KR7010120004,1101110520076,KOSPI,LS ELECTRIC,엘에스일렉트릭 주식회사
20260827,A010130,KR7010130003,1101110168404,KOSPI,고려아연,고려아연(주)
20260827,A010140,KR7010140002,1101110168595,KOSPI,삼성중공업,삼성중공업(주)
20260827,A010170,KR7010170009,1341110003545,KOSDAQ,대한광통신,대한광통신(주)
20260827,A0101C0,KR70101C0008,1101110935268,KOSDAQ,하나36호스팩,하나36호기업인수목적 주식회사
20260827,A010240,KR7010240000,1345110001228,KOSDAQ,흥국,(주)흥국
20260827,A010280,KR7010280006,1101110307870,KOSDAQ,아이티센엔텍,(주)아이티센엔텍
20260827,A010400,KR7010400000,1101110175467,KOSPI,우진아이엔에스,(주)우진아이엔에스
20260827,A010470,KR7010470003,1101110176986,KOSDAQ,오리콤,(주)오리콤
20260827,A010580,KR7010580009,1341110003058,KOSPI,에스엠벡셀,(주)에스엠벡셀
20260827,A0105P0,KR70105P0009,1101110936225,KOSDAQ,유진스팩12호,유진기업인수목적12호 주식회사
20260827,A010640,KR7010640001,1345110000387,KOSPI,진양폴리,진양폴리우레탄(주)
20260827,A010660,KR7010660009,1101110342181,KOSPI,화천기계,화천기계(주)
20260827,A010690,KR7010690006,1701110014936,KOSPI,화신,(주)화신
20260827,A010770,KR7010770006,1701110006412,KOSPI,평화홀딩스,평화홀딩스(주)
20260827,A010780,KR7010780005,1101110208383,KOSPI,아이에스동서,아이에스동서(주)
20260827,A010820,KR7010820009,1942110000133,KOSPI,퍼스텍,퍼스텍(주)
20260827,A010950,KR7010950004,1101110189955,KOSPI,S-Oil,S-Oil(주)
20260827,A010960,KR7010960003,1101110190340,KOSPI,삼호개발,삼호개발(주)
20260827,A011000,KR7011000007,1101110191562,KOSPI,진원생명과학,진원생명과학(주)
20260827,A011040,KR7011040003,1201110003765,KOSDAQ,경동제약,경동제약(주)
20260827,A011070,KR7011070000,1101110192180,KOSPI,LG이노텍,엘지이노텍(주)
20260827,A011080,KR7011080009,1101110192271,KOSDAQ,형지I&C,(주)형지아이앤씨
20260827,A011090,KR7011090008,1101110192635,KOSPI,에넥스,(주)에넥스
20260827,A011150,KR7011150000,1101110215578,KOSPI,CJ씨푸드,CJ씨푸드(주)
20260827,A011170,KR7011170008,1101110193196,KOSPI,롯데케미칼,롯데케미칼(주)
20260827,A011200,KR7011200003,1101110193740,KOSPI,HMM,에이치엠엠(주)
20260827,A011210,KR7011210002,1942110000125,KOSPI,현대위아,현대위아(주)
20260827,A011230,KR7011230000,1348110000563,KOSPI,삼화전자,삼화전자공업(주)
20260827,A011280,KR7011280005,1301110010015,KOSPI,태림포장,태림포장(주)
20260827,A011300,KR7011300001,1701110006868,KOSPI,우성머티리얼스,(주)우성머티리얼스
20260827,A011320,KR7011320009,1801110024496,KOSDAQ,유니크,(주)유니크
20260827,A011330,KR7011330008,1301110011807,KOSPI,유니켐,(주)유니켐
20260827,A011370,KR7011370004,1701110023002,KOSDAQ,서한,(주)서한
20260827,A011390,KR7011390002,1101110522618,KOSPI,부산산업,부산산업(주)
20260827,A011420,KR7011420007,1301110008771,KOSPI,갤럭시아에스엠,(주)갤럭시아 에스엠
20260827,A011500,KR7011500006,2111110001090,KOSPI,한농화성,(주)한농화성
20260827,A011560,KR7011560000,1101110236590,KOSDAQ,세보엠이씨,(주)세보엠이씨
20260827,A0115H0,KR70115H0007,1101110937795,KOSDAQ,삼성스팩13호,삼성기업인수목적13호(주)
20260827,A011690,KR7011690005,1101110204498,KOSPI,와이투솔루션,(주)와이투솔루션
20260827,A011700,KR7011700002,1301110010346,KOSPI,한신기계,한신기계공업(주)
20260827,A011760,KR7011760006,1101110205850,KOSPI,현대코퍼레이션,현대코퍼레이션(주)
20260827,A011780,KR7011780004,1101110205975,KOSPI,금호석유화학,금호석유화학(주)
20260827,A011790,KR7011790003,1301110001585,KOSPI,SKC,SKC(주)
20260827,A0117P0,KR70117P0005,1101117572145,KOSDAQ,피스피스스튜디오,피스피스스튜디오(주)
20260827,A011810,KR7011810009,1942110000183,KOSPI,STX,(주)STX
20260827,A011930,KR7011930005,1301110008664,KOSPI,신성이엔지,주식회사 신성이엔지
20260827,A012030,KR7012030003,1101110210859,KOSPI,DB,(주) DB Inc.
20260827,A0120G0,KR70120G0001,1311110077896,KOSPI,삼양바이오팜,(주)삼양바이오팜
20260827,A012160,KR7012160008,1942110000191,KOSPI,영흥,(주)영흥
20260827,A012170,KR7012170007,1101110253908,KOSPI,아센디오,주식회사 아센디오
20260827,A012200,KR7012200002,1101110212889,KOSPI,계양전기,계양전기(주)
20260827,A012210,KR7012210001,1942110000258,KOSDAQ,삼미금속,삼미금속(주)
20260827,A012280,KR7012280004,1801110027078,KOSPI,영화금속,영화금속(주)
20260827,A012320,KR7012320008,1812110000906,KOSPI,경동인베스트,(주)경동인베스트
20260827,A012330,KR7012330007,1101110215536,KOSPI,현대모비스,현대모비스(주)
20260827,A012340,KR7012340006,1243110003006,KOSDAQ,뉴인텍,(주)뉴인텍
20260827,A012450,KR7012450003,1942110000480,KOSPI,한화에어로스페이스,한화에어로스페이스(주)
20260827,A012610,KR7012610002,1201110005703,KOSPI,경인양행,(주)경인양행
20260827,A012620,KR7012620001,1101110220288,KOSDAQ,원일특강,(주)원일특강
20260827,A012630,KR7012630000,1101110279433,KOSPI,HDC,에이치디씨(주)
20260827,A012690,KR7012690004,1101110220882,KOSPI,모나리자,(주)모나리자
20260827,A0126Z0,KR70126Z0002,1201110149508,KOSPI,삼성에피스홀딩스,삼성에피스홀딩스(주)
20260827,A012700,KR7012700001,1101110219398,KOSDAQ,리드코프,(주)리드코프
20260827,A012750,KR7012750006,1101110221939,KOSPI,에스원,(주)에스원
20260827,A012790,KR7012790002,1152110000790,KOSDAQ,신일제약,신일제약(주)
20260827,A012800,KR7012800009,1301110007137,KOSPI,대창,(주)대창
20260827,A012860,KR7012860003,1301110008961,KOSDAQ,모베이스전자,(주)모베이스전자
20260827,A0129K0,KR70129K0006,1101110940451,KOSDAQ,신한제18호스팩,신한제18호기업인수목적주식회사
20260827,A013000,KR7013000005,1101110227177,KOSPI,세우글로벌,(주)세우글로벌
20260827,A013030,KR7013030002,1801110029321,KOSDAQ,하이록코리아,하이록코리아(주)
20260827,A0130D0,KR70130D0002,1101110940452,KOSDAQ,신한제17호스팩,신한제17호기업인수목적 주식회사
20260827,A0130H0,KR70130H0008,1101110940475,KOSDAQ,엔에이치스팩33호,엔에이치기업인수목적33호(주)
20260827,A013120,KR7013120001,1801110029438,KOSDAQ,동원개발,(주)동원개발
20260827,A0131D0,KR70131D0001,1101110940947,KOSDAQ,키움히어로제2호스팩,키움히어로제2호기업인수목적 주식회사
20260827,A0132G0,KR70132G0007,1101110941018,KOSDAQ,교보20호스팩,교보20호기업인수목적 주식회사
20260827,A013310,KR7013310008,1701110008913,KOSDAQ,아진산업,아진산업(주)
20260827,A013360,KR7013360003,1101110234776,KOSPI,일성건설,일성건설(주)
20260827,A0134X0,KR70134X0004,1101110941687,KOSDAQ,대신밸런스제20호스팩,대신밸런스제20호기업인수목적(주)
20260827,A013520,KR7013520002,1845110001252,KOSPI,화승코퍼레이션,(주)화승코퍼레이션
20260827,A013570,KR7013570007,1942110000472,KOSPI,디와이,디와이(주)
20260827,A013580,KR7013580006,1601110003121,KOSPI,계룡건설,계룡건설산업(주)
20260827,A013700,KR7013700000,1101110243793,KOSPI,까뮤이앤씨,(주)까뮤이앤씨
20260827,A013720,KR7013720008,1201110007238,KOSDAQ,청보,청보(주)
20260827,A013810,KR7013810007,1348110001545,KOSDAQ,스페코,(주)스페코
20260827,A013870,KR7013870001,1942110000399,KOSPI,지엠비코리아,지엠비코리아(주)
20260827,A013890,KR7013890009,1347110002553,KOSPI,지누스,(주)지누스
20260827,A013990,KR7013990007,1101110250855,KOSDAQ,아가방컴퍼니,(주)아가방앤컴퍼니
20260827,A014100,KR7014100002,1101110252471,KOSDAQ,메디앙스,메디앙스(주)
20260827,A014130,KR7014130009,1243110015051,KOSPI,한익스프레스,(주)한익스프레스
20260827,A014160,KR7014160006,1101110254104,KOSPI,대영포장,대영포장(주)
20260827,A014190,KR7014190003,1101110425432,KOSDAQ,원익큐브,(주)원익큐브
20260827,A014280,KR7014280002,1801110034320,KOSPI,금강공업,금강공업(주)
20260827,A014440,KR7014440002,1601110012742,KOSPI,영보화학,영보화학(주)
20260827,A014470,KR7014470009,1101110265523,KOSDAQ,부방,(주)부방
20260827,A014530,KR7014530000,1845110001335,KOSPI,극동유화,극동유화(주)
20260827,A014570,KR7014570006,1344110001840,KOSDAQ,고려제약,고려제약(주)
20260827,A014580,KR7014580005,1101110301111,KOSPI,태경비케이,(주)태경비케이
20260827,A014620,KR7014620009,1801110036425,KOSDAQ,성광벤드,(주)성광벤드
20260827,A014680,KR7014680003,1101110270895,KOSPI,한솔케미칼,(주)한솔케미칼
20260827,A014710,KR7014710008,1101110271596,KOSPI,사조씨푸드,사조씨푸드(주)
20260827,A014790,KR7014790000,1101110274699,KOSPI,HL D&I,에이치엘디앤아이한라(주)
20260827,A014820,KR7014820005,1341110011712,KOSPI,동원시스템즈,동원시스템즈(주)
20260827,A014830,KR7014830004,1101110275069,KOSPI,유니드,(주)유니드
20260827,A014910,KR7014910004,1311110005114,KOSPI,성문전자,성문전자(주)
20260827,A014940,KR7014940001,1801110038447,KOSDAQ,오리엔탈정공,(주)오리엔탈정공
20260827,A014950,KR7014950000,1201110009755,KOSDAQ,삼익제약,삼익제약(주)
20260827,A014970,KR7014970008,1156110001401,KOSDAQ,삼륭물산,삼륭물산(주)
20260827,A014990,KR7014990006,1101110279996,KOSPI,인디에프,(주)인디에프
20260827,A015020,KR7015020001,1243110006042,KOSPI,이스타코,(주)이스타코
20260827,A015230,KR7015230006,1801110039396,KOSPI,대창단조,대창단조(주)
20260827,A015260,KR7015260003,1243110006456,KOSPI,에이엔피,(주)에이엔피
20260827,A015360,KR7015360001,1101110290778,KOSPI,INVENI,(주)INVENI
20260827,A015590,KR7015590003,1812110002275,KOSPI,DKME,디케이엠이(주)
20260827,A0155E0,KR70155E0001,1501110231617,KOSDAQ,해치텍,(주)해치텍
20260827,A0156T0,KR70156T0003,1345110044624,KOSDAQ,에이치엘지노믹스,에이치엘지노믹스(주)
20260827,A015710,KR7015710007,1243110005359,KOSDAQ,코콤,(주)코콤
20260827,A015750,KR7015750003,1801110042612,KOSDAQ,성우하이텍,(주)성우하이텍
20260827,A015760,KR7015760002,1146710001456,KOSPI,한국전력,한국전력공사(주)
20260827,A015860,KR7015860000,1201110011990,KOSPI,일진홀딩스,일진홀딩스(주)
20260827,A015890,KR7015890007,1348110002080,KOSPI,태경산업,태경산업(주)
20260827,A016090,KR7016090003,1101110319320,KOSPI,대현,(주)대현
20260827,A016100,KR7016100000,1341110021539,KOSDAQ,리더스코스메틱,(주)리더스코스메틱
20260827,A016250,KR7016250003,1101110327555,KOSDAQ,SGC E&C,에스지씨이앤씨(주)
20260827,A016360,KR7016360000,1101110335649,KOSPI,삼성증권,삼성증권(주)
20260827,A016380,KR7016380008,1101110393308,KOSPI,KG스틸,KG스틸(주)
20260827,A016450,KR7016450009,1201110019382,KOSPI,한세예스24홀딩스,한세예스24홀딩스(주)
20260827,A0164H0,KR70164H0007,1101110950505,KOSDAQ,한국제16호스팩,한국제16호기업인수목적 주식회사
20260827,A016580,KR7016580003,1101110339542,KOSPI,환인제약,환인제약(주)
20260827,A016590,KR7016590002,1301110008789,KOSPI,신대양제지,신대양제지(주)
20260827,A0165X0,KR70165X0006,1101110950957,KOSDAQ,메리츠제2호스팩,메리츠제2호기업인수목적(주)
20260827,A016600,KR7016600009,1101110339691,KOSDAQ,큐캐피탈,큐캐피탈파트너스(주)
20260827,A016610,KR7016610008,1101110339956,KOSPI,DB증권,DB증권(주)
20260827,A016670,KR7016670002,1101110340979,KOSDAQ,디모아,(주)디모아
20260827,A016710,KR7016710006,1701110017237,KOSPI,대성홀딩스,대성홀딩스(주)
20260827,A016740,KR7016740003,1101110343957,KOSPI,두올,(주)두올
20260827,A016790,KR7016790008,1615110001572,KOSDAQ,현대사료,현대사료(주)
20260827,A016800,KR7016800005,1101110345630,KOSPI,퍼시스,(주)퍼시스
20260827,A016880,KR7016880007,1101110346745,KOSPI,웅진,(주)웅진
20260827,A016920,KR7016920001,1115110005269,KOSDAQ,카스,(주)카스
20260827,A017000,KR7017000001,1101110350712,KOSDAQ,신원종합개발,신원종합개발(주)
20260827,A017040,KR7017040007,1301110006270,KOSPI,광명전기,(주)광명전기
20260827,A017180,KR7017180001,1341110013180,KOSPI,명문제약,명문제약(주)
20260827,A017250,KR7017250002,1101110357403,KOSDAQ,인터엠,(주)인터엠
20260827,A017370,KR7017370008,1101110366719,KOSPI,우신시스템,(주)우신시스템
20260827,A017390,KR7017390006,1101110360399,KOSPI,서울가스,서울도시가스(주)
20260827,A017480,KR7017480005,1901110005551,KOSDAQ,삼현철강,삼현철강(주)
20260827,A017510,KR7017510009,1801110052091,KOSDAQ,세명전기,세명전기공업(주)
20260827,A017550,KR7017550005,1348110002981,KOSPI,수산세보틱스,(주)수산세보틱스
20260827,A017650,KR7017650003,1348110003020,KOSDAQ,대림제지,(주)대림제지
20260827,A017670,KR7017670001,1101110371346,KOSPI,SK텔레콤,SK텔레콤(주)
20260827,A017800,KR7017800004,1344110001519,KOSPI,현대엘리베이터,현대엘리베이터(주)
20260827,A017810,KR7017810003,1101110375439,KOSPI,풀무원,(주)풀무원
20260827,A017860,KR7017860008,1341110010839,KOSPI,DS단석,주식회사 디에스단석
20260827,A017890,KR7017890005,1812110003728,KOSDAQ,한국알콜,한국알콜산업(주)
20260827,A017900,KR7017900002,2149110002560,KOSPI,광전자,광전자(주)
20260827,A017940,KR7017940008,1101110381387,KOSPI,E1,(주)E1
20260827,A017960,KR7017960006,1801110054691,KOSPI,한국카본,(주)한국카본
20260827,A018000,KR7018000000,1101110382020,KOSDAQ,유니슨,유니슨(주)
20260827,A018120,KR7018120006,1301110009365,KOSDAQ,진로발효,(주)진로발효
20260827,A018250,KR7018250001,1101110398275,KOSPI,애경산업,애경산업(주)
20260827,A018260,KR7018260000,1101110398556,KOSPI,삼성에스디에스,삼성에스디에스(주)
20260827,A018290,KR7018290007,1101110509872,KOSDAQ,브이티,(주)브이티
20260827,A018310,KR7018310003,1101110400377,KOSDAQ,삼목에스폼,삼목에스폼(주)
20260827,A018470,KR7018470005,1701110021543,KOSPI,조일알미늄,조일알미늄(주)
20260827,A018500,KR7018500009,1701110021816,KOSPI,동원모빌리티,동원모빌리티(주)
20260827,A018620,KR7018620005,1243110014409,KOSDAQ,우진비앤지,우진비앤지(주)
20260827,A018670,KR7018670000,1101110413247,KOSPI,SK가스,SK가스(주)
20260827,A018680,KR7018680009,1301110008721,KOSDAQ,서울제약,(주)서울제약
20260827,A018700,KR7018700005,1101110413990,KOSDAQ,졸스,(주)졸스
20260827,A018880,KR7018880005,1347110002206,KOSPI,한온시스템,한온시스템(주)
20260827,A019010,KR7019010008,1101110252405,KOSDAQ,베뉴지,베뉴지(주)
20260827,A019170,KR7019170000,1301110011815,KOSPI,신풍제약,신풍제약(주)
20260827,A019180,KR7019180009,1701110022781,KOSPI,티에이치엔,(주)티에이치엔
20260827,A019210,KR7019210004,1201110038639,KOSDAQ,와이지-원,(주)와이지-원
20260827,A019490,KR7019490002,1243210017841,KOSPI,엑시큐어하이트론,(주)엑시큐어하이트론
20260827,A019540,KR7019540004,1701110029802,KOSDAQ,일지테크,(주)일지테크
20260827,A019550,KR7019550003,1101110511273,KOSDAQ,SBI인베스트먼트,에스비아이인베스트먼트(주)
20260827,A019570,KR7019570001,1101110511588,KOSDAQ,GMI벤처,(주)지엠아이벤처
20260827,A019660,KR7019660000,1101110514011,KOSDAQ,글로본,글로본(주)
20260827,A019680,KR7019680008,1101110514029,KOSPI,대교,(주)대교
20260827,A019770,KR7019770007,1101110519003,KOSDAQ,서연탑메탈,(주)서연탑메탈
20260827,A019990,KR7019990001,1101110530687,KOSDAQ,에너토크,(주)에너토크
20260827,A020000,KR7020000006,1101110531578,KOSPI,한섬,(주)한섬
20260827,A020120,KR7020120002,1101110539382,KOSPI,키다리스튜디오,(주)키다리스튜디오
20260827,A020150,KR7020150009,2149110003625,KOSPI,롯데에너지머티리얼즈,롯데에너지머티리얼즈(주)
20260827,A020180,KR7020180006,1101110542484,KOSDAQ,대신정보통신,대신정보통신(주)
20260827,A0203K0,KR70203K0005,1911110049285,KONEX,송우인포텍,주식회사 송우인포텍
20260827,A020400,KR7020400008,1741110002630,KOSDAQ,대동금속,대동금속(주)
20260827,A020560,KR7020560009,1101110562804,KOSPI,아시아나항공,아시아나항공(주)
20260827,A020710,KR7020710000,1101110562896,KOSDAQ,시공테크,(주)시공테크
20260827,A020760,KR7020760005,1545110006076,KOSPI,일진디스플,일진디스플레이(주)
20260827,A021040,KR7021040001,1845110003856,KOSDAQ,대호특수강,(주)대호특수강
20260827,A021050,KR7021050000,1350110029881,KOSPI,서원,(주)서원
20260827,A021080,KR7021080007,1301110012050,KOSDAQ,에이티넘인베스트,(주)에이티넘인베스트먼트
20260827,A021240,KR7021240007,1101110626501,KOSPI,코웨이,코웨이(주)
20260827,A021320,KR7021320007,1101110607618,KOSDAQ,KCC건설,(주)케이씨씨건설
20260827,A021650,KR7021650007,1350110031042,KOSDAQ,한국큐빅,(주)한국큐빅
20260827,A021820,KR7021820006,1701110039207,KOSPI,세원정공,(주)세원정공
20260827,A021880,KR7021880000,2101110007510,KOSDAQ,메이슨캐피탈,메이슨캐피탈주식회사
20260827,A0218L0,KR70218L0007,1341110071742,KOSDAQ,네오뷰,(주)네오뷰
20260827,A0220W0,KR70220W0000,1101110966625,KOSPI,한화머시너리앤서비스홀딩스,한화머시너리앤서비스홀딩스 주식회사
20260827,A022100,KR7022100002,1101110658637,KOSPI,포스코DX,(주)포스코디엑스
20260827,A022220,KR7022220008,1545110001571,KOSDAQ,티케이지애강,티케이지애강(주)
20260827,A023000,KR7023000003,1746110014924,KOSPI,삼원강재,(주)삼원강재
20260827,A023150,KR7023150006,1901110003563,KOSPI,MH에탄올,(주)MH에탄올
20260827,A023160,KR7023160005,1801110045559,KOSDAQ,태광,(주)태광
20260827,A023350,KR7023350002,1101110038326,KOSPI,한국종합기술,(주)한국종합기술
20260827,A023410,KR7023410004,1101110376148,KOSDAQ,유진기업,유진기업(주)
20260827,A023440,KR7023440001,1101110045347,KOSDAQ,제이스코홀딩스,제이스코홀딩스(주)
20260827,A023450,KR7023450000,1101110057012,KOSPI,동남합성,(주)동남합성
20260827,A023530,KR7023530009,1101110000086,KOSPI,롯데쇼핑,롯데쇼핑(주)
20260827,A023590,KR7023590003,1101110414758,KOSPI,다우기술,(주)다우기술
20260827,A023600,KR7023600000,1243110011322,KOSDAQ,삼보판지,삼보판지(주)
20260827,A023760,KR7023760002,1601110019277,KOSDAQ,한국캐피탈,한국캐피탈(주)
20260827,A023770,KR7023770001,1601110007660,KOSDAQ,플레이위드,(주)플레이위드코리아
20260827,A023790,KR7023790009,1801110002004,KOSDAQ,동일스틸럭스,동일스틸럭스(주)
20260827,A023800,KR7023800006,1301110006296,KOSPI,인지컨트롤스,인지컨트롤스(주)
20260827,A023810,KR7023810005,1301110008052,KOSPI,인팩,(주)인팩
20260827,A023900,KR7023900004,1701110000745,KOSDAQ,풍국주정,풍국주정공업(주)
20260827,A023910,KR7023910003,1101110080484,KOSDAQ,대한약품,대한약품공업(주)
20260827,A023960,KR7023960008,1101110271497,KOSPI,에쓰씨엔지니어링,에쓰씨엔지니어링(주)
20260827,A024060,KR7024060006,1701110002676,KOSDAQ,흥구석유,흥구석유(주)
20260827,A024070,KR7024070005,1301110009274,KOSPI,WISCOM,(주)WISCOM
20260827,A024090,KR7024090003,1801110071794,KOSPI,디씨엠,디씨엠(주)
20260827,A024110,KR7024110009,1101350000903,KOSPI,기업은행,중소기업은행
20260827,A024120,KR7024120008,1101110408305,KOSDAQ,KB오토시스,KB오토시스(주)
20260827,A024720,KR7024720005,1647110001591,KOSPI,콜마홀딩스,콜마홀딩스(주)
20260827,A024740,KR7024740003,1243110019293,KOSDAQ,한일단조,한일단조공업(주)
20260827,A024800,KR7024800005,1101110217607,KOSDAQ,유성티엔에스,(주)유성티엔에스
20260827,A024830,KR7024830002,1701110020694,KOSDAQ,세원물산,(주)세원물산
20260827,A024840,KR7024840001,1741110001294,KOSDAQ,KBI메탈,케이비아이메탈(주)
20260827,A024850,KR7024850000,1101110234312,KOSDAQ,HLB이노베이션,에이치엘비이노베이션(주)
20260827,A024880,KR7024880007,1301110010841,KOSDAQ,케이피에프,(주)케이피에프
20260827,A024890,KR7024890006,1101110165393,KOSPI,대원화성,대원화성(주)
20260827,A024900,KR7024900003,1812110000922,KOSPI,디와이덕양,디와이덕양(주)
20260827,A024910,KR7024910002,1701110007733,KOSDAQ,경창산업,경창산업(주)
20260827,A024940,KR7024940009,1101110155378,KOSDAQ,PN풍년,(주)피엔풍년
20260827,A024950,KR7024950008,1101110250136,KOSDAQ,삼천리자전거,삼천리자전거(주)
20260827,A025000,KR7025000001,1101110166903,KOSPI,KPX케미칼,KPX케미칼(주)
20260827,A025320,KR7025320003,1746110004644,KOSDAQ,시노펙스,(주)시노펙스
20260827,A025440,KR7025440009,1101110254344,KOSDAQ,DH오토웨어,(주)디에이치오토웨어
20260827,A025530,KR7025530007,1301110008862,KOSPI,SJM홀딩스,(주)에스제이엠홀딩스
20260827,A025540,KR7025540006,1201110002957,KOSPI,한국단자,한국단자공업(주)
20260827,A025550,KR7025550005,1801110102359,KOSDAQ,한국선재,한국선재(주)
20260827,A025560,KR7025560004,1243110030413,KOSPI,미래산업,미래산업(주)
20260827,A025620,KR7025620006,1341110001672,KOSPI,차AI헬스케어,차AI헬스케어(주)
20260827,A025750,KR7025750001,1101110825624,KOSPI,한솔홈데코,(주)한솔홈데코
20260827,A025770,KR7025770009,1101110426688,KOSDAQ,한국정보통신,한국정보통신(주)
20260827,A025820,KR7025820002,1301110009498,KOSPI,이구산업,이구산업(주)
20260827,A025860,KR7025860008,1101110164717,KOSPI,남해화학,남해화학(주)
20260827,A025870,KR7025870007,1101110224727,KOSDAQ,신라에스지,신라에스지(주)
20260827,A025880,KR7025880006,1747110000187,KOSDAQ,케이씨피드,(주)케이씨피드
20260827,A025890,KR7025890005,1943110000537,KOSPI,한국주강,한국주강(주)
20260827,A025900,KR7025900002,1201110004218,KOSDAQ,동화기업,동화기업(주)
20260827,A025950,KR7025950007,1748110000820,KOSDAQ,동신건설,동신건설(주)
20260827,A025980,KR7025980004,1301110026814,KOSDAQ,아난티,(주)아난티
20260827,A026040,KR7026040006,1101110569074,KOSDAQ,제이에스티나,(주)제이에스티나
20260827,A026150,KR7026150003,1101110115885,KOSDAQ,특수건설,(주)특수건설
20260827,A026890,KR7026890004,1243110008204,KOSPI,스틱인베스트먼트,스틱인베스트먼트(주)
20260827,A026910,KR7026910000,1801110025882,KOSDAQ,광진실업,광진실업(주)
20260827,A026940,KR7026940007,2001110001407,KOSPI,부국철강,부국철강(주)
20260827,A026960,KR7026960005,1101110180888,KOSPI,동서,(주)동서
20260827,A027040,KR7027040005,1243110009781,KOSDAQ,서울전자통신,서울전자통신(주)
20260827,A027050,KR7027050004,1101110597166,KOSDAQ,코리아나,(주)코리아나화장품
20260827,A027360,KR7027360007,1101110169874,KOSDAQ,아주IB투자,아주아이비투자(주)
20260827,A027410,KR7027410000,1101111105215,KOSPI,BGF,(주)비지에프
20260827,A027580,KR7027580000,1243110024177,KOSDAQ,상보,(주)상보
20260827,A027710,KR7027710003,1543110001715,KOSDAQ,팜스토리,(주)팜스토리
20260827,A027740,KR7027740000,1345110004149,KOSPI,마니커,(주)마니커
20260827,A027830,KR7027830009,1701110031881,KOSDAQ,대성창투,대성창업투자(주)
20260827,A027970,KR7027970003,1741110000618,KOSPI,한국제지,한국제지(주)
20260827,A028050,KR7028050003,1101110240509,KOSPI,삼성E&A,삼성이앤에이(주)
20260827,A028080,KR7028080000,1101110604200,KOSDAQ,휴맥스홀딩스,(주)휴맥스홀딩스
20260827,A028100,KR7028100006,1801110019843,KOSPI,동아지질,(주)동아지질
20260827,A028260,KR7028260008,1101110015762,KOSPI,삼성물산,삼성물산(주)
20260827,A028300,KR7028300002,1701110021600,KOSDAQ,HLB,에이치엘비(주)
20260827,A028670,KR7028670008,1101110004286,KOSPI,팬오션,팬오션(주)
20260827,A029460,KR7029460003,1101110703210,KOSPI,케이씨,(주)케이씨
20260827,A029480,KR7029480001,1101110779152,KOSDAQ,광무,(주)광무
20260827,A029530,KR7029530003,1101110034960,KOSPI,신도리코,(주)신도리코
20260827,A029780,KR7029780004,1101110346901,KOSPI,삼성카드,삼성카드(주)
20260827,A030000,KR7030000004,1101110139017,KOSPI,제일기획,(주)제일기획
20260827,A030190,KR7030190003,1101110393283,KOSPI,NICE평가정보,나이스평가정보 주식회사
20260827,A030200,KR7030200000,1101111468754,KOSPI,KT,(주)케이티
20260827,A030210,KR7030210009,1101110878706,KOSPI,다올투자증권,다올투자증권(주)
20260827,A030350,KR7030350003,1101110685309,KOSDAQ,드래곤플라이,(주)드래곤플라이
20260827,A030520,KR7030520001,1101110725064,KOSDAQ,한컴,(주)한컴
20260827,A030530,KR7030530000,1243110033235,KOSDAQ,원익홀딩스,(주)원익홀딩스
20260827,A030610,KR7030610000,1101110018089,KOSPI,교보증권,교보증권(주)
20260827,A030720,KR7030720007,1101110046204,KOSPI,동원수산,동원수산(주)
20260827,A030960,KR7030960009,1101110244965,KOSDAQ,양지사,(주)양지사
20260827,A031210,KR7031210008,1101110099774,KOSPI,서울보증보험,서울보증보험(주)
20260827,A031310,KR7031310006,1801110132801,KOSDAQ,아이즈비전,(주)아이즈비전
20260827,A031330,KR7031330004,1101110707674,KOSDAQ,에스에이엠티,(주)에스에이엠티
20260827,A031430,KR7031430002,1101110282402,KOSPI,신세계인터내셔날,(주)신세계인터내셔날
20260827,A031510,KR7031510001,1615110006796,KOSDAQ,오스템,(주)오스템
20260827,A031820,KR7031820004,1101110414126,KOSPI,아이티센씨티에스,(주)아이티센씨티에스
20260827,A031860,KR7031860000,1101110260218,KOSDAQ,디에이치엑스컴퍼니,디에이치엑스컴퍼니(주)
20260827,A031980,KR7031980006,1347110004377,KOSDAQ,피에스케이홀딩스,피에스케이홀딩스(주)
20260827,A032080,KR7032080004,1801110145953,KOSDAQ,아즈텍WB,(주)아즈텍더블유비이
20260827,A032190,KR7032190001,1101110863484,KOSDAQ,다우데이타,(주)다우데이타
20260827,A032280,KR7032280000,1746110001244,KOSDAQ,삼일,(주)삼일
20260827,A032300,KR7032300006,1801110059112,KOSDAQ,한국파마,(주)한국파마
20260827,A032350,KR7032350001,1101110115504,KOSPI,롯데관광개발,롯데관광개발(주)
20260827,A032500,KR7032500001,1348110020579,KOSDAQ,케이엠더블유,(주)케이엠더블유
20260827,A032540,KR7032540007,1101110770548,KOSDAQ,TJ미디어,티제이미디어(주)
20260827,A032560,KR7032560005,1101110504195,KOSPI,황금에스티,(주)황금에스티
20260827,A032580,KR7032580003,1101110717441,KOSDAQ,피델릭스,(주)피델릭스
20260827,A032620,KR7032620007,1101111105364,KOSDAQ,GC메디아이,(주)GC메디아이
20260827,A032640,KR7032640005,1101111296676,KOSPI,LG유플러스,(주)LG유플러스
20260827,A032680,KR7032680001,1101110570442,KOSDAQ,소프트센,(주) 소프트센
20260827,A032750,KR7032750002,1341110005351,KOSDAQ,삼진,(주)삼진
20260827,A032790,KR7032790008,1753110000126,KOSDAQ,엠젠솔루션,(주)엠젠솔루션
20260827,A032800,KR7032800005,1601110023757,KOSDAQ,판타지오,(주)판타지오
20260827,A032820,KR7032820003,1101111118656,KOSDAQ,우리기술,(주)우리기술
20260827,A032830,KR7032830002,1101110005953,KOSPI,삼성생명,삼성생명보험(주)
20260827,A032850,KR7032850000,1101110397699,KOSDAQ,비트컴퓨터,(주)비트컴퓨터
20260827,A032860,KR7032860009,1101110412778,KOSDAQ,더라미,더라미(주)
20260827,A032940,KR7032940009,1753110001158,KOSDAQ,원익,(주)원익
20260827,A032960,KR7032960007,1341110012687,KOSDAQ,동일기연,(주)동일기연
20260827,A033050,KR7033050006,1101110922214,KOSDAQ,제이엠아이,제이엠아이(주)
20260827,A033100,KR7033100009,1101110513633,KOSDAQ,제룡전기,제룡전기(주)
20260827,A033130,KR7033130006,1101111201071,KOSDAQ,디지틀조선,(주)디지틀조선일보
20260827,A033160,KR7033160003,1345110004412,KOSDAQ,엠케이전자,엠케이전자(주)
20260827,A033170,KR7033170002,1101110070815,KOSDAQ,시그네틱스,시그네틱스(주)
20260827,A033200,KR7033200007,1101110613607,KOSDAQ,모아텍,(주)모아텍
20260827,A033230,KR7033230004,1101110834378,KOSDAQ,인성정보,(주)인성정보
20260827,A033240,KR7033240003,1501110005955,KOSPI,자화전자,자화전자(주)
20260827,A033250,KR7033250002,1748110004244,KOSPI,체시스,(주)체시스
20260827,A033270,KR7033270000,1342110002769,KOSPI,유나이티드제약,한국유나이티드제약(주)
20260827,A033290,KR7033290008,1101110166127,KOSDAQ,로젠,로젠(주)
20260827,A033310,KR7033310004,1345110000600,KOSDAQ,엠투엔,(주)엠투엔
20260827,A033320,KR7033320003,1101110775853,KOSDAQ,제이씨현시스템,제이씨현시스템(주)
20260827,A033340,KR7033340001,1101110939326,KOSDAQ,좋은사람들,(주)좋은사람들
20260827,A033500,KR7033500000,1101110404361,KOSDAQ,동성화인텍,(주)동성화인텍
20260827,A033530,KR7033530007,1812110000758,KOSPI,SJG세종,에스제이지세종(주)
20260827,A033540,KR7033540006,1243110000573,KOSDAQ,파라텍,주식회사 파라텍
20260827,A033560,KR7033560004,1101110808357,KOSDAQ,블루콤,(주)블루콤
20260827,A033640,KR7033640004,1545110002355,KOSDAQ,네패스,(주)네패스
20260827,A033780,KR7033780008,1601110067804,KOSPI,KT&G,(주)케이티앤지
20260827,A033790,KR7033790007,1101110674724,KOSDAQ,피노,(주)피노
20260827,A033830,KR7033830001,1701110080458,KOSDAQ,티비씨,(주)티비씨
20260827,A033920,KR7033920000,1901110002721,KOSPI,무학,(주)무학
20260827,A034020,KR7034020008,1942110000943,KOSPI,두산에너빌리티,두산에너빌리티(주)
20260827,A034120,KR7034120006,1101110731483,KOSPI,SBS,(주)SBS
20260827,A034220,KR7034220004,1101110393134,KOSPI,LG디스플레이,엘지디스플레이(주)
20260827,A034230,KR7034230003,1101110129274,KOSPI,파라다이스,(주)파라다이스
20260827,A034310,KR7034310003,1101110505614,KOSPI,NICE,(주)NICE홀딩스
20260827,A034590,KR7034590000,1201110014027,KOSPI,인천도시가스,인천도시가스(주)
20260827,A034730,KR7034730002,1101110769583,KOSPI,SK,SK(주)
20260827,A034810,KR7034810002,1101110028145,KOSDAQ,해성산업,해성산업(주)
20260827,A034830,KR7034830000,1101111258220,KOSPI,한국토지신탁,(주)한국토지신탁
20260827,A034940,KR7034940007,1943110004498,KOSDAQ,조아제약,조아제약(주)
20260827,A034950,KR7034950006,1101110362808,KOSDAQ,한국기업평가,한국기업평가(주)
20260827,A035000,KR7035000009,1101110375398,KOSPI,HS애드,(주)에이치에스애드
20260827,A035080,KR7035080001,1101111468093,KOSDAQ,그래디언트,(주)그래디언트
20260827,A035150,KR7035150002,1147110003729,KOSPI,백산,(주)백산
20260827,A035200,KR7035200005,1601110031099,KOSDAQ,프럼파스트,(주)프럼파스트
20260827,A035250,KR7035250000,1449110001666,KOSPI,강원랜드,(주)강원랜드
20260827,A035290,KR7035290006,1101111100926,KOSDAQ,골드앤에스,(주)골드앤에스
20260827,A035420,KR7035420009,1101111707178,KOSPI,NAVER,네이버(주)
20260827,A035460,KR7035460005,1101111073454,KOSDAQ,기산텔레콤,(주)기산텔레콤
20260827,A035510,KR7035510007,1101111408867,KOSPI,신세계 I&C,(주)신세계아이앤씨
20260827,A035600,KR7035600006,1101111602667,KOSDAQ,KG이니시스,(주)케이지이니시스
20260827,A035610,KR7035610005,1101111064429,KOSDAQ,솔본,(주)솔본
20260827,A035620,KR7035620004,1101111354961,KOSDAQ,바른손이앤에이,(주)바른손이앤에이
20260827,A035720,KR7035720002,1101111129497,KOSPI,카카오,(주)카카오
20260827,A035760,KR7035760008,1101111109134,KOSDAQ,CJ ENM,(주)씨제이이엔엠
20260827,A035810,KR7035810001,1101110565163,KOSDAQ,이지홀딩스,(주)이지홀딩스
20260827,A035890,KR7035890003,1101110335912,KOSDAQ,서희건설,(주)서희건설
20260827,A035900,KR7035900000,1101111264764,KOSDAQ,JYP Ent.,(주)제이와이피엔터테인먼트
20260827,A036000,KR7036000008,1101110611693,KOSDAQ,예림당,(주)예림당
20260827,A036010,KR7036010007,1311110000718,KOSDAQ,아비코전자,아비코전자(주)
20260827,A036030,KR7036030005,1101110822026,KOSDAQ,케이티알파,(주)케이티알파
20260827,A036090,KR7036090009,1101111373755,KOSDAQ,위지트,(주)위지트
20260827,A036120,KR7036120004,1101110853419,KOSDAQ,서울평가정보,서울평가정보(주)
20260827,A036170,KR7036170009,1301110023349,KOSDAQ,에이치엠넥스,(주)에이치엠넥스
20260827,A036190,KR7036190007,1101110295778,KOSDAQ,금화피에스시,(주)금화피에스시
20260827,A036200,KR7036200004,1348110024878,KOSDAQ,유니셈,유니셈(주)
20260827,A036220,KR7036220002,1101111265697,KOSDAQ,오상헬스케어,(주)오상헬스케어
20260827,A036420,KR7036420008,1101110545751,KOSPI,콘텐트리중앙,(주)콘텐트리중앙
20260827,A036460,KR7036460004,1146710006125,KOSPI,한국가스공사,한국가스공사(주)
20260827,A036480,KR7036480002,1341110000880,KOSDAQ,대성미생물,(주)대성미생물연구소
20260827,A036530,KR7036530004,1244110002907,KOSPI,SNT홀딩스,(주)SNT홀딩스
20260827,A036540,KR7036540003,1615110027263,KOSDAQ,SFA반도체,(주)에스에프에이반도체
20260827,A036560,KR7036560001,1101110342496,KOSDAQ,KZ정밀,케이젯정밀(주)
20260827,A036570,KR7036570000,1101111387748,KOSPI,NC,(주)엔씨
20260827,A036580,KR7036580009,1311110042950,KOSPI,팜스코,(주)팜스코
20260827,A036620,KR7036620003,1101111061954,KOSDAQ,감성코퍼레이션,감성코퍼레이션(주)
20260827,A036630,KR7036630002,1341110036992,KOSDAQ,세종텔레콤,세종텔레콤(주)
20260827,A036640,KR7036640001,1244110001008,KOSDAQ,HRS,(주)에이치알에스
20260827,A036670,KR7036670008,1244110011884,KOSDAQ,삼양케이씨아이,(주)삼양케이씨아이
20260827,A036690,KR7036690006,1311110001964,KOSDAQ,코맥스,(주)코맥스
20260827,A036710,KR7036710002,1501110006185,KOSDAQ,심텍홀딩스,(주)심텍홀딩스
20260827,A036800,KR7036800001,1101110574453,KOSDAQ,나이스정보통신,나이스정보통신(주)
20260827,A036810,KR7036810000,1101110546006,KOSDAQ,에프에스티,(주)에프에스티
20260827,A036830,KR7036830008,1101110610083,KOSDAQ,솔브레인홀딩스,솔브레인홀딩스(주)
20260827,A036890,KR7036890002,1348110002155,KOSDAQ,진성티이씨,(주)진성티이씨
20260827,A036930,KR7036930006,1301110033281,KOSDAQ,주성엔지니어링,주성엔지니어링(주)
20260827,A037030,KR7037030004,1412110006738,KOSDAQ,파워넷,주식회사 파워넷
20260827,A037070,KR7037070000,1301110026228,KOSDAQ,파세코,(주)파세코
20260827,A037230,KR7037230000,1350110040291,KOSDAQ,한국팩키지,(주)한국팩키지
20260827,A037270,KR7037270006,1101111342289,KOSPI,YG PLUS,(주)와이지플러스
20260827,A037330,KR7037330008,1350110036315,KOSDAQ,인지디스플레,(주)인지디스플레이
20260827,A037350,KR7037350006,1101110574669,KOSDAQ,성도이엔지,(주)성도이엔지
20260827,A037370,KR7037370004,1615110003619,KOSDAQ,EG,(주)이지
20260827,A037400,KR7037400009,1101110061765,KOSDAQ,우리엔터프라이즈,우리엔터프라이즈(주)
20260827,A037440,KR7037440005,1101110660806,KOSDAQ,희림,(주)희림종합건축사사무소
20260827,A037460,KR7037460003,1101110300303,KOSDAQ,삼지전자,삼지전자(주)
20260827,A037560,KR7037560000,1101111144297,KOSPI,LG헬로비전,(주)엘지헬로비전
20260827,A037710,KR7037710001,2001110054795,KOSPI,광주신세계,(주)광주신세계
20260827,A037760,KR7037760006,1942110018855,KOSDAQ,쎄니트,(주)쎄니트
20260827,A037950,KR7037950003,1348110015546,KOSDAQ,엘컴텍,엘컴텍(주)
20260827,A038010,KR7038010005,1746110001179,KOSDAQ,제일테크노스,(주)제일테크노스
20260827,A038060,KR7038060000,1301110038918,KOSDAQ,루멘스,(주)루멘스
20260827,A038070,KR7038070009,1101110998124,KOSDAQ,서린바이오,(주)서린바이오사이언스
20260827,A038110,KR7038110003,1712110001253,KOSDAQ,에코플라스틱,에코플라스틱(주)
20260827,A038290,KR7038290003,1101111423576,KOSDAQ,마크로젠,(주)마크로젠
20260827,A038390,KR7038390001,1101111303140,KOSDAQ,레드캡투어,(주)레드캡투어
20260827,A038460,KR7038460002,1101110414302,KOSDAQ,바이오스마트,(주)바이오스마트
20260827,A038500,KR7038500005,1101110738637,KOSDAQ,삼표시멘트,(주)삼표시멘트
20260827,A038530,KR7038530002,1101111430498,KOSDAQ,케이바이오랩스,(주)케이바이오랩스
20260827,A038540,KR7038540001,1201110050104,KOSDAQ,상상인,(주)상상인
20260827,A038620,KR7038620001,1101111136145,KOSDAQ,위즈코프,위즈코프(주)
20260827,A038680,KR7038680005,1101111647671,KOSDAQ,에스넷,에스넷시스템(주)
20260827,A038870,KR7038870002,1101111448128,KOSDAQ,에코심플렉스,에코심플렉스(주)
20260827,A038880,KR7038880001,1101110963341,KOSDAQ,아이에이,(주)아이에이
20260827,A038950,KR7038950002,1101110896683,KOSDAQ,파인디지털,(주)파인디지털
20260827,A039010,KR7039010004,1101111539597,KOSDAQ,현대에이치티,현대에이치티(주)
20260827,A039020,KR7039020003,1301110028935,KOSDAQ,이건홀딩스,(주)이건홀딩스
20260827,A039030,KR7039030002,1101110998629,KOSDAQ,이오테크닉스,(주)이오테크닉스
20260827,A039130,KR7039130000,1101110981038,KOSPI,하나투어,(주)하나투어
20260827,A039200,KR7039200001,1615110028691,KOSDAQ,오스코텍,(주)오스코텍
20260827,A039240,KR7039240007,1942110006090,KOSDAQ,경남스틸,경남스틸(주)
20260827,A039290,KR7039290002,1101111166803,KOSDAQ,인포뱅크,인포뱅크(주)
20260827,A039310,KR7039310008,1101111220063,KOSDAQ,세중,(주)세중
20260827,A039340,KR7039340005,1101111767510,KOSDAQ,한국경제TV,(주)한국경제티브이
20260827,A039420,KR7039420005,1101111023889,KOSDAQ,케이엘넷,(주)케이엘넷
20260827,A039440,KR7039440003,1346110009460,KOSDAQ,에스티아이,(주)에스티아이
20260827,A039490,KR7039490008,1101111867948,KOSPI,키움증권,키움증권(주)
20260827,A039560,KR7039560008,1101110924765,KOSDAQ,다산네트웍스,(주)다산네트웍스
20260827,A039570,KR7039570007,1101111775365,KOSPI,HDC랩스,에이치디씨랩스(주)
20260827,A039610,KR7039610001,1701110030958,KOSDAQ,화성밸브,화성밸브(주)
20260827,A039740,KR7039740006,1101110735766,KOSDAQ,한국정보공학,한국정보공학(주)
20260827,A039830,KR7039830005,1101110407456,KOSDAQ,오로라,오로라월드(주)
20260827,A039840,KR7039840004,1845110003290,KOSDAQ,디오,(주)디오
20260827,A039860,KR7039860002,1101110550502,KOSDAQ,나노엔텍,(주)나노엔텍
20260827,A039980,KR7039980008,1101110747414,KOSDAQ,폴라리스AI,(주)폴라리스에이아이
20260827,A040160,KR7040160004,1101111029671,KOSDAQ,누리플렉스,(주)누리플렉스
20260827,A040300,KR7040300006,1101110971873,KOSDAQ,YTN,(주)와이티엔
20260827,A040350,KR7040350001,1101111407314,KOSDAQ,크레오에스지,(주)크레오에스지
20260827,A040420,KR7040420002,1243110039762,KOSDAQ,정상제이엘에스,(주)정상제이엘에스
20260827,A040610,KR7040610008,1101110984199,KOSDAQ,SG&G,(주)에스지엔지
20260827,A040910,KR7040910002,1301110058560,KOSDAQ,아이씨디,(주)아이씨디
20260827,A041020,KR7041020009,1101111398117,KOSDAQ,폴라리스오피스,(주)폴라리스오피스
20260827,A041190,KR7041190000,1601110058887,KOSDAQ,우리기술투자,우리기술투자(주)
20260827,A041440,KR7041440009,1101111042574,KOSDAQ,현대에버다임,(주)현대에버다임
20260827,A041460,KR7041460007,1101111665350,KOSDAQ,한국전자인증,한국전자인증(주)
20260827,A041510,KR7041510009,1101111128340,KOSDAQ,에스엠,(주)에스엠엔터테인먼트
20260827,A041520,KR7041520008,1301110004620,KOSDAQ,이엘씨,(주)이엘씨
20260827,A041590,KR7041590001,1101111625271,KOSDAQ,플래스크,(주)플래스크
20260827,A041650,KR7041650003,1741110000527,KOSPI,상신브레이크,상신브레이크(주)
20260827,A041830,KR7041830001,1101111271834,KOSDAQ,인바디,(주)인바디
20260827,A041910,KR7041910001,1351110047782,KOSDAQ,폴라리스AI파마,(주)폴라리스에이아이파마
20260827,A041920,KR7041920000,1101111168502,KOSDAQ,메디아나,(주)메디아나
20260827,A041930,KR7041930009,1801110021509,KOSDAQ,SY동아,SY동아(주)
20260827,A041960,KR7041960006,1101110134372,KOSDAQ,코미팜,(주)코미팜
20260827,A042000,KR7042000000,1101111698145,KOSDAQ,카페24,카페24(주)
20260827,A042040,KR7042040006,1301110010932,KOSDAQ,케이피엠테크,(주)케이피엠테크
20260827,A042110,KR7042110007,1345110005858,KOSDAQ,에스씨디,(주)에스씨디
20260827,A042370,KR7042370007,1101110086169,KOSDAQ,비츠로테크,(주)비츠로테크
20260827,A042420,KR7042420000,1101111419517,KOSDAQ,네오위즈홀딩스,(주)네오위즈홀딩스
20260827,A042500,KR7042500009,1101111927958,KOSDAQ,링네트,(주)링네트
20260827,A042510,KR7042510008,1353110002964,KOSDAQ,라온시큐어,라온시큐어(주)
20260827,A042520,KR7042520007,1101111773872,KOSDAQ,한스바이오메드,한스바이오메드(주)
20260827,A042600,KR7042600007,1753110000762,KOSDAQ,새로닉스,(주)새로닉스
20260827,A042660,KR7042660001,1101112095837,KOSPI,한화오션,한화오션(주)
20260827,A042700,KR7042700005,1201110038423,KOSPI,한미반도체,한미반도체(주)
20260827,A042940,KR7042940007,1311110004554,KOSDAQ,상지건설,(주)상지건설
20260827,A043100,KR7043100007,1347110014590,KOSDAQ,알파AI,(주)알파에이아이
20260827,A043150,KR7043150002,1341110036348,KOSDAQ,바텍,(주)바텍
20260827,A043200,KR7043200005,2013110006783,KOSDAQ,파루,(주)파루
20260827,A043220,KR7043220003,1101111182726,KOSDAQ,티에스넥스젠,(주)티에스넥스젠
20260827,A043260,KR7043260009,1101110145860,KOSDAQ,성호전자,성호전자(주)
20260827,A043340,KR7043340009,1201110087834,KOSDAQ,에쎈테크,(주)에쎈테크
20260827,A043360,KR7043360007,1115110015359,KOSDAQ,디지아이,(주)디지아이
20260827,A043370,KR7043370006,1701110021006,KOSDAQ,피에이치에이,피에이치에이(주)
20260827,A043590,KR7043590009,1101110171168,KOSDAQ,웰킵스하이텍,웰킵스하이텍(주)
20260827,A043610,KR7043610005,1601110024284,KOSDAQ,KT지니뮤직,(주)케이티지니뮤직
20260827,A043650,KR7043650001,2013110001155,KOSDAQ,국순당,(주)국순당
20260827,A043710,KR7043710003,1243110031007,KOSDAQ,코스리거글로벌,(주)코스리거글로벌
20260827,A043910,KR7043910009,1101111727853,KOSDAQ,자연과환경,(주)자연과환경
20260827,A044180,KR7044180008,1201110012914,KOSDAQ,KD,KD(주)
20260827,A044340,KR7044340008,1301110026260,KOSDAQ,위닉스,(주)위닉스
20260827,A044380,KR7044380004,1101110574164,KOSPI,주연테크,(주)주연테크
20260827,A044450,KR7044450005,1101110377055,KOSPI,KSS해운,(주)케이에스에스 해운
20260827,A044480,KR7044480002,1501110000765,KOSDAQ,빌리언스,(주)빌리언스
20260827,A044490,KR7044490001,1801110073922,KOSDAQ,태웅,(주)태웅
20260827,A044780,KR7044780005,1201110059410,KOSDAQ,에이치케이,(주)에이치케이
20260827,A044820,KR7044820009,1348110018641,KOSPI,코스맥스비티아이,코스맥스비티아이(주)
20260827,A044960,KR7044960003,1101110361008,KOSDAQ,이글벳,(주)이글벳
20260827,A044990,KR7044990000,1101111219561,KOSDAQ,에이치엔에스하이텍,에이치엔에스하이텍(주)
20260827,A045060,KR7045060001,1243110001513,KOSDAQ,오공,(주)오공
20260827,A045100,KR7045100005,1101110582547,KOSDAQ,한양이엔지,한양이엔지(주)
20260827,A045300,KR7045300001,1942110025941,KOSDAQ,성우테크론,성우테크론(주)
20260827,A045340,KR7045340007,1801110085076,KOSDAQ,토탈소프트,(주)토탈소프트뱅크
20260827,A045390,KR7045390002,1101111195109,KOSDAQ,대아티아이,대아티아이(주)
20260827,A045510,KR7045510005,1101110105688,KOSDAQ,정원엔시스,(주)정원엔시스
20260827,A045520,KR7045520004,2112110000553,KOSDAQ,크린앤사이언스,(주)크린앤사이언스
20260827,A045660,KR7045660008,1101110954374,KOSDAQ,에이텍,(주)에이텍
20260827,A045970,KR7045970001,1101110944622,KOSDAQ,코아시아,(주)코아시아
20260827,A046070,KR7046070009,1201110147422,KOSDAQ,코다코,(주)코다코
20260827,A046120,KR7046120002,1101110753734,KOSDAQ,오르비텍,(주)오르비텍
20260827,A046210,KR7046210001,1701110007098,KOSDAQ,HLB파나진,에이치엘비파나진 주식회사
20260827,A046310,KR7046310009,1101111353153,KOSDAQ,백금T&A,(주)백금티앤에이
20260827,A046390,KR7046390001,1101110809595,KOSDAQ,삼화네트웍스,(주)삼화네트웍스
20260827,A046440,KR7046440004,1101111911050,KOSDAQ,KG파이낸셜,(주)케이지파이낸셜
20260827,A046890,KR7046890000,1101110522436,KOSDAQ,서울반도체,서울반도체(주)
20260827,A046940,KR7046940003,1101111600794,KOSDAQ,우원개발,우원개발(주)
20260827,A046970,KR7046970000,2001110093313,KOSDAQ,우리로,(주)우리로
20260827,A047040,KR7047040001,1101112137895,KOSPI,대우건설,(주)대우건설
20260827,A047050,KR7047050000,1101112137358,KOSPI,포스코인터내셔널,(주)포스코인터내셔널
20260827,A047080,KR7047080007,1101111628928,KOSDAQ,한빛소프트,(주)한빛소프트
20260827,A047310,KR7047310008,1101111459191,KOSDAQ,파워로직스,(주)파워로직스
20260827,A047400,KR7047400007,1701110176489,KOSPI,유니온머티리얼,유니온머티리얼(주)
20260827,A047560,KR7047560008,1101110974851,KOSDAQ,이스트소프트,(주)이스트소프트
20260827,A047770,KR7047770003,1101111187031,KOSDAQ,코데즈컴바인,(주)코데즈컴바인
20260827,A047810,KR7047810007,1101111827570,KOSPI,한국항공우주,한국항공우주산업(주)
20260827,A047820,KR7047820006,1101111549786,KOSDAQ,초록뱀미디어,(주)초록뱀미디어
20260827,A047920,KR7047920004,1101111538391,KOSDAQ,HLB제약,에이치엘비제약(주)
20260827,A048410,KR7048410005,1344110015693,KOSDAQ,현대바이오,현대바이오사이언스(주)
20260827,A048430,KR7048430003,1101110529820,KOSDAQ,유라테크,(주)유라테크
20260827,A048470,KR7048470009,1101110150691,KOSDAQ,대동스틸,(주)대동스틸
20260827,A048530,KR7048530000,1101111636004,KOSDAQ,인트론바이오,(주)인트론바이오테크놀로지
20260827,A048550,KR7048550008,1101110275134,KOSDAQ,SM C&C,(주)에스엠컬처앤콘텐츠
20260827,A048770,KR7048770002,1101110245575,KOSDAQ,TPC로보틱스,(주)티피씨로보틱스
20260827,A048830,KR7048830004,1101110522311,KOSDAQ,엔피케이,(주)엔피케이
20260827,A048870,KR7048870000,1101111530959,KOSDAQ,시너지이노베이션,(주)시너지이노베이션
20260827,A048910,KR7048910004,1101110222151,KOSDAQ,대원미디어,대원미디어(주)
20260827,A049070,KR7049070006,1341110013552,KOSDAQ,인탑스,인탑스(주)
20260827,A049080,KR7049080005,1101111867831,KOSDAQ,기가레인,(주)기가레인
20260827,A049120,KR7049120009,1101111667273,KOSDAQ,파인디앤씨,(주)파인디앤씨
20260827,A049180,KR7049180003,1201110019225,KOSDAQ,셀루메드,(주)셀루메드
20260827,A049430,KR7049430002,1801110047399,KOSDAQ,코메론,(주)코메론
20260827,A049470,KR7049470008,1101111487267,KOSDAQ,비트플래닛,(주)비트플래닛
20260827,A049480,KR7049480007,1101110889836,KOSDAQ,오픈베이스,(주)오픈베이스
20260827,A049520,KR7049520000,1101110320955,KOSDAQ,유아이엘,유아이엘(주)
20260827,A049550,KR7049550007,1101110866785,KOSDAQ,잉크테크,(주)잉크테크
20260827,A049630,KR7049630007,1201110060450,KOSDAQ,재영솔루텍,재영솔루텍(주)
20260827,A049720,KR7049720006,1101110787080,KOSDAQ,고려신용정보,고려신용정보(주)
20260827,A049800,KR7049800006,1101110822993,KOSPI,우진플라임,(주)우진플라임
20260827,A049830,KR7049830003,1201110007204,KOSDAQ,승일,(주) 승일
20260827,A049950,KR7049950009,1101110911192,KOSDAQ,미래컴퍼니,(주)미래컴퍼니
20260827,A049960,KR7049960008,1244110020587,KOSDAQ,쎌바이오텍,(주)쎌바이오텍
20260827,A050090,KR7050090000,1760110022266,KOSDAQ,비케이홀딩스,(주)비케이홀딩스
20260827,A050110,KR7050110006,1201110081951,KOSDAQ,캠시스,(주)캠시스
20260827,A050120,KR7050120005,1801110031516,KOSDAQ,ES큐브,(주)ES큐브
20260827,A050760,KR7050760008,1101111716898,KOSDAQ,에스폴리텍,(주)에스폴리텍
20260827,A050860,KR7050860006,1741110000098,KOSDAQ,아세아텍,(주)아세아텍
20260827,A050890,KR7050890003,1101111603764,KOSDAQ,쏠리드,(주)쏠리드
20260827,A050960,KR7050960004,1101111518830,KOSDAQ,수산아이앤티,(주)수산아이앤티
20260827,A051160,KR7051160000,1101111574874,KOSDAQ,지어소프트,(주)지어소프트
20260827,A051360,KR7051360006,1349110013457,KOSDAQ,토비스,(주)토비스
20260827,A051370,KR7051370005,1350110042924,KOSDAQ,인터플렉스,(주)인터플렉스
20260827,A051380,KR7051380004,1101111577977,KOSDAQ,피씨디렉트,(주)피씨디렉트
20260827,A051390,KR7051390003,1311110021699,KOSDAQ,YW,와이더블유 주식회사
20260827,A051490,KR7051490001,1942110033580,KOSDAQ,나라엠앤디,나라엠앤디(주)
20260827,A051500,KR7051500007,1801110083442,KOSDAQ,CJ프레시웨이,씨제이프레시웨이(주)
20260827,A051600,KR7051600005,1101110371148,KOSPI,한전KPS,한전KPS(주)
20260827,A051630,KR7051630002,1101112141672,KOSPI,진양화학,진양화학(주)
20260827,A051780,KR7051780005,1101110555479,KOSDAQ,큐로홀딩스,(주)큐로홀딩스
20260827,A051900,KR7051900009,1101112208000,KOSPI,LG생활건강,(주)LG생활건강
20260827,A051910,KR7051910008,1101112207995,KOSPI,LG화학,(주)LG화학
20260827,A051980,KR7051980001,1101111686728,KOSDAQ,중앙첨단소재,(주)중앙첨단소재
20260827,A052020,KR7052020005,1243110025472,KOSDAQ,에스티큐브,(주)에스티큐브
20260827,A052220,KR7052220001,1101111903643,KOSDAQ,iMBC,(주)아이엠비씨
20260827,A052260,KR7052260007,1101111192981,KOSDAQ,현대바이오랜드,(주)현대바이오랜드
20260827,A052300,KR7052300001,1601110048870,KOSDAQ,오션인더블유,(주)오션인더블유
20260827,A052330,KR7052330008,1101110522494,KOSDAQ,코텍,(주)코텍
20260827,A052400,KR7052400009,1101111521700,KOSDAQ,코나아이,코나아이(주)
20260827,A052420,KR7052420007,1201110097940,KOSDAQ,오성첨단소재,오성첨단소재(주)
20260827,A052460,KR7052460003,1101111858814,KOSDAQ,아이크래프트,아이크래프트(주)
20260827,A052600,KR7052600004,1101111402851,KOSDAQ,한네트,(주)한네트
20260827,A052690,KR7052690005,1101110186307,KOSPI,한전기술,한국전력기술(주)
20260827,A052710,KR7052710001,1244110019308,KOSDAQ,아모텍,(주)아모텍
20260827,A052770,KR7052770005,1101111434218,KOSDAQ,아이톡시,(주)아이톡시
20260827,A052790,KR7052790003,1101111335656,KOSDAQ,액토즈소프트,(주)액토즈소프트
20260827,A052860,KR7052860004,1101111342213,KOSDAQ,아이앤씨,(주)아이앤씨테크놀로지
20260827,A052900,KR7052900008,1648110010780,KOSDAQ,KX하이텍,(주)케이엑스하이텍
20260827,A052960,KR7052960002,1101110560824,KONEX,태양3C,태양3C(주)
20260827,A053030,KR7053030003,1801110058742,KOSDAQ,바이넥스,(주)바이넥스
20260827,A053050,KR7053050001,1101110624969,KOSDAQ,지에스이,(주)지에스이
20260827,A053060,KR7053060000,1845110001541,KOSDAQ,세동,(주)세동
20260827,A053080,KR7053080008,1101110645353,KOSDAQ,케이엔솔,케이엔솔(주)
20260827,A053160,KR7053160008,1101110660830,KOSDAQ,프리엠스,(주)프리엠스
20260827,A053210,KR7053210001,1101112149436,KOSPI,스카이라이프,(주)케이티스카이라이프
20260827,A053260,KR7053260006,1101110207799,KOSDAQ,금강철강,금강철강(주)
20260827,A053270,KR7053270005,1747110001791,KOSDAQ,구영테크,(주)구영테크
20260827,A053280,KR7053280004,1101111673288,KOSDAQ,예스24,예스이십사(주)
20260827,A053290,KR7053290003,1101111051137,KOSDAQ,NE능률,(주)엔이능률
20260827,A053300,KR7053300000,1101111727332,KOSDAQ,한국정보인증,한국정보인증(주)
20260827,A053350,KR7053350005,1601110063240,KOSDAQ,이니텍,이니텍(주)
20260827,A053450,KR7053450003,1158110006449,KOSDAQ,세코닉스,(주)세코닉스
20260827,A053580,KR7053580007,1101111731135,KOSDAQ,웹케시,웹케시(주)
20260827,A053610,KR7053610002,1349110012243,KOSDAQ,프로텍,(주)프로텍
20260827,A053620,KR7053620001,1615110006118,KOSDAQ,태양,(주)태양
20260827,A053690,KR7053690004,1101111283657,KOSPI,한미글로벌,(주)한미글로벌건축사사무소
20260827,A053700,KR7053700001,1101110545529,KOSDAQ,삼보모터스,삼보모터스(주)
20260827,A053800,KR7053800009,1101111138985,KOSDAQ,안랩,(주)안랩
20260827,A053950,KR7053950002,1350110085255,KOSDAQ,경남제약,경남제약 주식회사
20260827,A053980,KR7053980009,1201110083303,KOSDAQ,오상자이엘,오상자이엘(주)
20260827,A054040,KR7054040001,1760110008737,KOSDAQ,한국컴퓨터,한국컴퓨터(주)
20260827,A054050,KR7054050000,1301110015049,KOSDAQ,NH농우바이오,농업회사법인 (주)엔에이치농우바이오
20260827,A054090,KR7054090006,1348110004664,KOSDAQ,삼진엘앤디,(주)삼진엘앤디
20260827,A054180,KR7054180005,1101111640609,KOSDAQ,메디콕스,(주)메디콕스
20260827,A054210,KR7054210000,1345110002375,KOSDAQ,이랜텍,(주)이랜텍
20260827,A054220,KR7054220009,1101110657275,KOSDAQ,비츠로시스,(주)비츠로시스
20260827,A054300,KR7054300009,1201110126038,KOSDAQ,팬스타엔터프라이즈,(주)팬스타엔터프라이즈
20260827,A054410,KR7054410006,1350110047883,KOSDAQ,케이피티유,(주)케이피티유
20260827,A054450,KR7054450002,1101111799513,KOSDAQ,텔레칩스,(주)텔레칩스
20260827,A054540,KR7054540000,1943110005149,KOSDAQ,삼영엠텍,삼영엠텍(주)
20260827,A054620,KR7054620000,1101111315286,KOSDAQ,APS,(주)에이피에스
20260827,A054670,KR7054670005,1101110383515,KOSDAQ,대한뉴팜,대한뉴팜(주)
20260827,A054780,KR7054780002,1101111327869,KOSDAQ,키이스트,(주)키이스트
20260827,A054800,KR7054800008,1601110065824,KOSDAQ,아이디스홀딩스,(주)아이디스홀딩스
20260827,A054920,KR7054920004,1101111673585,KOSDAQ,한컴위드,(주)한컴위드
20260827,A054930,KR7054930003,1101110061666,KOSDAQ,유신,(주)유신
20260827,A054940,KR7054940002,1101110774376,KOSDAQ,엑사이엔씨,(주)엑사이엔씨
20260827,A054950,KR7054950001,1701110111352,KOSDAQ,제이브이엠,(주)제이브이엠
20260827,A055490,KR7055490007,1201110095499,KOSPI,테이팩스,(주)테이팩스
20260827,A055550,KR7055550008,1101112322438,KOSPI,신한지주,(주)신한금융지주회사
20260827,A056080,KR7056080005,1101110991467,KOSDAQ,유진로봇,(주) 유진로봇
20260827,A056090,KR7056090004,1101111453648,KOSDAQ,시지메드텍,(주)시지메드텍
20260827,A056190,KR7056190002,1942110032714,KOSDAQ,SFA,(주)에스에프에이
20260827,A056360,KR7056360001,1101111883225,KOSDAQ,코위버,코위버(주)
20260827,A056700,KR7056700008,1348110011677,KOSDAQ,신화인터텍,신화인터텍(주)
20260827,A056730,KR7056730005,1101111347940,KOSDAQ,CNT85,씨앤티85(주)
20260827,A057030,KR7057030009,1101111990335,KOSDAQ,YBM넷,(주)와이비엠넷
20260827,A057540,KR7057540007,1211110054981,KOSDAQ,옴니시스템,옴니시스템(주)
20260827,A057680,KR7057680001,1101111577604,KOSDAQ,티사이언티픽,(주)티사이언티픽
20260827,A058110,KR7058110008,1341110063143,KOSDAQ,멕아이씨에스,(주)멕아이씨에스
20260827,A058400,KR7058400003,1801110162585,KOSDAQ,KNN,(주)케이엔엔
20260827,A058430,KR7058430000,1746110006492,KOSPI,포스코스틸리온,포스코스틸리온(주)
20260827,A058450,KR7058450008,1101110226327,KOSDAQ,한주에이알티,한주에이알티(주)
20260827,A058470,KR7058470006,1801110220664,KOSDAQ,리노공업,리노공업(주)
20260827,A058610,KR7058610007,1243110031213,KOSDAQ,에스피지,(주)에스피지
20260827,A058630,KR7058630005,1101111838212,KOSDAQ,엠게임,주식회사 엠게임
20260827,A058650,KR7058650003,1101112276809,KOSPI,세아홀딩스,(주)세아홀딩스
20260827,A058730,KR7058730003,2052110005288,KOSPI,다스코,다스코(주)
20260827,A058820,KR7058820002,1350110115846,KOSDAQ,CMG제약,(주)CMG제약
20260827,A058850,KR7058850009,1601110119712,KOSPI,KTcs,(주)케이티씨에스
20260827,A058860,KR7058860008,1101112271510,KOSPI,KTis,(주)케이티아이에스
20260827,A058970,KR7058970005,1101111906887,KOSDAQ,엠로,(주)엠로
20260827,A059090,KR7059090001,1346110012744,KOSDAQ,미코,(주)미코
20260827,A059100,KR7059100008,1301110060490,KOSDAQ,아이컴포넌트,(주)아이컴포넌트
20260827,A059120,KR7059120006,1801110248369,KOSDAQ,아진엑스텍,(주)아진엑스텍
20260827,A059180,KR7059180000,1101111642788,KONEX,엔더블유시,엔더블유시(주)
20260827,A059210,KR7059210005,1501110041925,KOSDAQ,메타바이오메드,(주)메타바이오메드
20260827,A059270,KR7059270009,1201110148800,KOSDAQ,해성에어로보틱스,해성에어로보틱스(주)
20260827,A060150,KR7060150000,1159110017303,KOSDAQ,인선이엔티,인선이엔티(주)
20260827,A060230,KR7060230000,1101111833486,KOSDAQ,제이케이시냅스,제이케이시냅스(주)
20260827,A060250,KR7060250008,1101111113929,KOSDAQ,NHN KCP,엔에이치엔케이씨피 주식회사
20260827,A060260,KR7060260007,1412110004279,KOSDAQ,뉴보텍,(주)뉴보텍
20260827,A060280,KR7060280005,1101110839071,KOSDAQ,큐렉소,큐렉소(주)
20260827,A060310,KR7060310000,1101110746474,KOSDAQ,3S,(주)삼에스코리아
20260827,A060370,KR7060370004,1801110181428,KOSDAQ,LS마린솔루션,엘에스마린솔루션 주식회사
20260827,A060380,KR7060380003,1601110004426,KOSDAQ,동양에스텍,(주)동양에스텍
20260827,A060480,KR7060480001,1201110082793,KOSDAQ,국일신동,국일신동(주)
20260827,A060540,KR7060540002,1101111622540,KOSDAQ,에스에이티,(주)에스에이티
20260827,A060560,KR7060560000,1760110003901,KOSDAQ,HC홈센타,주식회사 에이치씨홈센타
20260827,A060570,KR7060570009,1101111637383,KOSDAQ,드림어스컴퍼니,(주)드림어스컴퍼니
20260827,A060590,KR7060590007,1101111227077,KOSDAQ,씨티씨바이오,(주)씨티씨바이오
20260827,A060720,KR7060720000,1760110007234,KOSDAQ,KH바텍,(주)케이에이치바텍
20260827,A060850,KR7060850005,1101110944036,KOSDAQ,영림원소프트랩,(주)영림원소프트랩
20260827,A060900,KR7060900008,1101111384075,KOSDAQ,에이전트AI,(주)에이전트에이아이
20260827,A060980,KR7060980000,1313110030042,KOSPI,HL홀딩스,에이치엘홀딩스(주)
20260827,A061040,KR7061040002,1350110045639,KOSDAQ,알에프텍,(주)알에프텍
20260827,A061090,KR7061090007,1101111564982,KOSDAQ,세나테크놀로지,(주)세나테크놀로지
20260827,A061250,KR7061250007,1344110000719,KOSDAQ,화일약품,화일약품(주)
20260827,A061970,KR7061970000,1311110046291,KOSDAQ,LB세미콘,엘비세미콘(주)
20260827,A062040,KR7062040001,1101111020728,KOSPI,산일전기,산일전기(주)
20260827,A062970,KR7062970009,2001110105176,KOSDAQ,한국첨단소재,(주)한국첨단소재
20260827,A063080,KR7063080006,1101111848914,KOSDAQ,컴투스홀딩스,(주)컴투스홀딩스
20260827,A063160,KR7063160006,1101112373308,KOSPI,종근당바이오,(주)종근당바이오
20260827,A063170,KR7063170005,1101111627011,KOSDAQ,서울옥션,(주)서울옥션
20260827,A063440,KR7063440002,1101111626063,KOSDAQ,SM Life Design,(주)에스엠라이프디자인그룹
20260827,A063570,KR7063570006,1101111848980,KOSDAQ,NICE인프라,NICE인프라(주)
20260827,A063760,KR7063760003,1101111790834,KOSDAQ,이엘피,(주)이엘피
20260827,A064090,KR7064090004,1243110033334,KOSDAQ,인크레더블버즈,(주)인크레더블버즈
20260827,A064240,KR7064240005,1101111954513,KOSDAQ,홈캐스트,(주)홈캐스트
20260827,A064260,KR7064260003,1101111435810,KOSDAQ,다날,(주)다날
20260827,A064290,KR7064290000,1101111204637,KOSDAQ,인텍플러스,(주)인텍플러스
20260827,A064350,KR7064350002,1942110036336,KOSPI,현대로템,현대로템(주)
20260827,A064400,KR7064400005,1101110516695,KOSPI,LG씨엔에스,(주)엘지씨엔에스
20260827,A064480,KR7064480007,1101111143950,KOSDAQ,브리지텍,(주)브리지텍
20260827,A064520,KR7064520000,1211110060136,KOSDAQ,테크엘,(주)테크엘
20260827,A064550,KR7064550007,1601110032542,KOSDAQ,바이오니아,(주)바이오니아
20260827,A064760,KR7064760002,1346110007844,KOSDAQ,티씨케이,(주)티씨케이
20260827,A064800,KR7064800006,1101111931230,KOSDAQ,포니링크,(주)포니링크
20260827,A064820,KR7064820004,1801110051770,KOSDAQ,케이프,(주)케이프
20260827,A064850,KR7064850001,1101112017922,KOSDAQ,에프앤가이드,(주)에프앤가이드
20260827,A064960,KR7064960008,1801110396069,KOSPI,SNT모티브,SNT모티브(주)
20260827,A065060,KR7065060006,1101111421257,KOSDAQ,지엔코,(주)지엔코
20260827,A065130,KR7065130007,1760110007937,KOSDAQ,탑엔지니어링,(주)탑엔지니어링
20260827,A065150,KR7065150005,1101111194739,KOSDAQ,대산F&B,(주)대산에프앤비
20260827,A065170,KR7065170003,1545110007397,KOSDAQ,비엘팜텍,(주)비엘팜텍
20260827,A065350,KR7065350001,1942110003096,KOSDAQ,신성델타테크,신성델타테크(주)
20260827,A065370,KR7065370009,1101110723969,KOSDAQ,위세아이텍,(주)위세아이텍
20260827,A065420,KR7065420002,1701110031873,KOSDAQ,에스아이리소스,(주)에스아이리소스
20260827,A065440,KR7065440000,1101111538664,KOSDAQ,이루온,(주)이루온
20260827,A065450,KR7065450009,1341110048674,KOSDAQ,빅텍,(주)빅텍
20260827,A065500,KR7065500001,1812110008083,KOSDAQ,오리엔트정공,(주)오리엔트정공
20260827,A065510,KR7065510000,1341110065636,KOSDAQ,휴비츠,(주)휴비츠
20260827,A065530,KR7065530008,1101111359630,KOSDAQ,와이어블,(주)와이어블
20260827,A065570,KR7065570004,1801110172667,KOSDAQ,삼영이엔씨,삼영이엔씨(주)
20260827,A065650,KR7065650004,1101111390816,KOSDAQ,하이퍼코퍼레이션,(주)하이퍼코퍼레이션
20260827,A065660,KR7065660003,1101111909906,KOSDAQ,안트로젠,(주)안트로젠
20260827,A065680,KR7065680001,1348110043711,KOSDAQ,우주일렉트로,(주)우주일렉트로닉스
20260827,A065690,KR7065690000,1201110041327,KOSDAQ,파커스,(주)파커스
20260827,A065710,KR7065710006,1101110591928,KOSDAQ,서호전기,서호전기(주)
20260827,A065770,KR7065770000,1101111644809,KOSDAQ,CS,(주)씨에스
20260827,A065950,KR7065950008,1101110860216,KOSDAQ,웰크론,(주)웰크론
20260827,A066130,KR7066130006,1156110003902,KOSDAQ,하츠,(주)하츠
20260827,A066310,KR7066310004,1615110037709,KOSDAQ,큐에스아이,(주)큐에스아이
20260827,A066360,KR7066360009,1543110001997,KOSDAQ,체리부로,(주)체리부로
20260827,A066410,KR7066410002,1101111646889,KOSDAQ,버킷스튜디오,(주)버킷스튜디오
20260827,A066430,KR7066430000,1101111631476,KOSDAQ,아이로보틱스,(주)아이로보틱스
20260827,A066570,KR7066570003,1101112487050,KOSPI,LG전자,LG전자(주)
20260827,A066590,KR7066590001,1943110003995,KOSDAQ,스모트로닉,(주)스모트로닉
20260827,A066620,KR7066620006,1101110564066,KOSDAQ,국보디자인,(주)국보디자인
20260827,A066670,KR7066670001,1760110017077,KOSDAQ,디티씨,(주)디티씨
20260827,A066700,KR7066700006,1101110724107,KOSDAQ,테라젠이텍스,(주)테라젠이텍스
20260827,A066790,KR7066790007,1511110009906,KOSDAQ,씨씨에스,(주)씨씨에스충북방송
20260827,A066830,KR7066830001,1601110064157,KONEX,제노텍,(주)제노텍
20260827,A066900,KR7066900002,1244110006602,KOSDAQ,디에이피,(주)디에이피
20260827,A066910,KR7066910001,1201110144999,KOSDAQ,손오공,(주)손오공
20260827,A066970,KR7066970005,1760110022654,KOSPI,엘앤에프,(주)엘앤에프
20260827,A066980,KR7066980004,1313110026091,KOSDAQ,한성크린텍,한성크린텍(주)
20260827,A067000,KR7067000000,1101111041633,KOSDAQ,조이시티,(주)조이시티
20260827,A067010,KR7067010009,1101111784457,KOSDAQ,이씨에스,(주)이씨에스텔레콤
20260827,A067080,KR7067080002,2111110001529,KOSDAQ,대화제약,대화제약(주)
20260827,A067160,KR7067160002,1101111263203,KOSDAQ,SOOP,(주)숲
20260827,A067170,KR7067170001,1101110795455,KOSDAQ,오텍,(주)오텍
20260827,A067280,KR7067280008,1101111960792,KOSDAQ,멀티캠퍼스,(주)멀티캠퍼스
20260827,A067290,KR7067290007,1615110001291,KOSDAQ,JW신약,제이더블유신약(주)
20260827,A067310,KR7067310003,1648110021208,KOSDAQ,하나마이크론,하나마이크론(주)
20260827,A067370,KR7067370007,1101111424243,KOSDAQ,선바이오,선바이오(주)
20260827,A067390,KR7067390005,1954110007168,KOSDAQ,아스트,(주)아스트
20260827,A067570,KR7067570002,1812110003421,KOSDAQ,엔브이에이치코리아,엔브이에이치코리아(주)
20260827,A067630,KR7067630004,1101111568885,KOSDAQ,HLB생명과학,에이치엘비생명과학(주)
20260827,A067730,KR7067730002,1101111293119,KOSDAQ,로지시스,(주)로지시스
20260827,A067770,KR7067770008,1101111279672,KOSDAQ,세진티에스,(주)세진티에스
20260827,A067830,KR7067830000,1101112520644,KOSPI,세이브존I&C,(주)세이브존아이앤씨
20260827,A067900,KR7067900001,2062110001540,KOSDAQ,와이엔텍,(주)와이엔텍
20260827,A067920,KR7067920009,1101111800659,KOSDAQ,이글루,(주)이글루코퍼레이션
20260827,A067990,KR7067990002,1942110042721,KOSDAQ,도이치모터스,도이치모터스(주)
20260827,A068050,KR7068050004,1101111531460,KOSDAQ,팬엔터테인먼트,(주)팬엔터테인먼트
20260827,A068100,KR7068100007,1101111427586,KOSDAQ,케이웨더,케이웨더(주)
20260827,A068240,KR7068240001,1350110049607,KOSDAQ,다원시스,(주)다원시스
20260827,A068270,KR7068270008,1350110034038,KOSPI,셀트리온,(주)셀트리온
20260827,A068290,KR7068290006,1101112559411,KOSPI,삼성출판사,(주)삼성출판사
20260827,A068330,KR7068330000,1101111079155,KOSDAQ,일신바이오,(주)일신바이오베이스
20260827,A068760,KR7068760008,1101112112764,KOSDAQ,셀트리온제약,(주)셀트리온제약
20260827,A068790,KR7068790005,1346110012687,KOSDAQ,DMS,(주)디엠에스
20260827,A068930,KR7068930007,1101111902835,KOSDAQ,디지털대성,(주)디지털대성
20260827,A068940,KR7068940006,1701110141812,KOSDAQ,셀피글로벌,(주)셀피글로벌
20260827,A069080,KR7069080000,1101111955694,KOSDAQ,웹젠,(주)웹젠
20260827,A069140,KR7069140002,1101111015779,KOSDAQ,누리플랜,(주)누리플랜
20260827,A069260,KR7069260008,1101112611906,KOSPI,TKG휴켐스,티케이지휴켐스(주)
20260827,A069330,KR7069330009,1647110001608,KOSDAQ,유아이디,(주)유아이디
20260827,A069410,KR7069410009,1101112029456,KOSDAQ,엔텔스,(주)엔텔스
20260827,A069460,KR7069460004,1701110233338,KOSPI,대호에이엘,(주)대호에이엘
20260827,A069510,KR7069510006,1845110021812,KOSDAQ,에스텍,에스텍(주)
20260827,A069540,KR7069540003,1601110075170,KOSDAQ,빛과전자,(주)빛과전자
20260827,A069620,KR7069620003,1348110075342,KOSPI,대웅제약,(주)대웅제약
20260827,A069640,KR7069640001,1101111144073,KOSPI,한세엠케이,한세엠케이(주)
20260827,A069730,KR7069730000,1801110004753,KOSPI,DSR제강,DSR제강(주)
20260827,A069920,KR7069920007,1101112192493,KOSDAQ,엑시온그룹,(주)엑시온그룹
20260827,A069960,KR7069960003,1101112644725,KOSPI,현대백화점,(주)현대백화점
20260827,A070300,KR7070300009,1350110106150,KOSDAQ,퀀텀레일,(주)퀀텀레일
20260827,A070590,KR7070590005,1101112915605,KOSDAQ,인티큐브,(주)인티큐브
20260827,A070960,KR7070960000,1450110002801,KOSPI,모나용평,모나용평(주)
20260827,A071050,KR7071050009,1101112691651,KOSPI,한국금융지주,한국투자금융지주(주)
20260827,A071090,KR7071090005,1101112686024,KOSPI,하이스틸,(주)하이스틸
20260827,A071200,KR7071200000,1101112683179,KOSDAQ,인피니트헬스케어,(주)인피니트헬스케어
20260827,A071280,KR7071280002,1301110045012,KOSDAQ,로체시스템즈,로체시스템즈(주)
20260827,A071320,KR7071320006,1112710005962,KOSPI,지역난방공사,한국지역난방공사
20260827,A071670,KR7071670004,1345110051645,KOSDAQ,에이테크솔루션,에이테크솔루션(주)
20260827,A071840,KR7071840003,1101110532633,KOSPI,롯데하이마트,롯데하이마트(주)
20260827,A071850,KR7071850002,1801110273986,KOSDAQ,캐스텍코리아,(주)캐스텍코리아
20260827,A071950,KR7071950000,1101110881642,KOSPI,코아스,(주)코아스
20260827,A071970,KR7071970008,1942110048381,KOSPI,HD현대마린엔진,에이치디현대마린엔진(주)
20260827,A072020,KR7072020001,1601110042533,KOSDAQ,중앙백신,(주)중앙백신연구소
20260827,A072130,KR7072130008,1311110041192,KOSPI,유엔젤,유엔젤(주)
20260827,A072470,KR7072470008,1341110026480,KOSDAQ,우리산업홀딩스,우리산업홀딩스(주)
20260827,A072710,KR7072710007,1101112819005,KOSPI,농심홀딩스,(주)농심홀딩스
20260827,A072770,KR7072770001,1101111518418,KOSDAQ,멤레이비티,(주)멤레이비티
20260827,A072870,KR7072870009,1101112024026,KOSDAQ,메가스터디,메가스터디(주)
20260827,A072950,KR7072950009,1301110049246,KOSDAQ,빛샘전자,빛샘전자(주)
20260827,A072990,KR7072990005,1344110015635,KOSDAQ,에이치시티,(주)에이치시티
20260827,A073010,KR7073010001,1801110328550,KOSDAQ,케이에스피,(주)케이에스피
20260827,A073110,KR7073110009,1101111651242,KOSDAQ,엘엠에스,(주)엘엠에스
20260827,A073190,KR7073190001,1201110040676,KOSDAQ,듀오백,(주)듀오백
20260827,A073240,KR7073240004,1101112810590,KOSPI,금호타이어,금호타이어(주)
20260827,A073490,KR7073490005,1101112078073,KOSDAQ,LIG아큐버,(주)엘아이지아큐버
20260827,A073540,KR7073540007,1101112090168,KOSDAQ,에프알텍,(주)에프알텍
20260827,A073560,KR7073560005,2112110005321,KOSDAQ,우리손에프앤지,우리손에프앤지 농업회사법인(주)
20260827,A073570,KR7073570004,1101111549108,KOSDAQ,리튬포어스,(주)리튬포어스
20260827,A073640,KR7073640005,1901110021119,KOSDAQ,테라사이언스,테라사이언스(주)
20260827,A074430,KR7074430000,1311110030369,KOSDAQ,아미노로직스,(주)아미노로직스
20260827,A074600,KR7074600008,1760110035615,KOSDAQ,원익QnC,(주)원익큐엔씨
20260827,A074610,KR7074610007,1355110144291,KOSPI,이엔플러스,(주)이엔플러스
20260827,A075130,KR7075130005,1101111985914,KOSDAQ,플랜티넷,(주)플랜티넷
20260827,A075180,KR7075180000,1615110030026,KOSPI,새론오토모티브,새론오토모티브(주)
20260827,A075580,KR7075580001,2301110060126,KOSPI,세진중공업,(주)세진중공업
20260827,A075970,KR7075970004,1955110069249,KOSDAQ,동국알앤에스,(주)동국알앤에스
20260827,A076080,KR7076080001,1101111118276,KOSDAQ,웰크론한텍,(주)웰크론한텍
20260827,A076340,KR7076340009,1101111569817,KONEX,지에이이노더스,지에이이노더스(주)
20260827,A076610,KR7076610005,1348110069163,KOSDAQ,해성옵틱스,해성옵틱스(주)
20260827,A077360,KR7077360006,2301110056969,KOSDAQ,덕산하이메탈,덕산하이메탈(주)
20260827,A077500,KR7077500007,1101111216757,KOSPI,유니퀘스트,유니퀘스트(주)
20260827,A077970,KR7077970002,1942110066763,KOSPI,STX엔진,STX엔진(주)
20260827,A078000,KR7078000007,1101111848394,KOSPI,텔코웨어,텔코웨어(주)
20260827,A078020,KR7078020005,1101111828362,KOSDAQ,LS증권,엘에스증권(주)
20260827,A078070,KR7078070000,1101112023185,KOSDAQ,유비쿼스홀딩스,(주)유비쿼스홀딩스
20260827,A078130,KR7078130002,1345110001377,KOSDAQ,국일제지,국일제지(주)
20260827,A078140,KR7078140001,1243110016976,KOSDAQ,대봉엘에스,대봉엘에스(주)
20260827,A078150,KR7078150000,1311110030335,KOSDAQ,HB테크놀러지,(주)에이치비테크놀러지
20260827,A078160,KR7078160009,1101112007709,KOSDAQ,메디포스트,메디포스트(주)
20260827,A078340,KR7078340007,1101111571250,KOSDAQ,컴투스,(주)컴투스
20260827,A078350,KR7078350006,1348110094160,KOSDAQ,한양디지텍,한양디지텍(주)
20260827,A078520,KR7078520004,1101111846174,KOSPI,에이블씨엔씨,(주)에이블씨엔씨
20260827,A078590,KR7078590007,1913110002354,KOSDAQ,휴림에이텍,(주)휴림에이텍
20260827,A078600,KR7078600004,1301110007616,KOSDAQ,대주전자재료,대주전자재료(주)
20260827,A078860,KR7078860004,1101111952567,KOSDAQ,아이오케이이엔엠,(주)아이오케이이엔엠
20260827,A078890,KR7078890001,1311110060978,KOSDAQ,가온그룹,가온그룹(주)
20260827,A078930,KR7078930005,1101113045112,KOSPI,GS,(주)GS
20260827,A079000,KR7079000006,1201110153916,KOSDAQ,와토스코리아,와토스코리아(주)
20260827,A079160,KR7079160008,1101111673220,KOSPI,CJ CGV,씨제이씨지브이(주)
20260827,A079170,KR7079170007,1348110003715,KOSDAQ,한창산업,한창산업(주)
20260827,A079190,KR7079190005,1101111551608,KOSDAQ,케스피온,(주)케스피온
20260827,A079370,KR7079370003,1101110600430,KOSDAQ,제우스,(주)제우스
20260827,A079430,KR7079430005,1345110034097,KOSPI,현대리바트,(주)현대리바트
20260827,A079550,KR7079550000,1101111516933,KOSPI,LIG디펜스앤에어로스페이스,엘아이지디펜스앤에어로스페이스(주)
20260827,A079650,KR7079650008,2042110000370,KOSDAQ,서산,(주)서산
20260827,A079810,KR7079810008,1615110044697,KOSDAQ,APS이노베이션,APS이노베이션 주식회사
20260827,A079900,KR7079900007,1101111807910,KOSPI,전진건설로봇,전진건설로봇(주)
20260827,A079940,KR7079940003,1101111777585,KOSDAQ,가비아,(주)가비아
20260827,A079950,KR7079950002,1348110056871,KOSDAQ,인베니아,인베니아(주)
20260827,A079960,KR7079960001,1348110004870,KOSDAQ,동양이엔피,동양이엔피(주)
20260827,A079970,KR7079970000,1101112021395,KOSDAQ,투비소프트,(주)투비소프트
20260827,A079980,KR7079980009,1101112102070,KOSPI,휴비스,(주)휴비스
20260827,A080010,KR7080010002,1101111892010,KOSDAQ,이상네트웍스,(주)이상네트웍스
20260827,A080160,KR7080160005,1101110609771,KOSDAQ,모두투어,(주)모두투어네트워크
20260827,A080220,KR7080220007,1311110047918,KOSDAQ,제주반도체,(주)제주반도체
20260827,A080420,KR7080420003,1355110106027,KOSDAQ,모다이노칩,(주)모다이노칩
20260827,A080470,KR7080470008,1313110020308,KOSDAQ,성창오토텍,(주)성창오토텍
20260827,A080520,KR7080520000,2149110013103,KOSDAQ,오디텍,(주)오디텍
20260827,A080530,KR7080530009,1301110050847,KOSDAQ,코디,(주)코디
20260827,A080580,KR7080580004,1341110059845,KOSDAQ,오킨스전자,(주)오킨스전자
20260827,A080720,KR7080720006,1801110007062,KOSDAQ,한국유니온제약,한국유니온제약 주식회사
20260827,A081000,KR7081000002,1545110029242,KOSPI,일진다이아,일진다이아몬드(주)
20260827,A081150,KR7081150005,1101110822159,KOSDAQ,티플랙스,(주)티플랙스
20260827,A081180,KR7081180002,1301110059360,KOSDAQ,쎄크,(주)쎄크
20260827,A081580,KR7081580003,1243110020000,KOSDAQ,성우전자,성우전자(주)
20260827,A081660,KR7081660003,1101110792667,KOSPI,미스토홀딩스,(주)미스토홀딩스
20260827,A082210,KR7082210006,1601110082513,KOSDAQ,옵트론텍,(주)옵트론텍
20260827,A082270,KR7082270000,1601110069636,KOSDAQ,젬백스,(주)젬백스&카엘
20260827,A082640,KR7082640004,1101110624688,KOSPI,동양생명,동양생명보험(주)
20260827,A082660,KR7082660002,1760110025872,KOSDAQ,코스나인,(주)코스나인
20260827,A082740,KR7082740002,1942110038423,KOSPI,한화엔진,한화엔진(주)
20260827,A082800,KR7082800004,1358110085019,KOSDAQ,비보존 제약,(주)비보존제약
20260827,A082850,KR7082850009,1350110103198,KOSDAQ,우리바이오,우리바이오(주)
20260827,A082920,KR7082920000,1101110548771,KOSDAQ,비츠로셀,(주)비츠로셀
20260827,A083310,KR7083310003,1615110049069,KOSDAQ,엘오티베큠,(주)엘오티베큠
20260827,A083420,KR7083420000,1614110012349,KOSPI,그린케미칼,그린케미칼(주)
20260827,A083450,KR7083450007,1313110038864,KOSDAQ,GST,(주)글로벌스탠다드테크놀로지
20260827,A083470,KR7083470005,1350110096608,KOSDAQ,이엠앤아이,(주)이엠앤아이
20260827,A083500,KR7083500009,1345110059459,KOSDAQ,에프엔에스테크,에프엔에스테크(주)
20260827,A083550,KR7083550004,1450110000540,KOSDAQ,케이엠,(주)케이엠
20260827,A083640,KR7083640003,1101112039934,KOSDAQ,인콘,(주)인콘
20260827,A083650,KR7083650002,1943110006262,KOSDAQ,비에이치아이,비에이치아이주식회사
20260827,A083660,KR7083660001,1101110657499,KOSDAQ,CSA 코스믹,(주)씨에스에이코스믹
20260827,A083790,KR7083790006,1601110101016,KOSDAQ,CG인바이츠,씨지인바이츠(주)
20260827,A083930,KR7083930008,1701110166737,KOSDAQ,아바코,(주)아바코
20260827,A084010,KR7084010008,1801110003268,KOSPI,대한제강,대한제강(주)
20260827,A084110,KR7084110006,1101110400202,KOSDAQ,휴온스글로벌,(주)휴온스글로벌
20260827,A084180,KR7084180009,1101110313728,KOSDAQ,수성웹툰,수성웹툰 주식회사
20260827,A084370,KR7084370006,1351110051329,KOSDAQ,유진테크,(주)유진테크
20260827,A084440,KR7084440007,1101111848675,KOSDAQ,유비온,(주)유비온
20260827,A084650,KR7084650001,1345110059821,KOSDAQ,랩지노믹스,(주)랩지노믹스
20260827,A084670,KR7084670009,1341110131073,KOSPI,동양고속,(주)동양고속
20260827,A084680,KR7084680008,1701110290867,KOSPI,이월드,(주)이월드
20260827,A084690,KR7084690007,1101113280099,KOSPI,대상홀딩스,대상홀딩스(주)
20260827,A084730,KR7084730001,1101111394420,KOSDAQ,팅크웨어,팅크웨어(주)
20260827,A084850,KR7084850007,1311110046639,KOSDAQ,아이티엠반도체,(주)아이티엠반도체
20260827,A084870,KR7084870005,1801110346204,KOSPI,TBH글로벌,(주)티비에이치글로벌
20260827,A084990,KR7084990001,1101111343930,KOSDAQ,헬릭스미스,(주)헬릭스미스
20260827,A085310,KR7085310001,1801110054641,KOSPI,엔케이,(주)엔케이
20260827,A085620,KR7085620003,1601110014483,KOSPI,미래에셋생명,미래에셋생명보험(주)
20260827,A085660,KR7085660009,1345110065662,KOSDAQ,차바이오텍,(주)차바이오텍
20260827,A085670,KR7085670008,1350110103601,KOSDAQ,뉴프렉스,(주)뉴프렉스
20260827,A085810,KR7085810000,1101111643736,KOSDAQ,알티캐스트,(주)알티캐스트
20260827,A085910,KR7085910008,1346110015095,KOSDAQ,네오티스,(주)네오티스
20260827,A086040,KR7086040003,1501110048707,KOSDAQ,바이오톡스텍,(주)바이오톡스텍
20260827,A086060,KR7086060001,1612110007815,KOSDAQ,진바이오텍,(주)진바이오텍
20260827,A086220,KR7086220001,1101110907521,KONEX,광동헬스바이오,광동헬스바이오(주)
20260827,A086280,KR7086280005,1101112177388,KOSPI,현대글로비스,현대글로비스(주)
20260827,A086390,KR7086390002,1311110047356,KOSDAQ,유니테스트,(주)유니테스트
20260827,A086450,KR7086450004,1101110094477,KOSDAQ,동국제약,동국제약(주)
20260827,A086520,KR7086520004,1101111598379,KOSDAQ,에코프로,(주)에코프로
20260827,A086670,KR7086670007,1801110331502,KOSDAQ,비엠티,(주)비엠티
20260827,A086710,KR7086710001,1350110029576,KOSDAQ,선진뷰티사이언스,선진뷰티사이언스(주)
20260827,A086790,KR7086790003,1101113352004,KOSPI,하나금융지주,(주)하나금융지주
20260827,A086820,KR7086820008,1301110057421,KOSDAQ,바이오솔루션,주식회사 바이오솔루션
20260827,A086890,KR7086890001,1101112203951,KOSDAQ,이수앱지스,(주)이수앱지스
20260827,A086900,KR7086900008,1648110016928,KOSDAQ,메디톡스,(주)메디톡스
20260827,A086960,KR7086960002,1101111626188,KOSDAQ,MDS테크,(주)MDS테크
20260827,A086980,KR7086980000,1101111712309,KOSDAQ,쇼박스,(주)쇼박스
20260827,A087010,KR7087010005,1601110067234,KOSDAQ,펩트론,(주)펩트론
20260827,A087260,KR7087260006,1311110115054,KOSDAQ,모바일어플라이언스,모바일어플라이언스 주식회사
20260827,A087600,KR7087600003,1601110096473,KOSDAQ,픽셀플러스,(주)픽셀플러스
20260827,A088130,KR7088130000,1341110065470,KOSDAQ,동아엘텍,(주)동아엘텍
20260827,A088260,KR7088260005,1101113275959,KOSPI,이리츠코크렙,(주)이리츠코크렙기업구조조정부동산투자회사
20260827,A088280,KR7088280003,1341110078407,KOSDAQ,쏘닉스,(주)쏘닉스
20260827,A088290,KR7088290002,1613110004067,KOSDAQ,이원컴포텍,이원컴포텍(주)
20260827,A088340,KR7088340005,1101112155673,KOSDAQ,유라클,(주)유라클
20260827,A088350,KR7088350004,1101110003204,KOSPI,한화생명,한화생명보험(주)
20260827,A088390,KR7088390000,1346110018221,KOSDAQ,이녹스,(주)이녹스
20260827,A088790,KR7088790001,1101113411024,KOSPI,진도,(주)진도
20260827,A088800,KR7088800008,1201110397241,KOSDAQ,에이스테크,(주)에이스테크놀로지
20260827,A088910,KR7088910005,2111110005365,KOSDAQ,동우팜투테이블,동우팜투테이블
20260827,A088980,KR7088980008,1101112672586,KOSPI,맥쿼리인프라,맥쿼리한국인프라투융자회사
20260827,A089010,KR7089010003,1311110028116,KOSDAQ,켐트로닉스,(주)켐트로닉스
20260827,A089030,KR7089030001,1348110072942,KOSDAQ,테크윙,(주)테크윙
20260827,A089140,KR7089140008,1345110042264,KOSDAQ,넥스턴앤롤코리아,(주)넥스턴앤롤코리아
20260827,A089150,KR7089150007,1358110088245,KOSDAQ,케이씨티,(주)케이씨티
20260827,A089230,KR7089230007,1801110414837,KOSDAQ,THE E&M,더이앤엠(주)
20260827,A089470,KR7089470009,1650110006768,KOSPI,HDC현대EP,에이치디씨현대이피(주)
20260827,A089590,KR7089590004,2201110050575,KOSPI,제주항공,(주)제주항공
20260827,A089600,KR7089600001,1101111905516,KOSDAQ,KT나스미디어,(주)케이티나스미디어
20260827,A089790,KR7089790000,1211110061910,KOSDAQ,제이티,(주)제이티
20260827,A089850,KR7089850002,1101112062167,KOSDAQ,유비벨록스,유비벨록스(주)
20260827,A089860,KR7089860001,1101113326588,KOSPI,롯데렌탈,롯데렌탈(주)
20260827,A089890,KR7089890008,1243110041444,KOSDAQ,코세스,(주)코세스
20260827,A089970,KR7089970008,1348110068248,KOSDAQ,브이엠,브이엠(주)
20260827,A089980,KR7089980007,1201110038209,KOSDAQ,상아프론테크,(주)상아프론테크
20260827,A090080,KR7090080003,1701110309329,KOSPI,평화산업,평화산업(주)
20260827,A090150,KR7090150004,1845110020244,KOSDAQ,아이윈,(주)아이윈
20260827,A090350,KR7090350000,1341110142575,KOSPI,노루페인트,(주)노루페인트
20260827,A090360,KR7090360009,1101111655393,KOSDAQ,로보스타,(주)로보스타
20260827,A090370,KR7090370008,1101112103953,KOSPI,메타랩스,(주)메타랩스
20260827,A090410,KR7090410002,1101110730732,KOSDAQ,덕신이피씨,(주)덕신이피씨
20260827,A090430,KR7090430000,1101113471036,KOSPI,아모레퍼시픽,(주)아모레퍼시픽
20260827,A090460,KR7090460007,1350110087483,KOSPI,비에이치,(주)비에이치
20260827,A090470,KR7090470006,1243110046030,KOSDAQ,제이스로보틱스,(주)제이스로보틱스
20260827,A090710,KR7090710005,1101111817828,KOSDAQ,휴림로봇,휴림로봇(주)
20260827,A090850,KR7090850009,1101112693235,KOSDAQ,현대이지웰,(주)현대이지웰
20260827,A091120,KR7091120006,1801110348945,KOSDAQ,이엠텍,(주)이엠텍
20260827,A091340,KR7091340000,1355110101465,KOSDAQ,S&K폴리텍,에스엔케이폴리텍(주)
20260827,A091440,KR7091440008,1101112072330,KOSDAQ,한울소재과학,(주)한울소재과학
20260827,A091580,KR7091580001,1348110016007,KOSDAQ,상신이디피,상신이디피(주)
20260827,A091590,KR7091590000,2001110002843,KOSDAQ,남화토건,남화토건(주)
20260827,A091700,KR7091700005,1358110090117,KOSDAQ,파트론,(주)파트론
20260827,A091810,KR7091810002,1101112782046,KOSPI,트리니티항공,(주)트리니티항공
20260827,A091970,KR7091970004,1345110037710,KOSDAQ,LSK아이로봇,(주)엘에스케이아이로봇
20260827,A092040,KR7092040005,1911110019783,KOSDAQ,아미코젠,아미코젠(주)
20260827,A092070,KR7092070002,1601110109896,KOSDAQ,디엔에프,(주)디엔에프
20260827,A092130,KR7092130004,1101112303305,KOSDAQ,이크레더블,(주)이크레더블
20260827,A092190,KR7092190008,1350110122156,KOSDAQ,서울바이오시스,서울바이오시스(주)
20260827,A092200,KR7092200005,1801110025147,KOSPI,디아이씨,(주)디아이씨
20260827,A092220,KR7092220003,1101113525750,KOSPI,KEC,(주)케이이씨
20260827,A092230,KR7092230002,1101113520627,KOSPI,KPX홀딩스,KPX홀딩스(주)
20260827,A092300,KR7092300003,1201110140484,KOSDAQ,현우산업,현우산업(주)
20260827,A092440,KR7092440007,1201110046476,KOSPI,기신정기,기신정기(주)
20260827,A092460,KR7092460005,1801110186907,KOSDAQ,한라IMS,한라아이엠에스(주)
20260827,A092590,KR7092590009,1101111936579,KONEX,럭스피아,럭스피아(주)
20260827,A092600,KR7092600006,1101111413361,KOSDAQ,앤씨앤,(주)앤씨앤
20260827,A092730,KR7092730001,1601110100688,KOSDAQ,네오팜,(주)네오팜
20260827,A092780,KR7092780006,1243110003379,KOSPI,DYP,디와이피(주)
20260827,A092790,KR7092790005,1746110022860,KOSPI,넥스틸,넥스틸(주)
20260827,A092870,KR7092870005,1311110058402,KOSDAQ,엑시콘,(주)엑시콘
20260827,A093050,KR7093050003,1101113555187,KOSPI,LF,(주)LF
20260827,A093190,KR7093190007,1358110087297,KOSDAQ,빅솔론,(주)빅솔론
20260827,A093240,KR7093240000,1101112507551,KOSPI,형지엘리트,(주)형지엘리트
20260827,A093320,KR7093320000,1101111999593,KOSDAQ,케이아이엔엑스,(주)케이아이엔엑스
20260827,A093370,KR7093370005,1314110189425,KOSPI,후성,(주)후성
20260827,A093380,KR7093380004,1341110002141,KOSDAQ,풍강,(주)풍강
20260827,A093510,KR7093510006,1401110013637,KONEX,엔지브이아이,(주)엔지브이아이
20260827,A093520,KR7093520005,1101113581075,KOSDAQ,매커스,(주)매커스
20260827,A093640,KR7093640001,1101111621956,KOSDAQ,케이알엠,(주)케이알엠
20260827,A093920,KR7093920007,1351110045041,KOSDAQ,서원인텍,(주)서원인텍
20260827,A094170,KR7094170008,1101113487546,KOSDAQ,동운아나텍,(주)동운아나텍
20260827,A094280,KR7094280005,1101111412256,KOSPI,효성 ITX,효성아이티엑스(주)
20260827,A094360,KR7094360005,1101112732413,KOSDAQ,칩스앤미디어,(주)칩스앤미디어
20260827,A094480,KR7094480001,1101111081928,KOSDAQ,갤럭시아머니트리,갤럭시아머니트리(주)
20260827,A094800,KR7094800000,1101113595852,KOSPI,맵스리얼티,미래에셋맵스리얼티부동산공모투자회사
20260827,A094820,KR7094820008,1101110673966,KOSDAQ,일진파워,(주)일진파워
20260827,A094840,KR7094840006,1101111960437,KOSDAQ,슈프리마에이치큐,(주)슈프리마에이치큐
20260827,A094850,KR7094850005,1101113624007,KOSDAQ,참좋은여행,참좋은여행(주)
20260827,A094860,KR7094860004,1101113623463,KOSDAQ,네오리진,(주)네오리진
20260827,A094940,KR7094940004,1101111444241,KOSDAQ,푸른로보틱스,(주)푸른로보틱스
20260827,A094970,KR7094970001,1101111551749,KOSDAQ,제이엠티,제이엠티(주)
20260827,A095190,KR7095190005,1943110012186,KOSDAQ,신화프리텍,(주)신화프리텍
20260827,A095270,KR7095270005,1311110043271,KOSDAQ,웨이브일렉트로,(주)웨이브일렉트로닉스
20260827,A095340,KR7095340006,1311110057876,KOSDAQ,ISC,(주)아이에스시
20260827,A095500,KR7095500005,1101112577885,KOSDAQ,미래나노텍,미래나노텍(주)
20260827,A095570,KR7095570008,1101111874654,KOSPI,AJ네트웍스,AJ네트웍스 주식회사
20260827,A095610,KR7095610002,1345110064482,KOSDAQ,테스,(주)테스
20260827,A095660,KR7095660007,1101113667552,KOSDAQ,네오위즈,(주)네오위즈
20260827,A095700,KR7095700001,1717110036705,KOSDAQ,제넥신,(주)제넥신
20260827,A095720,KR7095720009,2849110065613,KOSPI,웅진씽크빅,(주)웅진씽크빅
20260827,A095910,KR7095910006,1101112149890,KOSDAQ,에스에너지,(주)에스에너지
20260827,A096240,KR7096240007,1101112541575,KOSDAQ,크레버스,(주)크레버스
20260827,A096250,KR7096250006,1101111969942,KOSDAQ,와이즈넛,(주)와이즈넛
20260827,A096350,KR7096350004,1801110028042,KOSDAQ,대창솔루션,(주)대창솔루션
20260827,A096530,KR7096530001,1101112070334,KOSDAQ,씨젠,(주)씨젠
20260827,A096610,KR7096610001,1601110088660,KOSDAQ,알에프세미,주식회사알에프세미
20260827,A096630,KR7096630009,1311110045540,KOSDAQ,에스코넥,주식회사에스코넥
20260827,A096690,KR7096690003,1341110095394,KOSDAQ,에이루트,(주)에이루트
20260827,A096760,KR7096760004,1101113710468,KOSPI,JW홀딩스,JW홀딩스(주)
20260827,A096770,KR7096770003,1101113710385,KOSPI,SK이노베이션,SK이노베이션(주)
20260827,A096870,KR7096870001,1501110031257,KOSDAQ,엘디티,(주)엘디티
20260827,A097230,KR7097230007,1801110602507,KOSPI,HJ중공업,(주)에이치제이중공업
20260827,A097520,KR7097520001,1101113136383,KOSPI,엠씨넥스,(주)엠씨넥스
20260827,A097780,KR7097780001,1358110109364,KOSDAQ,에코볼트,에코볼트(주)
20260827,A097800,KR7097800007,1344110020543,KOSDAQ,윈팩,(주)윈팩
20260827,A097870,KR7097870000,1648110001094,KOSDAQ,효성오앤비,효성오앤비(주)
20260827,A097950,KR7097950000,1101113748253,KOSPI,CJ제일제당,CJ제일제당(주)
20260827,A098070,KR7098070006,2301110052355,KOSDAQ,한텍,(주)한텍
20260827,A098120,KR7098120009,1845110022448,KOSDAQ,마이크로컨텍솔,(주)마이크로컨텍솔루션
20260827,A098460,KR7098460009,1101112508088,KOSDAQ,고영,(주)고영테크놀러지
20260827,A098660,KR7098660004,1101112722761,KOSDAQ,에스티오,㈜에스티오
20260827,A099190,KR7099190001,1101111960924,KOSDAQ,아이센스,(주)아이센스
20260827,A099220,KR7099220006,1101111020299,KOSDAQ,SDN,에스디엔(주)
20260827,A099320,KR7099320004,1601110091283,KOSDAQ,쎄트렉아이,주식회사쎄트렉아이
20260827,A099390,KR7099390007,1101111909865,KOSDAQ,브레인즈컴퍼니,브레인즈컴퍼니(주)
20260827,A099410,KR7099410003,1941110002884,KOSDAQ,동방선기,(주)동방선기
20260827,A099430,KR7099430001,1101112785355,KOSDAQ,바이오플러스,바이오플러스 주식회사
20260827,A099440,KR7099440000,1601110052665,KOSDAQ,스맥,(주) 스맥
20260827,A099520,KR7099520009,1101111517709,KOSDAQ,DGI,(주)디지아이티엑스
20260827,A099750,KR7099750002,1101112165838,KOSDAQ,이지케어텍,이지케어텍(주)
20260827,A100030,KR7100030006,1101111887491,KOSDAQ,인지소프트,(주)인지소프트
20260827,A100090,KR7100090000,1913110003485,KOSPI,SK오션플랜트,에스케이오션플랜트(주)
20260827,A100120,KR7100120005,1101111775894,KOSDAQ,뷰웍스,(주)뷰웍스
20260827,A100130,KR7100130004,1101112276784,KOSDAQ,동국S&C,(주)동국에스엔씨
20260827,A100220,KR7100220003,1101112427098,KOSPI,비상교육,(주)비상교육
20260827,A100250,KR7100250000,1801110618091,KOSPI,진양홀딩스,(주)진양홀딩스
20260827,A100590,KR7100590009,1201110230277,KOSDAQ,머큐리,(주)머큐리
20260827,A100660,KR7100660000,2042110000784,KOSDAQ,서암기계공업,서암기계공업(주)
20260827,A100700,KR7100700004,1101110324858,KOSDAQ,세운메디칼,(주)세운메디칼
20260827,A100790,KR7100790005,1101111710527,KOSDAQ,미래에셋벤처투자,미래에셋벤처투자 주식회사
20260827,A100840,KR7100840008,1942110090598,KOSPI,SNT에너지,SNT에너지(주)
20260827,A101000,KR7101000008,1955110072268,KOSDAQ,KS인더스트리,(주)케이에스인더스트리
20260827,A101140,KR7101140002,1313110080427,KOSPI,인바이오젠,(주)인바이오젠
20260827,A101160,KR7101160000,1760110020723,KOSDAQ,월덱스,(주)월덱스
20260827,A101170,KR7101170009,1942110039934,KOSDAQ,우림피티에스,우림피티에스(주)
20260827,A101240,KR7101240000,1543110010576,KOSDAQ,씨큐브,씨큐브(주)
20260827,A101330,KR7101330009,1101111665516,KOSDAQ,모베이스,(주)모베이스
20260827,A101360,KR7101360006,1101113085598,KOSDAQ,에코앤드림,(주)에코앤드림
20260827,A101400,KR7101400000,1101111930787,KOSDAQ,엔시트론,엔시트론(주)
20260827,A101490,KR7101490001,1311110057925,KOSDAQ,에스앤에스텍,(주)에스앤에스텍
20260827,A101530,KR7101530004,1615110044225,KOSPI,해태제과식품,해태제과식품주식회사
20260827,A101670,KR7101670008,1101111125289,KOSDAQ,하이드로리튬,(주)하이드로리튬
20260827,A101680,KR7101680007,1943110006189,KOSDAQ,한국정밀기계,한국정밀기계(주)
20260827,A101730,KR7101730000,1101111401051,KOSDAQ,위메이드맥스,(주)위메이드맥스
20260827,A101930,KR7101930006,1942110032988,KOSDAQ,인화정공,인화정공(주)
20260827,A101970,KR7101970002,1350110062633,KOSDAQ,우양에이치씨,우양에이치씨(주)
20260827,A102120,KR7102120003,1501110093926,KOSDAQ,어보브반도체,어보브반도체(주)
20260827,A102260,KR7102260007,1801110633031,KOSPI,동성케미컬,(주)동성케미컬
20260827,A102370,KR7102370004,1101113306861,KOSDAQ,케이옥션,(주)케이옥션
20260827,A102460,KR7102460003,1101110048143,KOSPI,이연제약,이연제약(주)
20260827,A102710,KR7102710001,1101111957195,KOSDAQ,이엔에프테크놀로지,(주)이엔에프테크놀로지
20260827,A102940,KR7102940004,1101111948277,KOSDAQ,코오롱생명과학,코오롱생명과학(주)
20260827,A102950,KR7102950003,1101111708085,KONEX,아하정보통신,(주)아하
20260827,A103140,KR7103140000,1313110083497,KOSPI,풍산,(주)풍산
20260827,A103230,KR7103230009,1801110095637,KOSDAQ,에스앤더블류,(주)에스앤더블류
20260827,A103590,KR7103590006,1348110159279,KOSPI,일진전기,일진전기(주)
20260827,A103660,KR7103660007,1101113438507,KONEX,씨앗,(주)씨앗
20260827,A103840,KR7103840005,1644110000820,KOSDAQ,우양,(주)우양
20260827,A104040,KR7104040001,1901110037223,KOSDAQ,디에스엠,(주)디에스엠
20260827,A104200,KR7104200001,1101112539322,KOSDAQ,NHN벅스,(주)엔에이치엔벅스
20260827,A104460,KR7104460001,1101111725386,KOSDAQ,디와이피엔에프,디와이피엔에프(주)
20260827,A104480,KR7104480009,1101113783457,KOSDAQ,티케이케미칼,(주)티케이케미칼
20260827,A104540,KR7104540000,1101111983653,KOSDAQ,코렌텍,(주)코렌텍
20260827,A104620,KR7104620000,1101112307539,KOSDAQ,노랑풍선,(주)노랑풍선
20260827,A104700,KR7104700000,1942110094318,KOSPI,한국철강,한국철강(주)
20260827,A104830,KR7104830005,1501110101662,KOSDAQ,원익머트리얼즈,(주)원익머트리얼즈
20260827,A105330,KR7105330005,1311110056480,KOSDAQ,케이엔더블유,(주)케이엔더블유
20260827,A105550,KR7105550008,1601110207244,KOSDAQ,엣지파운드리,엣지파운드리(주)
20260827,A105560,KR7105560007,1101113975517,KOSPI,KB금융,(주)KB금융지주
20260827,A105630,KR7105630008,1201110484303,KOSPI,한세실업,한세실업(주)
20260827,A105740,KR7105740005,1801110121507,KOSDAQ,디케이락,디케이락(주)
20260827,A105760,KR7105760003,1101112860173,KOSDAQ,포스뱅크,(주)포스뱅크
20260827,A105840,KR7105840003,1345110001814,KOSPI,우진,(주)우진
20260827,A106080,KR7106080005,1350110111703,KOSDAQ,케이이엠텍,케이이엠텍(주)
20260827,A106190,KR7106190002,1545110012907,KOSDAQ,하이텍팜,(주)하이텍팜
20260827,A106240,KR7106240005,1341110173489,KOSDAQ,파인테크닉스,(주)파인테크닉스
20260827,A107590,KR7107590002,2101110063190,KOSPI,미원홀딩스,미원홀딩스(주)
20260827,A107600,KR7107600009,1713110007259,KOSDAQ,새빗켐,(주)새빗켐
20260827,A107640,KR7107640005,1701110090291,KOSDAQ,한중엔시에스,(주)한중엔시에스
20260827,A108230,KR7108230004,1845110014990,KOSDAQ,톱텍,(주)톱텍
20260827,A108320,KR7108320003,1601110089395,KOSPI,LX세미콘,(주)엘엑스세미콘
20260827,A108380,KR7108380007,1801110081389,KOSDAQ,대양전기공업,대양전기공업(주)
20260827,A108490,KR7108490004,1101111670044,KOSDAQ,로보티즈,(주)로보티즈
20260827,A108670,KR7108670001,1101114071207,KOSPI,LX하우시스,(주)엘엑스하우시스
20260827,A108860,KR7108860008,1101111673816,KOSDAQ,셀바스AI,(주)셀바스에이아이
20260827,A109070,KR7109070003,1313110088017,KOSPI,주성코퍼레이션,(주)주성코퍼레이션
20260827,A109080,KR7109080002,1301110056407,KOSDAQ,옵티시스,옵티시스(주)
20260827,A109610,KR7109610006,1301110064351,KOSDAQ,에스와이,에스와이(주)
20260827,A109670,KR7109670000,1101111660368,KOSDAQ,씨싸이트,씨싸이트(주)
20260827,A109740,KR7109740001,1341110045290,KOSDAQ,디에스케이,(주)디에스케이
20260827,A109820,KR7109820001,1101112124389,KOSDAQ,진매트릭스,(주)진매트릭스
20260827,A109860,KR7109860007,1701110020397,KOSDAQ,동일금속,동일금속(주)
20260827,A109960,KR7109960005,1101111511834,KOSDAQ,앱토크롬,(주)앱토크롬
20260827,A110020,KR7110020005,1701110273433,KOSDAQ,전진바이오팜,전진바이오팜(주)
20260827,A110790,KR7110790003,1101111572612,KOSDAQ,크리스에프앤씨,(주)크리스에프앤씨
20260827,A110990,KR7110990009,1348110112334,KOSDAQ,디아이티,디아이티(주)
20260827,A111110,KR7111110003,1101110393457,KOSPI,호전실업,호전실업 주식회사
20260827,A111380,KR7111380002,1244110014316,KOSPI,동인기연,(주)동인기연
20260827,A111710,KR7111710000,2001110021009,KOSDAQ,남화산업,남화산업(주)
20260827,A111770,KR7111770004,1101114129585,KOSPI,영원무역,(주)영원무역
20260827,A112040,KR7112040001,1101111873755,KOSDAQ,위메이드,(주)위메이드
20260827,A112190,KR7112190004,1312110004403,KONEX,KC산업,(주)케이씨산업
20260827,A112290,KR7112290002,1701110202416,KOSDAQ,와이씨켐,와이씨켐(주)
20260827,A112610,KR7112610001,1101113509887,KOSPI,씨에스윈드,씨에스윈드(주)
20260827,A113810,KR7113810006,1648110035910,KOSDAQ,디젠스,디젠스(주)
20260827,A114090,KR7114090004,1101113301457,KOSPI,GKL,그랜드코리아레저(주)
20260827,A114190,KR7114190002,1101110191398,KOSDAQ,강원에너지,(주)강원에너지
20260827,A114450,KR7114450000,2062110029823,KOSDAQ,그린생명과학,그린생명과학(주)
20260827,A114630,KR7114630007,2101110024308,KOSDAQ,폴라리스우노,(주)폴라리스우노
20260827,A114810,KR7114810005,1348110109828,KOSDAQ,한솔아이원스,한솔아이원스(주)
20260827,A114840,KR7114840002,1101111892333,KOSDAQ,아이패밀리에스씨,(주)아이패밀리에스씨
20260827,A114920,KR7114920002,1201110051590,KONEX,대주이엔티,대주이엔티(주)
20260827,A115160,KR7115160004,1345110144268,KOSDAQ,휴맥스,(주)휴맥스
20260827,A115180,KR7115180002,1101113926875,KOSDAQ,큐리언트,(주)큐리언트
20260827,A115310,KR7115310005,1101111877103,KOSDAQ,인포바인,(주)인포바인
20260827,A115440,KR7115440000,1301110057124,KOSDAQ,우리넷,(주)우리넷
20260827,A115450,KR7115450009,1601110099451,KOSDAQ,HLB테라퓨틱스,에이치엘비테라퓨틱스(주)
20260827,A115480,KR7115480006,1412110022619,KOSDAQ,씨유메디칼,(주)씨유메디칼시스템
20260827,A115500,KR7115500001,1760110032132,KOSDAQ,케이씨에스,(주)케이씨에스
20260827,A115530,KR7115530008,1201110330796,KOSDAQ,씨엔플러스,(주)씨엔플러스
20260827,A115570,KR7115570004,1201110136459,KOSDAQ,스타플렉스,(주)스타플렉스
20260827,A115610,KR7115610008,1358110102649,KOSDAQ,이미지스,(주)이미지스테크놀로지
20260827,A116100,KR7116100009,1348110014126,KONEX,태양기계,태양기계(주)
20260827,A117580,KR7117580001,1701110387416,KOSPI,대성에너지,대성에너지(주)
20260827,A117670,KR7117670000,1345110066131,KOSDAQ,알파칩스,(주)알파칩스
20260827,A117730,KR7117730002,1311110126936,KOSDAQ,티로보틱스,(주)티로보틱스
20260827,A118000,KR7118000009,1701110391532,KOSPI,메타케어,(주)메타케어
20260827,A118990,KR7118990001,1101112341850,KOSDAQ,모트렉스,모트렉스 주식회사
20260827,A119500,KR7119500007,1301110010669,KOSDAQ,포메탈,(주)포메탈
20260827,A119610,KR7119610004,1313110033856,KOSDAQ,인터로조,(주)인터로조
20260827,A119650,KR7119650000,1101114255463,KOSPI,KC코트렐,케이씨코트렐(주)
20260827,A119830,KR7119830008,1351110074149,KOSDAQ,아이텍,아이텍주식회사
20260827,A119850,KR7119850006,1101110952055,KOSDAQ,지엔씨에너지,(주)지엔씨에너지
20260827,A120030,KR7120030002,1717110086312,KOSPI,조선선재,조선선재(주)
20260827,A120110,KR7120110002,1353110013606,KOSPI,코오롱인더,코오롱인더스트리(주)
20260827,A120240,KR7120240007,1101110510415,KOSDAQ,대정화금,대정화금(주)
20260827,A121060,KR7121060008,1101111351660,KONEX,유니포인트,(주)유니포인트
20260827,A121440,KR7121440002,1601110097976,KOSDAQ,골프존홀딩스,(주)골프존홀딩스
20260827,A121600,KR7121600001,1601110094162,KOSDAQ,나노신소재,(주)나노신소재
20260827,A121800,KR7121800007,1101112476376,KOSDAQ,비덴트,(주)비덴트
20260827,A121850,KR7121850002,2801110073830,KOSDAQ,코이즈,(주)코이즈
20260827,A121890,KR7121890008,1311110060530,KOSDAQ,에스디시스템,(주)에스디시스템
20260827,A122310,KR7122310006,1101112215261,KOSDAQ,제노레이,(주)제노레이
20260827,A122350,KR7122350002,1101114249458,KOSDAQ,삼기,(주)삼기
20260827,A122450,KR7122450000,1101112093237,KOSDAQ,KX,(주)케이엑스이노베이션
20260827,A122640,KR7122640006,1348110048183,KOSDAQ,예스티,(주)예스티
20260827,A122690,KR7122690001,1101114264828,KOSDAQ,서진오토모티브,(주)서진오토모티브
20260827,A122830,KR7122830003,1101111532286,KONEX,원포유,(주)원포유
20260827,A122870,KR7122870009,1101111516397,KOSDAQ,와이지엔터테인먼트,(주)와이지엔터테인먼트
20260827,A122900,KR7122900004,1101112125262,KOSPI,아이마켓코리아,(주)아이마켓코리아
20260827,A122990,KR7122990005,1358110154111,KOSDAQ,와이솔,(주)와이솔
20260827,A123010,KR7123010001,1101112870784,KOSDAQ,MSDI,(주)엠에스디아이
20260827,A123040,KR7123040008,1712110005114,KOSDAQ,엠에스오토텍,(주)엠에스오토텍
20260827,A123330,KR7123330003,1345110052677,KOSDAQ,제닉,(주)제닉
20260827,A123410,KR7123410003,1101114290039,KOSDAQ,코리아에프티,코리아에프티(주)
20260827,A123420,KR7123420002,1101114291540,KOSDAQ,위메이드플레이,(주)위메이드플레이
20260827,A123570,KR7123570004,1101111946601,KOSDAQ,이엠넷,(주)이엠넷
20260827,A123690,KR7123690000,1101114342228,KOSPI,한국화장품,한국화장품(주)
20260827,A123700,KR7123700007,1314110241465,KOSPI,SJM,(주)에스제이엠
20260827,A123750,KR7123750002,1101114313807,KOSDAQ,알톤,(주)알톤
20260827,A123840,KR7123840001,1101114305614,KOSDAQ,뉴온,(주)뉴온
20260827,A123860,KR7123860009,1101112663436,KOSDAQ,아나패스,(주)아나패스
20260827,A123890,KR7123890006,1101112196304,KOSPI,한국자산신탁,한국자산신탁(주)
20260827,A124500,KR7124500000,1101113224849,KOSDAQ,아이티센글로벌,(주)아이티센글로벌
20260827,A124560,KR7124560004,1101111234543,KOSDAQ,태웅로직스,주식회사 태웅로직스
20260827,A125020,KR7125020008,1812110031589,KOSDAQ,티씨머티리얼즈,티씨머티리얼즈(주)
20260827,A125210,KR7125210005,1244110064402,KOSDAQ,아모그린텍,(주)아모그린텍
20260827,A125490,KR7125490003,1201110371576,KOSDAQ,한라캐스트,(주)한라캐스트
20260827,A126340,KR7126340009,1341110067418,KOSDAQ,비나텍,비나텍주식회사
20260827,A126560,KR7126560002,1101110842785,KOSPI,현대퓨처넷,주식회사 현대퓨처넷
20260827,A126600,KR7126600006,1350110079381,KOSDAQ,BGF에코머티리얼즈,(주)비지에프에코머티리얼즈
20260827,A126640,KR7126640002,1101114339415,KOSDAQ,화신정공,(주)화신정공
20260827,A126700,KR7126700004,1101114324127,KOSDAQ,하이비젼시스템,(주)하이비젼시스템
20260827,A126720,KR7126720002,1615110001613,KOSPI,수산인더스트리,(주)수산인더스트리
20260827,A126730,KR7126730001,1101111049794,KOSDAQ,코칩,코칩(주)
20260827,A126880,KR7126880004,1101111591034,KOSDAQ,제이엔케이글로벌,제이엔케이글로벌(주)
20260827,A127120,KR7127120004,1101111907760,KOSDAQ,제이에스링크,(주)제이에스링크
20260827,A127710,KR7127710002,1101113251165,KOSDAQ,아시아경제,(주)아시아경제
20260827,A127980,KR7127980001,1201110063785,KOSDAQ,화인써키트,(주)화인써키트
20260827,A128540,KR7128540002,1801110602755,KOSDAQ,에코캡,에코캡 주식회사
20260827,A128660,KR7128660008,1101114382878,KOSDAQ,피제이메탈,(주)피제이메탈
20260827,A128820,KR7128820008,1101114382612,KOSPI,대성산업,대성산업(주)
20260827,A128940,KR7128940004,1348110197550,KOSPI,한미약품,한미약품(주)
20260827,A129260,KR7129260006,1801110001973,KOSPI,인터지스,인터지스(주)
20260827,A129890,KR7129890000,1101112284729,KOSDAQ,앱코,(주)앱코
20260827,A129920,KR7129920005,1701110205600,KOSDAQ,대성하이텍,(주)대성하이텍
20260827,A130500,KR7130500002,1955110052004,KOSDAQ,GH신소재,지에이치신소재(주)
20260827,A130580,KR7130580004,1101112629347,KOSDAQ,나이스디앤비,(주)나이스디앤비
20260827,A130660,KR7130660004,1101110692875,KOSPI,한전산업,한전산업개발(주)
20260827,A130740,KR7130740004,1748110017627,KOSDAQ,티피씨글로벌,(주)티피씨
20260827,A131030,KR7131030009,1101114399906,KOSDAQ,옵투스제약,(주)옵투스제약
20260827,A131090,KR7131090003,1311110047447,KOSDAQ,시큐브,(주)시큐브
20260827,A131100,KR7131100000,1601110221319,KOSDAQ,티엔엔터테인먼트,(주)티엔엔터테인먼트
20260827,A131180,KR7131180002,1154110011579,KOSDAQ,딜리,(주)딜리
20260827,A131220,KR7131220006,1101110948997,KOSDAQ,대한과학,(주)대한과학
20260827,A131290,KR7131290009,1615110017818,KOSDAQ,티에스이,(주)티에스이
20260827,A131370,KR7131370009,1101114398859,KOSDAQ,알서포트,알서포트(주)
20260827,A131400,KR7131400004,1701110262452,KOSDAQ,이브이첨단소재,(주)이브이첨단소재
20260827,A131760,KR7131760001,2850110151881,KOSDAQ,파인텍,(주)파인텍
20260827,A131970,KR7131970006,1311110082427,KOSDAQ,두산테스나,(주)두산테스나
20260827,A133750,KR7133750000,1101112937857,KOSDAQ,메가엠디,메가엠디(주)
20260827,A133820,KR7133820001,1951110010951,KOSPI,화인베스틸,(주)화인베스틸
20260827,A134060,KR7134060003,1101111860083,KOSDAQ,이퓨쳐,(주)이퓨쳐
20260827,A134380,KR7134380005,2301110172244,KOSPI,미원화학,미원화학(주)
20260827,A134580,KR7134580000,1101113615121,KOSDAQ,탑코미디어,주식회사 탑코미디어
20260827,A134790,KR7134790005,1101114493344,KOSPI,시디즈,(주)시디즈
20260827,A136150,KR7136150000,1350110093737,KOSDAQ,원일티엔아이,(주)원일티엔아이
20260827,A136410,KR7136410008,1801110515685,KOSDAQ,아셈스,주식회사 아셈스
20260827,A136480,KR7136480001,2149110034430,KOSDAQ,하림,(주)하림
20260827,A136490,KR7136490000,1344110046664,KOSPI,선진,(주)선진
20260827,A136540,KR7136540002,1311110272002,KOSDAQ,윈스테크넷,(주)윈스테크넷
20260827,A136660,KR7136660008,1341110109947,KONEX,큐엠씨,(주)큐엠씨
20260827,A137080,KR7137080008,1345110017746,KOSDAQ,나래나노텍,주식회사 나래나노텍
20260827,A137310,KR7137310009,1358110191121,KOSPI,에스디바이오센서,에스디바이오센서(주)
20260827,A137400,KR7137400008,1752110017454,KOSDAQ,피엔티,(주)피엔티
20260827,A137940,KR7137940003,1348110037954,KOSDAQ,넥스트아이,(주)넥스트아이
20260827,A137950,KR7137950002,1358110124726,KOSDAQ,제이씨케미칼,제이씨케미칼(주)
20260827,A138040,KR7138040001,1101114566406,KOSPI,메리츠금융지주,(주)메리츠금융지주
20260827,A138070,KR7138070008,1348110061937,KOSDAQ,신진에스엠,(주)신진에스엠
20260827,A138080,KR7138080007,2001110180384,KOSDAQ,오이솔루션,(주)오이솔루션
20260827,A138360,KR7138360003,1355110151022,KOSDAQ,앤로보틱스,(주)앤로보틱스
20260827,A138610,KR7138610001,1101112940933,KOSDAQ,나이벡,(주)나이벡
20260827,A138930,KR7138930003,1801110750893,KOSPI,BNK금융지주,(주)BNK금융지주
20260827,A139130,KR7139130009,1701110429523,KOSPI,iM금융지주,(주)아이엠금융지주
20260827,A139480,KR7139480008,1101114594952,KOSPI,이마트,(주)이마트
20260827,A139670,KR7139670004,1101112605793,KOSDAQ,키네마스터,키네마스터(주)
20260827,A139990,KR7139990006,1760110020145,KOSPI,아주스틸,아주스틸(주)
20260827,A140070,KR7140070004,1101111921140,KOSDAQ,서플러스글로벌,(주)서플러스글로벌
20260827,A140410,KR7140410002,1101112615578,KOSDAQ,메지온,(주)메지온
20260827,A140430,KR7140430000,1101113388025,KOSDAQ,카티스,(주)카티스
20260827,A140520,KR7140520008,1101110276116,KOSDAQ,대창스틸,(주)대창스틸
20260827,A140610,KR7140610007,1601110112716,KONEX,엔솔바이오사이언스,(주)엔솔바이오사이언스
20260827,A140660,KR7140660002,1601110101024,KONEX,위월드,위월드(주)
20260827,A140670,KR7140670001,1345110147171,KOSDAQ,알에스오토메이션,알에스오토메이션(주)
20260827,A140860,KR7140860008,1101111397648,KOSDAQ,파크시스템스,(주)파크시스템스
20260827,A141000,KR7141000000,1101112405721,KOSDAQ,비아트론,(주)비아트론
20260827,A141080,KR7141080002,1601110206866,KOSDAQ,리가켐바이오,(주)리가켐 바이오사이언스
20260827,A142210,KR7142210004,1101111284449,KOSDAQ,유니트론텍,(주)유니트론텍
20260827,A142280,KR7142280007,1345110076627,KOSDAQ,녹십자엠에스,(주)녹십자엠에스
20260827,A142760,KR7142760008,1601110091332,KOSDAQ,모아라이프플러스,(주)모아라이프플러스
20260827,A143160,KR7143160000,1601110302755,KOSDAQ,아이디스,(주)아이디스
20260827,A143210,KR7143210003,1201110000323,KOSPI,핸즈코퍼레이션,핸즈코퍼레이션(주)
20260827,A143240,KR7143240000,1101113318387,KOSDAQ,사람인,(주)사람인
20260827,A143540,KR7143540003,1311110110921,KOSDAQ,영우디에스피,(주)영우디에스피
20260827,A144510,KR7144510005,1345110172532,KOSDAQ,지씨셀,(주)지씨셀
20260827,A144960,KR7144960002,1101111784952,KOSDAQ,뉴파워프라즈마,(주)뉴파워프라즈마
20260827,A145020,KR7145020004,1101112380890,KOSDAQ,휴젤,휴젤(주)
20260827,A145170,KR7145170007,1101111065972,KOSDAQ,노브랜드,(주)노브랜드
20260827,A145210,KR7145210001,2001110097272,KOSPI,다이나믹디자인,(주)다이나믹디자인
20260827,A145270,KR7145270005,1101114465004,KOSPI,케이탑리츠,(주)케이탑자기관리부동산투자회사
20260827,A145720,KR7145720009,1351110052892,KOSPI,덴티움,(주)덴티움
20260827,A145990,KR7145990008,1101114720945,KOSPI,삼양사,(주)삼양사
20260827,A146060,KR7146060009,1243110014912,KOSDAQ,율촌,(주)율촌
20260827,A146320,KR7146320007,1342110058902,KOSDAQ,비씨엔씨,비씨엔씨(주)
20260827,A147760,KR7147760003,1351110069710,KOSDAQ,피엠티,(주)피엠티
20260827,A147830,KR7147830004,1101114722917,KOSDAQ,제룡산업,제룡산업(주)
20260827,A148150,KR7148150006,1345110097540,KOSDAQ,세경하이테크,(주)세경하이테크
20260827,A148250,KR7148250004,1156110036979,KOSDAQ,알엔투테크놀로지,(주)알엔투테크놀로지
20260827,A148780,KR7148780000,1401110011243,KOSDAQ,비큐AI,(주)비큐에이아이
20260827,A148930,KR7148930001,1101113364372,KOSDAQ,에이치와이티씨,(주)에이치와이티씨
20260827,A149010,KR7149010001,1101112016635,KONEX,아이케이세미콘,아이케이세미콘(주)
20260827,A149950,KR7149950008,1701110179623,KOSDAQ,아바텍,(주)아바텍
20260827,A149980,KR7149980005,1101113802992,KOSDAQ,하이로닉,(주)하이로닉
20260827,A150900,KR7150900009,1101111991680,KOSDAQ,파수AI,(주)파수에이아이
20260827,A151860,KR7151860004,1101111799183,KOSDAQ,KG에코솔루션,케이지에코솔루션(주)
20260827,A153460,KR7153460001,1101112707367,KOSDAQ,네이블,(주)네이블
20260827,A153490,KR7153490008,1314110212929,KOSDAQ,우리이앤엘하루틴,우리이앤엘하루틴(주)
20260827,A153710,KR7153710009,1301110062876,KOSDAQ,옵티팜,(주)옵티팜
20260827,A153890,KR7153890009,1101111809552,KOSDAQ,져스텍,(주)져스텍
20260827,A154030,KR7154030001,1101113036096,KOSDAQ,아시아종묘,농업회사법인아시아종묘(주)
20260827,A154040,KR7154040000,1351110065750,KOSDAQ,다산솔루에타,(주)다산솔루에타
20260827,A155650,KR7155650005,1615110096292,KOSDAQ,와이엠씨,와이엠씨(주)
20260827,A155660,KR7155660004,1801110000777,KOSPI,DSR,DSR(주)
20260827,A156100,KR7156100000,1101114017227,KOSDAQ,엘앤케이바이오,(주)엘앤케이바이오메드
20260827,A158430,KR7158430009,1101111788566,KOSDAQ,아톤,주식회사 아톤
20260827,A159010,KR7159010008,1350110119749,KOSDAQ,아스플로,(주)아스플로
20260827,A159580,KR7159580000,1101111871072,KOSDAQ,제로투세븐,(주)제로투세븐
20260827,A159910,KR7159910009,1311110165843,KOSDAQ,에코글로우,(주)에코글로우
20260827,A160190,KR7160190005,1942110088197,KOSDAQ,하이젠알앤엠,하이젠알앤엠 주식회사
20260827,A160550,KR7160550000,1101113922550,KOSDAQ,NEW,(주)넥스트엔터테인먼트월드
20260827,A160980,KR7160980009,1311110153525,KOSDAQ,싸이맥스,(주)싸이맥스
20260827,A161000,KR7161000005,1101114951243,KOSPI,애경케미칼,애경케미칼(주)
20260827,A161390,KR7161390000,1101114952093,KOSPI,한국타이어앤테크놀로지,한국타이어앤테크놀로지(주)
20260827,A161580,KR7161580006,1351110088083,KOSDAQ,필옵틱스,주식회사 필옵틱스
20260827,A161890,KR7161890009,1647110030756,KOSPI,한국콜마,한국콜마(주)
20260827,A162120,KR7162120000,1348110145822,KONEX,루켄테크놀러지스,(주)루켄테크놀러지스
20260827,A162300,KR7162300008,1942110094409,KOSDAQ,신스틸,주식회사 신스틸
20260827,A163280,KR7163280001,1101112183963,KOSDAQ,에어레인,㈜에어레인
20260827,A163560,KR7163560006,1801110828129,KOSPI,동일고무벨트,동일고무벨트(주)
20260827,A163730,KR7163730005,1101112139776,KOSDAQ,핑거,㈜핑거
20260827,A166090,KR7166090001,1615110086227,KOSDAQ,하나머티리얼즈,하나머티리얼즈(주)
20260827,A166480,KR7166480004,1501110077665,KOSDAQ,코아스템켐온,코아스템켐온 주식회사
20260827,A168330,KR7168330009,1101112246414,KOSDAQ,내츄럴엔도텍,(주)내츄럴엔도텍
20260827,A168360,KR7168360006,1101112422379,KOSDAQ,펨트론,(주)펨트론
20260827,A169330,KR7169330008,1101111670234,KOSDAQ,엠브레인,(주)마크로밀엠브레인
20260827,A169670,KR7169670007,1311110048164,KONEX,코스텍시스템,코스텍시스템 주식회사
20260827,A170030,KR7170030001,1812110001102,KOSDAQ,현대공업,(주)현대공업
20260827,A170790,KR7170790000,1101112035578,KOSDAQ,파이오링크,(주)파이오링크
20260827,A170900,KR7170900005,1101115079713,KOSPI,동아에스티,동아에스티(주)
20260827,A170920,KR7170920003,1341110160494,KOSDAQ,엘티씨,엘티씨(주)
20260827,A171010,KR7171010002,1345110053211,KOSDAQ,램테크놀러지,램테크놀러지(주)
20260827,A171090,KR7171090004,1101110700555,KOSDAQ,선익시스템,(주)선익시스템
20260827,A171120,KR7171120009,1601110004947,KOSDAQ,라이온켐텍,(주)라이온켐텍
20260827,A172670,KR7172670002,1501110075164,KOSDAQ,에이엘티,(주)에이엘티
20260827,A173130,KR7173130006,1101113104661,KOSDAQ,오파스넷,(주)오파스넷
20260827,A173940,KR7173940008,1101113580390,KOSDAQ,에프엔씨엔터,(주)에프엔씨엔터테인먼트
20260827,A174900,KR7174900001,1101114379213,KOSDAQ,앱클론,앱클론(주)
20260827,A175140,KR7175140003,1101112431669,KOSDAQ,아고스,(주)아고스
20260827,A175250,KR7175250000,1101111982720,KOSDAQ,아이큐어,아이큐어(주)
20260827,A175330,KR7175330000,2101110091498,KOSPI,JB금융지주,(주)JB금융지주
20260827,A176590,KR7176590008,1348110031089,KONEX,코나솔,(주)코나솔
20260827,A176750,KR7176750008,1101112647604,KOSDAQ,듀켐바이오,(주)듀켐바이오
20260827,A177350,KR7177350006,1358110105388,KOSDAQ,베셀,(주)베셀
20260827,A177830,KR7177830007,1201110155011,KOSDAQ,파버나인,(주)파버나인
20260827,A177900,KR7177900008,1311110114733,KOSDAQ,쓰리에이로직스,쓰리에이로직스(주)
20260827,A178320,KR7178320008,1201110447781,KOSDAQ,서진시스템,(주)서진시스템
20260827,A178600,KR7178600003,1101112481044,KONEX,대동고려삼,대동고려삼(주)
20260827,A178780,KR7178780003,1351110081475,KOSDAQ,일월지엠엘,(주)일월지엠엘
20260827,A178920,KR7178920005,1543110022729,KOSPI,PI첨단소재,피아이첨단소재(주)
20260827,A179290,KR7179290002,1101110742406,KOSDAQ,엠아이텍,(주)엠아이텍
20260827,A179530,KR7179530001,1101111999444,KOSDAQ,애드바이오텍,(주)애드바이오텍
20260827,A179720,KR7179720008,1101114796392,KONEX,머니무브,(주)머니무브
20260827,A179900,KR7179900006,1341110189717,KOSDAQ,유티아이,(주)유티아이
20260827,A180060,KR7180060006,1601110248652,KONEX,탑선,(주)탑선
20260827,A180400,KR7180400004,1101112262890,KOSDAQ,DXVX,디엑스앤브이엑스(주)
20260827,A180640,KR7180640005,1101115197193,KOSPI,한진칼,(주)한진칼
20260827,A181710,KR7181710005,1311110350139,KOSPI,NHN,엔에이치엔(주)
20260827,A182360,KR7182360008,1101115192036,KOSDAQ,큐브엔터,(주)큐브엔터테인먼트
20260827,A182400,KR7182400002,1101112421157,KOSDAQ,엔케이젠바이오텍코리아,(주)엔케이젠바이오텍코리아
20260827,A183190,KR7183190008,1101115238096,KOSPI,아세아시멘트,아세아시멘트(주)
20260827,A183300,KR7183300003,1346110062393,KOSDAQ,코미코,(주)코미코
20260827,A183490,KR7183490002,1601110084890,KOSDAQ,엔지켐생명과학,(주)엔지켐생명과학
20260827,A184230,KR7184230001,1101115221158,KOSDAQ,SGA솔루션즈,에스지에이 솔루션즈(주)
20260827,A185190,KR7185190006,1101112035130,KONEX,수프로,(주)수프로
20260827,A185490,KR7185490000,1101112005018,KOSDAQ,아이진,아이진(주)
20260827,A185750,KR7185750007,1101115260669,KOSPI,종근당,(주)종근당
20260827,A186230,KR7186230009,1348110033605,KOSDAQ,그린플러스,주식회사 그린플러스
20260827,A187220,KR7187220009,1311110053874,KOSDAQ,디티앤씨,(주)디티앤씨
20260827,A187270,KR7187270004,1101112637291,KOSDAQ,신화콘텍,(주)신화콘텍
20260827,A187420,KR7187420005,1601110095821,KOSDAQ,HLB제넥스,에이치엘비제넥스(주)
20260827,A187660,KR7187660006,1101112887193,KOSDAQ,페니트리움바이오,페니트리움바이오사이언스(주)
20260827,A187790,KR7187790001,1101115248376,KOSDAQ,나노,(주)나노
20260827,A187870,KR7187870001,1615110052450,KOSDAQ,디바이스,(주)디바이스
20260827,A188040,KR7188040000,1801110500991,KOSDAQ,바이오포트,(주)바이오포트코리아
20260827,A188260,KR7188260004,1101113313254,KOSDAQ,세니젠,(주)세니젠
20260827,A189300,KR7189300007,1101112948086,KOSDAQ,인텔리안테크,(주)인텔리안테크놀로지스
20260827,A189330,KR7189330004,1101114401438,KOSDAQ,씨이랩,(주)씨이랩
20260827,A189350,KR7189350002,2101110025083,KONEX,코셋,(주)코셋
20260827,A189690,KR7189690001,1101113940221,KOSDAQ,포시에스,(주)포시에스
20260827,A189860,KR7189860000,1101110816938,KOSDAQ,서전기전,(주)서전기전
20260827,A189980,KR7189980006,2801110086726,KOSDAQ,흥국에프엔비,(주)흥국에프엔비
20260827,A190510,KR7190510008,1311110126192,KOSDAQ,나무가,(주)나무가
20260827,A190650,KR7190650002,1101111844970,KOSDAQ,코리아에셋투자증권,코리아에셋투자증권(주)
20260827,A191410,KR7191410000,1101113637810,KOSDAQ,육일씨엔에쓰,(주)육일씨엔에쓰
20260827,A191420,KR7191420009,1601110114126,KOSDAQ,테고사이언스,테고사이언스(주)
20260827,A191600,KR7191600006,1246110281820,KONEX,블루탑,(주)블루탑
20260827,A192080,KR7192080000,1101114855924,KOSPI,더블유게임즈,(주)더블유게임즈
20260827,A192250,KR7192250009,1101115300647,KOSDAQ,케이사인,(주)케이사인
20260827,A192390,KR7192390003,1545110049654,KOSDAQ,윈하이텍,(주)윈하이텍
20260827,A192400,KR7192400000,1845110000634,KOSPI,쿠쿠홀딩스,쿠쿠홀딩스(주)
20260827,A192410,KR7192410009,1301110044808,KOSDAQ,오늘이엔엠,(주)오늘이엔엠
20260827,A192440,KR7192440006,1101114045848,KOSDAQ,슈피겐코리아,(주)슈피겐코리아
20260827,A192650,KR7192650000,1615110027883,KOSPI,드림텍,(주)드림텍
20260827,A192820,KR7192820009,1348110294273,KOSPI,코스맥스,코스맥스(주)
20260827,A193250,KR7193250008,1101113016999,KOSDAQ,링크드,(주)링크드
20260827,A194370,KR7194370003,1101110554992,KOSPI,제이에스코퍼레이션,(주)제이에스코퍼레이션
20260827,A194480,KR7194480000,1101113687568,KOSDAQ,데브시스터즈,데브시스터즈(주)
20260827,A194700,KR7194700001,1501110120399,KOSDAQ,노바렉스,(주)노바렉스
20260827,A195500,KR7195500004,1345110080529,KOSDAQ,마니커에프앤지,(주)마니커에프앤지
20260827,A195870,KR7195870001,1942110223694,KOSPI,해성디에스,해성디에스(주)
20260827,A195940,KR7195940002,1101115379692,KOSDAQ,HK이노엔,에이치케이이노엔 주식회사
20260827,A195990,KR7195990007,1701110271528,KOSDAQ,루트K,(주)루트케이
20260827,A196170,KR7196170005,1601110242050,KOSDAQ,알테오젠,(주)알테오젠
20260827,A196300,KR7196300008,2001110115802,KOSDAQ,HLB펩,에이치엘비펩(주)
20260827,A196450,KR7196450001,1345110233665,KOSDAQ,코아시아씨엠,(주)코아시아씨엠
20260827,A196490,KR7196490007,1101111958888,KOSDAQ,디에이테크놀로지,(주)디에이테크놀로지
20260827,A196700,KR7196700009,1801110378835,KOSDAQ,웹스,(주)웹스
20260827,A197140,KR7197140007,1101111928295,KOSDAQ,디지캡,(주)디지캡
20260827,A198080,KR7198080004,1101114275958,KOSDAQ,캐프,(주)캐프
20260827,A198440,KR7198440000,1101115403623,KOSDAQ,강동씨앤엘,(주)강동씨앤엘
20260827,A198940,KR7198940009,1812110008538,KOSDAQ,한주라이트메탈,한주라이트메탈(주)
20260827,A199150,KR7199150004,1101112331918,KONEX,데이터스트림즈,(주)데이터스트림즈
20260827,A199290,KR7199290008,1101111973729,KONEX,바이오프로테크,(주)바이오프로테크
20260827,A199430,KR7199430000,1348110051904,KOSDAQ,케이엔알시스템,(주)케이엔알시스템
20260827,A199480,KR7199480005,1101115141877,KOSDAQ,뱅크웨어글로벌,뱅크웨어글로벌(주)
20260827,A199550,KR7199550005,1101112035552,KOSDAQ,레이저옵텍,(주)레이저옵텍
20260827,A199730,KR7199730003,1358110139949,KOSDAQ,바이오인프라,주식회사 바이오인프라
20260827,A199800,KR7199800004,1101111785827,KOSDAQ,툴젠,(주)툴젠
20260827,A199820,KR7199820002,1801110037887,KOSDAQ,제일일렉트릭,제일일렉트릭(주)
20260827,A200130,KR7200130003,1101115399517,KOSDAQ,콜마비앤에이치,콜마비앤에이치(주)
20260827,A200230,KR7200230001,1345110031382,KOSDAQ,텔콘RF제약,(주)텔콘알에프제약
20260827,A200350,KR7200350007,1101113629841,KOSDAQ,아티스트스튜디오,(주)아티스트스튜디오
20260827,A200470,KR7200470003,1344110035203,KOSDAQ,에이팩트,(주)에이팩트
20260827,A200580,KR7200580009,1348110088014,KONEX,메디쎄이,(주)메디쎄이
20260827,A200670,KR7200670008,1101112727141,KOSDAQ,휴메딕스,(주)휴메딕스
20260827,A200710,KR7200710002,1311110081627,KOSDAQ,에이디테크놀로지,(주)에이디테크놀로지
20260827,A200780,KR7200780005,1243110005515,KOSDAQ,비씨월드제약,(주)비씨월드제약
20260827,A200880,KR7200880003,1101115455476,KOSPI,서연이화,(주)서연이화
20260827,A201490,KR7201490000,1101114358382,KOSDAQ,미투온,(주)미투온
20260827,A202960,KR7202960001,1101111642738,KONEX,판도라티비,(주)판도라티비
20260827,A203400,KR7203400007,1101113660142,KOSDAQ,에이비온,에이비온(주)
20260827,A203450,KR7203450002,1101111892903,KOSDAQ,유니온바이오메트릭스,(주)유니온바이오메트릭스
20260827,A203650,KR7203650007,1101115448356,KOSDAQ,드림시큐리티,(주)드림시큐리티
20260827,A204020,KR7204020002,1101111773799,KOSDAQ,그리티,(주)그리티
20260827,A204270,KR7204270003,1101111334583,KOSDAQ,제이앤티씨,(주)제이앤티씨
20260827,A204320,KR7204320006,1313110140776,KOSPI,HL만도,에이치엘만도(주)
20260827,A204610,KR7204610000,1101111942485,KOSDAQ,티쓰리엔터테인먼트,(주)티쓰리엔터테인먼트
20260827,A204620,KR7204620009,1101115480233,KOSDAQ,글로벌텍스프리,글로벌텍스프리(주)
20260827,A204840,KR7204840003,1101115478626,KOSDAQ,지엘팜텍,지엘팜텍(주)
20260827,A205100,KR7205100001,1101115496868,KOSDAQ,엑셈,(주)엑셈
20260827,A205470,KR7205470008,1101115503308,KOSDAQ,휴마시스,휴마시스(주)
20260827,A205500,KR7205500002,1101115501302,KOSDAQ,넥써쓰,(주)넥써쓰
20260827,A206400,KR7206400004,1101115518084,KOSDAQ,베노티앤알,(주)베노티앤알
20260827,A206560,KR7206560005,2850110209804,KOSDAQ,덱스터,(주)덱스터스튜디오
20260827,A206640,KR7206640005,1101115527168,KOSDAQ,바디텍메드,바디텍메드(주)
20260827,A206650,KR7206650004,1101114294122,KOSDAQ,유바이오로직스,(주)유바이오로직스
20260827,A206950,KR7206950008,1545110040511,KONEX,볼빅,(주)볼빅
20260827,A207490,KR7207490004,1760110015592,KONEX,에이펙스인텍,에이펙스인텍(주)
20260827,A207760,KR7207760000,1101115535038,KOSDAQ,미스터블루,미스터블루(주)
20260827,A207940,KR7207940008,1201110566317,KOSPI,삼성바이오로직스,삼성바이오로직스(주)
20260827,A208140,KR7208140004,1101115542497,KOSDAQ,정다운,(주)정다운
20260827,A208350,KR7208350009,1101115527019,KOSDAQ,지란지교시큐리티,(주)지란지교시큐리티
20260827,A208370,KR7208370007,1101115530111,KOSDAQ,셀바스헬스케어,(주)셀바스헬스케어
20260827,A208640,KR7208640003,1101115545962,KOSDAQ,썸에이지,(주)썸에이지
20260827,A208710,KR7208710004,1101115546217,KOSDAQ,포톤,(주)포톤
20260827,A208850,KR7208850008,1601110106727,KONEX,이비테크,이비테크(주)
20260827,A208860,KR7208860007,1101111574709,KOSDAQ,다산디엠씨,(주)다산디엠씨
20260827,A208890,KR7208890004,1101114073188,KONEX,미래엔에듀파트너,(주)미래엔에듀파트너
20260827,A209640,KR7209640002,1701110379976,KOSDAQ,와이제이링크,와이제이링크(주)
20260827,A210120,KR7210120002,1101112753873,KOSDAQ,캔버스엔,(주)캔버스엔
20260827,A210540,KR7210540001,1942110234534,KOSPI,디와이파워,디와이파워(주)
20260827,A210980,KR7210980009,1101113001685,KOSPI,SK디앤디,SK디앤디(주)
20260827,A211050,KR7211050000,1101113773094,KOSDAQ,인카금융서비스,인카금융서비스(주)
20260827,A211270,KR7211270004,1101114531045,KOSDAQ,AP위성,에이피위성(주)
20260827,A212310,KR7212310007,1101113559238,KONEX,오건에코텍,(주)오건에코텍
20260827,A212560,KR7212560007,1101114255801,KOSDAQ,네오오토,(주)네오오토
20260827,A212710,KR7212710008,1348110278748,KOSDAQ,아이에스티이,(주)아이에스티이
20260827,A213420,KR7213420003,1615110176036,KOSDAQ,덕산네오룩스,덕산네오룩스(주)
20260827,A213500,KR7213500002,1101115604700,KOSPI,한솔제지,한솔제지(주)
20260827,A214150,KR7214150005,1101115618355,KOSDAQ,클래시스,(주)클래시스
20260827,A214180,KR7214180002,1101114063535,KOSDAQ,헥토이노베이션,(주)헥토이노베이션
20260827,A214260,KR7214260002,1101113430040,KOSDAQ,라파스,(주)라파스
20260827,A214270,KR7214270001,1101115617076,KOSDAQ,FSN,(주)에프에스엔
20260827,A214320,KR7214320004,1101113229097,KOSPI,이노션,(주)이노션
20260827,A214330,KR7214330003,2059110000169,KOSPI,금호에이치티,(주)금호에이치티
20260827,A214370,KR7214370009,1101112310946,KOSDAQ,케어젠,(주)케어젠
20260827,A214390,KR7214390007,1648110001961,KOSPI,경보제약,(주)경보제약
20260827,A214420,KR7214420002,1101113500249,KOSPI,토니모리,(주)토니모리
20260827,A214430,KR7214430001,1601110072738,KOSDAQ,아이쓰리시스템,아이쓰리시스템(주)
20260827,A214450,KR7214450009,1101112183749,KOSDAQ,파마리서치,(주)파마리서치
20260827,A214610,KR7214610008,1501110123252,KOSDAQ,롤링스톤,롤링스톤(주)
20260827,A214680,KR7214680001,1101115633585,KOSDAQ,디알텍,(주)디알텍
20260827,A215000,KR7215000001,1601110393069,KOSDAQ,골프존,(주)골프존
20260827,A215090,KR7215090002,1101115642726,KOSDAQ,솔디펜스,(주)솔디펜스
20260827,A215100,KR7215100009,1101115638741,KOSDAQ,로보로보,(주)로보로보
20260827,A215200,KR7215200007,1101115685966,KOSDAQ,메가스터디교육,메가스터디교육(주)
20260827,A215360,KR7215360009,1345110257251,KOSDAQ,우리산업,우리산업(주)
20260827,A215380,KR7215380007,1101115649938,KOSDAQ,콜마바이오텍,콜마바이오텍(주)
20260827,A215480,KR7215480005,1101115648518,KOSDAQ,토박스코리아,(주)토박스코리아
20260827,A215570,KR7215570003,1348110243379,KONEX,크로넥스,크로넥스(주)
20260827,A215600,KR7215600008,1801110550194,KOSDAQ,신라젠,신라젠(주)
20260827,A215790,KR7215790007,1101115658640,KOSDAQ,이노인스트루먼트,(주)이노인스트루먼트
20260827,A216050,KR7216050005,1101113734955,KOSDAQ,인크로스,인크로스(주)
20260827,A216080,KR7216080002,1358110168568,KOSDAQ,제테마,(주)제테마
20260827,A216400,KR7216400002,1101112250077,KONEX,인바이츠바이오코아,인바이츠바이오코아(주)
20260827,A217190,KR7217190008,1246110236750,KOSDAQ,제너셈,제너셈(주)
20260827,A217270,KR7217270008,1101115671171,KOSDAQ,넵튠,(주)넵튠
20260827,A217320,KR7217320001,2013110007757,KONEX,썬테크,(주)썬테크
20260827,A217330,KR7217330000,1311110251395,KOSDAQ,싸이토젠,(주)싸이토젠
20260827,A217480,KR7217480003,1101113971466,KOSDAQ,에스디생명공학,(주)에스디생명공학
20260827,A217500,KR7217500008,1101115677864,KOSDAQ,러셀,(주)러셀
20260827,A217590,KR7217590009,1615110148704,KOSPI,티엠씨,(주)티엠씨
20260827,A217730,KR7217730001,1101114461002,KOSDAQ,강스템바이오텍,주식회사 강스템바이오텍
20260827,A217820,KR7217820000,1348110045535,KOSDAQ,원익피앤이,(주)원익피앤이
20260827,A217880,KR7217880004,1101112304387,KONEX,틸론,(주)틸론
20260827,A217910,KR7217910009,1647110011772,KONEX,에스제이켐,주식회사 에스제이켐
20260827,A217950,KR7217950005,1311110242344,KONEX,파마리서치바이오,(주)파마리서치바이오
20260827,A218150,KR7218150001,1101115687615,KOSDAQ,미래생명자원,(주)미래생명자원
20260827,A218410,KR7218410009,1101115695337,KOSDAQ,RFHIC,알에프에이치아이씨(주)
20260827,A219130,KR7219130002,1201110228610,KOSDAQ,타이거일렉,주식회사 타이거일렉
20260827,A219420,KR7219420007,1101112914459,KOSDAQ,링크제니시스,(주)링크제니시스
20260827,A219550,KR7219550001,1101115703594,KOSDAQ,디와이디,(주)디와이디
20260827,A219750,KR7219750007,1101111651101,KOSDAQ,한국비티비,(주)한국비티비
20260827,A220100,KR7220100002,1246110260311,KOSDAQ,퓨쳐켐,(주)퓨쳐켐
20260827,A220180,KR7220180004,1311110243912,KOSDAQ,폴라리스AI핸디,(주)폴라리스에이아이핸디
20260827,A220260,KR7220260004,1101115723120,KOSDAQ,켐트로스,(주)켐트로스
20260827,A221800,KR7221800006,1101114022325,KOSDAQ,지구홀딩스,지구홀딩스(주)
20260827,A221840,KR7221840002,1101112376401,KOSDAQ,하이즈항공,하이즈항공(주)
20260827,A221980,KR7221980006,1341110013255,KOSDAQ,케이디켐,케이디켐(주)
20260827,A222040,KR7222040008,1101112407470,KOSDAQ,코스맥스엔비티,코스맥스엔비티(주)
20260827,A222080,KR7222080004,1101115731032,KOSDAQ,SFA넥셀,(주)에스에프에이넥셀
20260827,A222110,KR7222110009,1311110248194,KOSDAQ,팬젠,(주)팬젠
20260827,A222420,KR7222420002,1101115733509,KOSDAQ,쎄노텍,(주)쎄노텍
20260827,A222670,KR7222670002,1101115304897,KONEX,플럼라인생명과학,(주)플럼라인생명과학
20260827,A222800,KR7222800005,1501110205802,KOSDAQ,심텍,(주)심텍
20260827,A222980,KR7222980005,1101111495971,KOSDAQ,한국맥널티,한국맥널티(주)
20260827,A223220,KR7223220005,1101115206283,KONEX,로지스몬,(주)로지스몬
20260827,A223250,KR7223250002,1101111953953,KOSDAQ,드림씨아이에스,(주)드림씨아이에스
20260827,A223310,KR7223310004,1101114519281,KOSDAQ,사토시홀딩스,사토시홀딩스(주)
20260827,A224060,KR7224060004,1615110031686,KOSDAQ,더코디,(주)더코디
20260827,A224110,KR7224110007,1311110416816,KOSDAQ,에이텍모빌리티,(주)에이텍모빌리티
20260827,A224760,KR7224760009,1101111089401,KONEX,엔에스컴퍼니,(주)엔에스컴퍼니
20260827,A224810,KR7224810002,1101110427074,KONEX,엄지하우스,(주)엄지하우스
20260827,A225190,KR7225190008,1942110216483,KOSDAQ,LK삼양,엘케이삼양(주)
20260827,A225220,KR7225220003,1101113403972,KOSDAQ,제놀루션,(주)제놀루션
20260827,A225430,KR7225430008,1101115779909,KOSDAQ,케이엠제약,케이엠제약(주)
20260827,A225530,KR7225530005,1743110003882,KOSDAQ,HC보광산업,(주)에이치씨보광산업
20260827,A225570,KR7225570001,1101115781277,KOSDAQ,넥슨게임즈,(주)넥슨게임즈
20260827,A225590,KR7225590009,1101115782473,KOSDAQ,패션플랫폼,패션플랫폼(주)
20260827,A226320,KR7226320000,1101113394048,KOSPI,잇츠한불,(주)잇츠한불
20260827,A226330,KR7226330009,1101114179457,KOSDAQ,신테카바이오,(주)신테카바이오
20260827,A226340,KR7226340008,1101115794478,KOSDAQ,본느,(주)본느
20260827,A226400,KR7226400000,1101114816570,KOSDAQ,오스테오닉,(주)오스테오닉
20260827,A226590,KR7226590008,1355110198834,KOSDAQ,엠디바이스,엠디바이스 주식회사
20260827,A226950,KR7226950004,1358110177957,KOSDAQ,올릭스,올릭스 주식회사
20260827,A227420,KR7227420007,1101113623348,KONEX,도부,도부(주)
20260827,A227610,KR7227610003,1101112131821,KOSDAQ,아우딘퓨쳐스,(주)아우딘퓨쳐스
20260827,A227840,KR7227840006,1101115851559,KOSPI,현대코퍼레이션홀딩스,현대코퍼레이션홀딩스(주)
20260827,A227950,KR7227950003,1101115829407,KOSDAQ,엔투텍,(주)엔투텍
20260827,A228340,KR7228340006,1648110073035,KOSDAQ,동양파일,동양파일(주)
20260827,A228670,KR7228670006,1345110084018,KOSDAQ,레이,주식회사 레이
20260827,A228760,KR7228760005,1601110105498,KOSDAQ,지노믹트리,(주)지노믹트리
20260827,A228850,KR7228850004,1348110216516,KOSDAQ,레이언스,(주)레이언스
20260827,A229000,KR7229000005,1101114690768,KOSDAQ,젠큐릭스,(주)젠큐릭스
20260827,A229500,KR7229500004,1101114465111,KONEX,노브메타파마,(주)노브메타파마
20260827,A229640,KR7229640008,1341110411706,KOSPI,LS에코에너지,엘에스에코에너지 주식회사
20260827,A230240,KR7230240004,1101115855973,KOSDAQ,에치에프알,(주)에치에프알
20260827,A232140,KR7232140004,1101115869346,KOSDAQ,와이씨,(주)와이씨
20260827,A232530,KR7232530006,1351110097612,KONEX,이엠티,(주)이엠티
20260827,A232680,KR7232680009,1201110216699,KOSDAQ,라온로보틱스,(주)라온로보틱스
20260827,A232830,KR7232830000,1101114736520,KOSDAQ,아이티센피엔에스,(주)아이티센피엔에스
20260827,A233250,KR7233250000,1341110069167,KONEX,메디안디노스틱,(주)메디안디노스틱
20260827,A233990,KR7233990001,1101115093862,KONEX,질경이,(주)질경이
20260827,A234030,KR7234030005,1311110132107,KOSDAQ,싸이닉솔루션,(주)싸이닉솔루션
20260827,A234070,KR7234070001,1101113216276,KONEX,에이원큐브텍,주식회사 에이원큐브텍
20260827,A234080,KR7234080000,1350110057395,KOSPI,JW생명과학,제이더블유생명과학(주)
20260827,A234100,KR7234100006,1348110015885,KOSDAQ,폴라리스세원,(주)폴라리스세원
20260827,A234300,KR7234300002,1311110332864,KOSDAQ,에스트래픽,에스트래픽 주식회사
20260827,A234340,KR7234340008,1101112085523,KOSDAQ,헥토파이낸셜,(주)헥토파이낸셜
20260827,A234690,KR7234690006,1345110083218,KOSDAQ,녹십자웰빙,(주)녹십자웰빙
20260827,A234920,KR7234920007,2850110153481,KOSDAQ,자이글,자이글(주)
20260827,A235980,KR7235980000,1358110232363,KOSDAQ,메드팩토,(주)메드팩토
20260827,A236030,KR7236030003,1512110018814,KONEX,씨알푸드,(주)씨알푸드
20260827,A236200,KR7236200002,1311110433589,KOSDAQ,슈프리마,(주)슈프리마
20260827,A236340,KR7236340006,1101114922286,KONEX,메디젠휴먼케어,(주)메디젠휴먼케어
20260827,A236810,KR7236810008,1101114962042,KOSDAQ,엔비티,(주)엔비티
20260827,A237690,KR7237690003,1545110039704,KOSDAQ,에스티팜,에스티팜(주)
20260827,A237750,KR7237750005,1341110064711,KOSDAQ,피앤씨테크,피앤씨테크(주)
20260827,A237820,KR7237820006,1311110251048,KOSDAQ,플레이디,주식회사 플레이디
20260827,A237880,KR7237880000,1101111421273,KOSDAQ,클리오,(주)클리오
20260827,A238090,KR7238090005,1545110045488,KOSDAQ,앤디포스,(주)앤디포스
20260827,A238120,KR7238120000,1341110170980,KOSDAQ,얼라인드,(주)얼라인드제네틱스
20260827,A238200,KR7238200000,1101111787378,KOSDAQ,비피도,주식회사 비피도
20260827,A238490,KR7238490007,1101111634272,KOSDAQ,힘스,(주)힘스
20260827,A238500,KR7238500003,1101112858483,KONEX,솔루믹스,(주)솔루믹스
20260827,A238540,KR7238540009,2101110054248,KONEX,나노솔루션,(주)나노솔루션
20260827,A239340,KR7239340003,1101115970961,KOSDAQ,이스트에이드,(주)이스트에이드
20260827,A239610,KR7239610009,1341110077704,KOSDAQ,에이치엘사이언스,(주)에이치엘사이언스
20260827,A239890,KR7239890007,1311110237931,KOSDAQ,피엔에이치테크,(주)피엔에이치테크
20260827,A240550,KR7240550004,1645110024117,KOSDAQ,동방메디컬,(주)동방메디컬
20260827,A240600,KR7240600007,1501110137013,KOSDAQ,유진테크놀로지,(주)유진테크놀로지
20260827,A240810,KR7240810002,1313110163174,KOSDAQ,원익IPS,(주)원익아이피에스
20260827,A241520,KR7241520006,1101114778267,KOSDAQ,DSC인베스트먼트,디에스씨인베스트먼트(주)
20260827,A241560,KR7241560002,1101115402237,KOSPI,두산밥캣,두산밥캣 주식회사
20260827,A241590,KR7241590009,1101115891943,KOSPI,화승엔터프라이즈,주식회사 화승엔터프라이즈
20260827,A241690,KR7241690007,1801110327981,KOSDAQ,유니테크노,(주)유니테크노
20260827,A241710,KR7241710003,1545110016091,KOSDAQ,코스메카코리아,(주)코스메카코리아
20260827,A241770,KR7241770007,1201110233338,KOSDAQ,메카로,(주)메카로
20260827,A241790,KR7241790005,1101114809963,KOSDAQ,티이엠씨씨엔에스,티이엠씨씨엔에스(주)
20260827,A241820,KR7241820000,1352110022823,KOSDAQ,피씨엘,피씨엘(주)
20260827,A241840,KR7241840008,1101112929276,KOSDAQ,에이스토리,(주)에이스토리
20260827,A242040,KR7242040004,1101116016673,KOSDAQ,나무에이엑스,나무에이엑스(주)
20260827,A243070,KR7243070000,1311110446029,KOSDAQ,휴온스,(주)휴온스
20260827,A243840,KR7243840006,1348110178873,KOSDAQ,신흥에스이씨,신흥에스이씨(주)
20260827,A243870,KR7243870003,1101113091107,KONEX,아이티센코어,(주)아이티센코어
20260827,A244460,KR7244460002,1101113562570,KOSDAQ,올리패스,올리패스(주)
20260827,A244880,KR7244880001,2001110214745,KONEX,나눔테크,(주)나눔테크
20260827,A244920,KR7244920005,1101113691973,KOSPI,에이플러스에셋,주식회사 에이플러스에셋어드바이저
20260827,A245450,KR7245450002,1101112072869,KONEX,씨앤에스링크,(주)씨앤에스링크
20260827,A245620,KR7245620000,1201110658289,KOSDAQ,EDGC,이원다이애그노믹스(주)
20260827,A246250,KR7246250005,1101113602524,KOSDAQ,에스엘에스바이오,(주)에스엘에스바이오
20260827,A246690,KR7246690002,1101113840843,KOSDAQ,TS인베스트먼트,주식회사 티에스인베스트먼트
20260827,A246710,KR7246710008,1355110249041,KOSDAQ,티앤알바이오팹,(주)티앤알바이오팹
20260827,A246720,KR7246720007,1311110157098,KOSDAQ,아스타,(주)아스타
20260827,A246960,KR7246960009,1101114327915,KOSDAQ,SCL사이언스,(주)에스씨엘사이언스
20260827,A247540,KR7247540008,1501110219184,KOSDAQ,에코프로비엠,(주)에코프로비엠
20260827,A247660,KR7247660004,1648110026753,KOSDAQ,나노씨엠에스,나노씨엠에스(주)
20260827,A248070,KR7248070005,1358110272682,KOSPI,솔루엠,주식회사 솔루엠
20260827,A248170,KR7248170003,1101116110045,KOSPI,샘표식품,샘표식품(주)
20260827,A249420,KR7249420001,1101116139277,KOSPI,일동제약,일동제약(주)
20260827,A250000,KR7250000007,1101115879030,KOSDAQ,보라티알,(주)보라티알
20260827,A250030,KR7250030004,1314110243742,KONEX,진코스텍,주식회사 진코스텍
20260827,A250060,KR7250060001,1101116108587,KOSDAQ,모비스,(주)모비스
20260827,A250930,KR7250930005,1101116122470,KOSDAQ,예선테크,(주)예선테크
20260827,A251120,KR7251120002,1201110388092,KOSDAQ,바이오에프디엔씨,주식회사 바이오에프디엔씨
20260827,A251270,KR7251270005,1101114731299,KOSPI,넷마블,넷마블(주)
20260827,A251280,KR7251280004,1601110082795,KONEX,안지오랩,(주)안지오랩
20260827,A251370,KR7251370003,1201110185810,KOSDAQ,와이엠티,와이엠티(주)
20260827,A251630,KR7251630000,1311110164978,KOSDAQ,브이원텍,(주)브이원텍
20260827,A251970,KR7251970000,1211110088451,KOSDAQ,펌텍코리아,펌텍코리아 주식회사
20260827,A252500,KR7252500004,1101116153095,KOSDAQ,세화피앤씨,(주)세화피앤씨
20260827,A252990,KR7252990007,1311110449718,KOSDAQ,샘씨엔에스,(주)샘씨엔에스
20260827,A253450,KR7253450001,1101116052164,KOSDAQ,스튜디오드래곤,스튜디오드래곤(주)
20260827,A253590,KR7253590004,1101116168614,KOSDAQ,네오셈,(주)네오셈
20260827,A253610,KR7253610000,1211110269473,KONEX,루트락,(주)루트락
20260827,A253840,KR7253840003,1601110312126,KOSDAQ,수젠텍,(주)수젠텍
20260827,A254120,KR7254120009,1101116178564,KOSDAQ,자비스,(주)자비스
20260827,A254160,KR7254160005,1101113865643,KONEX,제이엠멀티,(주)제이엠멀티
20260827,A254490,KR7254490006,1101111228364,KOSDAQ,미래반도체,미래반도체(주)
20260827,A255220,KR7255220006,1201110517154,KOSDAQ,SG,에스지이(주)
20260827,A255440,KR7255440000,1101112494451,KOSDAQ,야스,(주)야스
20260827,A256150,KR7256150004,1601110165806,KOSDAQ,한독크린텍,(주)한독크린텍
20260827,A256630,KR7256630005,1101116201737,KOSDAQ,포인트엔지니어링,(주)포인트엔지니어링
20260827,A256840,KR7256840000,1101116202305,KOSDAQ,한국비엔씨,(주)한국비엔씨
20260827,A256940,KR7256940008,1101112063743,KOSDAQ,킵스파마,(주)킵스바이오파마
20260827,A257370,KR7257370007,1701110207177,KOSDAQ,피엔티엠에스,(주)피엔티 엠에스
20260827,A257720,KR7257720003,1101112425448,KOSDAQ,실리콘투,주식회사 실리콘투
20260827,A258050,KR7258050004,1748110058069,KONEX,테크트랜스,(주)테크트랜스
20260827,A258610,KR7258610005,1101114097518,KOSDAQ,케일럼,(주)케일럼
20260827,A258790,KR7258790005,1101116219037,KOSDAQ,소프트캠프,소프트캠프(주)
20260827,A258830,KR7258830009,2849110088798,KOSDAQ,세종메디칼,(주)세종메디칼
20260827,A259630,KR7259630002,1341110106357,KOSDAQ,엠플러스,(주)엠플러스
20260827,A259960,KR7259960003,1101113645772,KOSPI,크래프톤,주식회사 크래프톤
20260827,A260660,KR7260660006,1350110038048,KOSDAQ,알리코제약,알리코제약(주)
20260827,A260870,KR7260870001,2058110018148,KONEX,SK시그넷,SK시그넷(주)
20260827,A260930,KR7260930003,1101112233560,KOSDAQ,씨티케이,(주)씨티케이
20260827,A260970,KR7260970009,1615110028766,KOSDAQ,에스앤디,(주)에스앤디
20260827,A261200,KR7261200000,1101116246759,KOSDAQ,덴티스,주식회사 덴티스
20260827,A261520,KR7261520001,1701110191495,KOSDAQ,이지스,주식회사 이지스
20260827,A261780,KR7261780001,1101111992670,KOSDAQ,아리바이오랩,(주)아리바이오랩
20260827,A262260,KR7262260003,1351110053143,KOSDAQ,에이프로,(주)에이프로
20260827,A262840,KR7262840002,1101111346439,KOSDAQ,아이퀘스트,(주)아이퀘스트
20260827,A263020,KR7263020000,1101111967243,KOSDAQ,디케이앤디,(주)디케이앤디
20260827,A263050,KR7263050007,2850110287959,KOSDAQ,유틸렉스,(주)유틸렉스
20260827,A263600,KR7263600009,1760110006963,KOSDAQ,덕우전자,덕우전자(주)
20260827,A263690,KR7263690000,1101112863789,KOSDAQ,디알젬,(주)디알젬
20260827,A263700,KR7263700007,1201110607278,KOSDAQ,케어랩스,(주)케어랩스
20260827,A263720,KR7263720005,1101114767153,KOSDAQ,디앤씨미디어,주식회사 디앤씨미디어
20260827,A263750,KR7263750002,1341110195582,KOSDAQ,펄어비스,주식회사 펄어비스
20260827,A263770,KR7263770000,1101116298148,KOSDAQ,유에스티,(주)유에스티
20260827,A263800,KR7263800005,1101114504901,KOSDAQ,데이타솔루션,(주)데이타솔루션
20260827,A263810,KR7263810004,1341110025060,KOSDAQ,상신전자,상신전자(주)
20260827,A263860,KR7263860009,1311110131159,KOSDAQ,지니언스,지니언스(주)
20260827,A263920,KR7263920001,1201110290289,KOSDAQ,휴엠앤씨,(주)휴엠앤씨
20260827,A264450,KR7264450008,1311110475341,KOSDAQ,유비쿼스,(주)유비쿼스
20260827,A264660,KR7264660002,1348110072786,KOSDAQ,씨앤지하이테크,씨앤지하이테크(주)
20260827,A264850,KR7264850009,1101116314449,KOSDAQ,이랜시스,(주)이랜시스
20260827,A264900,KR7264900002,1101116332590,KOSPI,크라운제과,(주)크라운제과
20260827,A265520,KR7265520007,1348110400341,KOSDAQ,AP시스템,에이피시스템(주)
20260827,A265560,KR7265560003,1615110038129,KOSDAQ,영화테크,영화테크(주)
20260827,A265740,KR7265740001,1201110608755,KOSDAQ,엔에프씨,주식회사엔에프씨
20260827,A266170,KR7266170000,1101114339316,KONEX,레드우즈,(주)레드우즈
20260827,A266350,KR7266350008,1101114972900,KONEX,팡스카이,(주)팡스카이
20260827,A266470,KR7266470004,1246110241808,KONEX,바이오인프라생명과학,(주)바이오인프라생명과학
20260827,A267080,KR7267080000,2845110012696,KONEX,세븐브로이맥주,세븐브로이맥주 주식회사
20260827,A267250,KR7267250009,1701110638661,KOSPI,HD현대,에이치디현대(주)
20260827,A267260,KR7267260008,1101116363850,KOSPI,HD현대일렉트릭,에이치디현대일렉트릭(주)
20260827,A267270,KR7267270007,1101116363868,KOSPI,HD건설기계,에이치디건설기계(주)
20260827,A267290,KR7267290005,2301110274751,KOSPI,경동도시가스,(주)경동도시가스
20260827,A267320,KR7267320000,1101116353116,KOSDAQ,나인테크,(주)나인테크
20260827,A267790,KR7267790004,1101114256924,KOSDAQ,배럴,(주)배럴
20260827,A267850,KR7267850006,1101110801848,KOSPI,아시아나IDT,아시아나아이디티(주)
20260827,A267980,KR7267980001,1101116390770,KOSDAQ,매일유업,매일유업 주식회사
20260827,A268280,KR7268280005,2101110123944,KOSPI,미원에스씨,미원스페셜티케미칼(주)
20260827,A270210,KR7270210008,1311110188085,KONEX,에스알바이오텍,(주)에스알바이오텍
20260827,A270520,KR7270520000,1101116383543,KOSDAQ,앱튼,(주)앱튼
20260827,A270660,KR7270660004,1311110396927,KOSDAQ,에브리봇,에브리봇(주)
20260827,A270870,KR7270870009,1101112214429,KOSDAQ,뉴트리,(주)뉴트리
20260827,A271560,KR7271560005,1101116417805,KOSPI,오리온,(주)오리온
20260827,A271830,KR7271830002,1348110110148,KOSDAQ,팸텍,팸텍주식회사
20260827,A271940,KR7271940009,2101110086548,KOSPI,일진하이솔루스,일진하이솔루스(주)
20260827,A271980,KR7271980005,1101116420361,KOSPI,제일약품,제일약품(주)
20260827,A272110,KR7272110008,1348110106600,KOSDAQ,케이엔제이,(주)케이엔제이
20260827,A272210,KR7272210006,1760110020640,KOSPI,한화시스템,한화시스템(주)
20260827,A272290,KR7272290008,1648110105010,KOSDAQ,이녹스첨단소재,(주)이녹스첨단소재
20260827,A272450,KR7272450008,1201110454976,KOSPI,진에어,주식회사 진에어
20260827,A272550,KR7272550005,1101115554418,KOSPI,삼양패키징,주식회사 삼양패키징
20260827,A273060,KR7273060004,1101116417590,KOSDAQ,와이즈버즈,(주)와이즈버즈
20260827,A273640,KR7273640003,1501110081963,KOSDAQ,와이엠텍,(주)와이엠텍
20260827,A274090,KR7274090000,1954110024732,KOSDAQ,켄코아에어로스페이스,켄코아에어로스페이스(주)
20260827,A274400,KR7274400001,1101111977937,KOSDAQ,이노시뮬레이션,(주)이노시뮬레이션
20260827,A275630,KR7275630002,1101114422103,KOSDAQ,에스에스알,(주)에스에스알
20260827,A276040,KR7276040003,1101112499641,KOSDAQ,스코넥,(주)스코넥엔터테인먼트
20260827,A276240,KR7276240009,1201110336596,KONEX,엘리비젼,(주)엘리비젼
20260827,A276730,KR7276730009,2201110123463,KOSDAQ,한울앤제주,(주)한울앤제주
20260827,A277070,KR7277070009,1101113489154,KOSDAQ,린드먼아시아,린드먼아시아인베스트먼트(주)
20260827,A277410,KR7277410007,1101116471554,KOSDAQ,인산가,(주)인산가
20260827,A277810,KR7277810008,1601110293889,KOSDAQ,레인보우로보틱스,(주)레인보우로보틱스
20260827,A277880,KR7277880001,1313110109110,KOSDAQ,티에스아이,주식회사 티에스아이
20260827,A278280,KR7278280003,1511110031157,KOSDAQ,천보,(주)천보
20260827,A278470,KR7278470000,1101115535012,KOSPI,에이피알,(주)에이피알
20260827,A278650,KR7278650007,2842110063231,KOSDAQ,HLB바이오스텝,에이치엘비바이오스텝(주)
20260827,A278990,KR7278990007,1341110364153,KONEX,EMB,(주)이엠비
20260827,A279060,KR7279060008,1358110239187,KONEX,이노벡스,(주)이노벡스
20260827,A279570,KR7279570006,1101115938985,KOSPI,케이뱅크,주식회사 케이뱅크
20260827,A279600,KR7279600001,1101112001842,KOSDAQ,미디어젠,미디어젠(주)
20260827,A280360,KR7280360009,1101116536481,KOSPI,롯데웰푸드,롯데웰푸드(주)
20260827,A281740,KR7281740001,1101116525723,KOSDAQ,레이크머티리얼즈,(주)레이크머티리얼즈
20260827,A281820,KR7281820001,1346110087565,KOSPI,케이씨텍,(주)케이씨텍
20260827,A282330,KR7282330000,1101116555770,KOSPI,BGF리테일,(주)비지에프리테일
20260827,A282620,KR7282620004,1101110278980,KOSDAQ,기도산업,(주)기도산업
20260827,A282720,KR7282720002,1812110025384,KOSDAQ,금양그린파워,금양그린파워(주)
20260827,A282880,KR7282880004,1351110047419,KOSDAQ,코윈테크,주식회사 코윈테크
20260827,A284620,KR7284620002,1101116558469,KOSDAQ,카이노스메드,주식회사 카이노스메드
20260827,A284740,KR7284740008,1355110319406,KOSPI,쿠쿠홈시스,쿠쿠홈시스 주식회사
20260827,A285130,KR7285130001,1311110501021,KOSPI,SK케미칼,에스케이케미칼(주)
20260827,A285490,KR7285490009,1351110083661,KOSDAQ,노바텍,(주)노바텍
20260827,A285800,KR7285800009,1201110127961,KOSDAQ,진영,(주)진영
20260827,A286750,KR7286750005,1358110139600,KOSDAQ,나노실리칸첨단소재,(주)나노실리칸첨단소재
20260827,A286940,KR7286940002,1101116557114,KOSPI,롯데이노베이트,롯데이노베이트(주)
20260827,A287840,KR7287840003,1601110395354,KOSDAQ,인투셀,(주)인투셀
20260827,A288180,KR7288180003,1801110100551,KOSDAQ,케이피항공산업,케이피항공산업(주)
20260827,A288330,KR7288330004,1311110423499,KOSDAQ,파라택시스코리아,파라택시스 코리아(주)
20260827,A288620,KR7288620008,1311110367986,KOSDAQ,에스프리즘,에스프리즘 (주)
20260827,A288980,KR7288980006,1101115373933,KOSDAQ,모아데이타,(주)모아데이타
20260827,A289010,KR7289010001,1101115125649,KOSDAQ,아이스크림에듀,(주)아이스크림에듀
20260827,A289080,KR7289080004,1101113433440,KOSDAQ,SV인베스트먼트,에스브이인베스트먼트 주식회사
20260827,A289170,KR7289170003,2112110013457,KONEX,바이오텐,바이오텐(주)
20260827,A289220,KR7289220006,1101113909839,KOSDAQ,자이언트스텝,(주)자이언트스텝
20260827,A289930,KR7289930000,1348110407800,KOSDAQ,웨이비스,(주)웨이비스
20260827,A290090,KR7290090000,1501110132344,KOSDAQ,트윔,(주)트윔
20260827,A290120,KR7290120005,2101110118854,KOSDAQ,DH오토리드,(주)디에이치오토리드
20260827,A290270,KR7290270008,1101112919938,KOSDAQ,휴네시온,주식회사 휴네시온
20260827,A290520,KR7290520006,1211110078395,KOSDAQ,신도기연,(주)신도기연
20260827,A290550,KR7290550003,1201110615990,KOSDAQ,디케이티,(주)디케이티
20260827,A290560,KR7290560002,1341110125604,KOSDAQ,파라택시스이더리움,파라택시스이더리움(주)
20260827,A290650,KR7290650001,1311110288992,KOSDAQ,엘앤씨바이오,(주)엘앤씨바이오
20260827,A290660,KR7290660000,1101114362531,KOSDAQ,다이나믹솔루션,(주)다이나믹솔루션
20260827,A290670,KR7290670009,1101111114589,KOSDAQ,대보마그네틱,대보마그네틱(주)
20260827,A290690,KR7290690007,1211110051797,KOSDAQ,아리바이오홀딩스,(주)아리바이오홀딩스
20260827,A290720,KR7290720002,1101115045045,KOSDAQ,푸드나무,(주)푸드나무
20260827,A290740,KR7290740000,1352110033862,KOSDAQ,액트로,(주)액트로
20260827,A291230,KR7291230001,1101116652790,KOSDAQ,컴투스엔,(주)컴투스엔
20260827,A291650,KR7291650000,1717110093010,KOSDAQ,츌립앤사이언스,(주)츌립앤사이언스
20260827,A291810,KR7291810000,1101115829944,KOSDAQ,핀텔,(주)핀텔
20260827,A293480,KR7293480000,1311110002409,KOSPI,하나제약,하나제약(주)
20260827,A293490,KR7293490009,1311110351682,KOSDAQ,카카오게임즈,(주)카카오게임즈
20260827,A293580,KR7293580007,1101113731563,KOSDAQ,나우IB,나우아이비캐피탈(주)
20260827,A293780,KR7293780003,1358110168906,KOSDAQ,압타바이오,압타바이오(주)
20260827,A293940,KR7293940003,1101116601135,KOSPI,신한알파리츠,(주)신한알파위탁관리부동산투자회사
20260827,A294090,KR7294090006,1101114694679,KOSDAQ,이오플로우,이오플로우(주)
20260827,A294140,KR7294140009,1760110078920,KOSDAQ,레몬,(주)레몬
20260827,A294570,KR7294570007,1101113579947,KOSDAQ,쿠콘,(주)쿠콘
20260827,A294630,KR7294630009,1311110128338,KOSDAQ,서남,(주)서남
20260827,A294870,KR7294870001,1101116740008,KOSPI,IPARK현대산업개발,아이파크현대산업개발(주)
20260827,A295310,KR7295310007,1355110238812,KOSDAQ,에이치브이엠,(주)에이치브이엠
20260827,A296160,KR7296160005,1345110030227,KONEX,프로젠,(주)프로젠
20260827,A296520,KR7296520000,2850110181903,KONEX,가이아코퍼레이션,(주)가이아코퍼레이션
20260827,A296640,KR7296640006,1101113598616,KOSDAQ,이노에이엑스,(주)이노에이엑스
20260827,A297090,KR7297090003,1801110611863,KOSDAQ,씨에스베어링,씨에스베어링 주식회사
20260827,A297570,KR7297570004,1101116735067,KOSDAQ,아틀라스링크,주식회사 아틀라스링크
20260827,A297890,KR7297890006,1311110065514,KOSDAQ,HB솔루션,에이치비솔루션(주)
20260827,A298000,KR7298000001,1101116770188,KOSPI,효성화학,효성화학(주)
20260827,A298020,KR7298020009,1101116770138,KOSPI,효성티앤씨,효성티앤씨(주)
20260827,A298040,KR7298040007,1101116770154,KOSPI,효성중공업,효성중공업(주)
20260827,A298050,KR7298050006,1101116770170,KOSPI,HS효성첨단소재,에이치에스효성첨단소재(주)
20260827,A298060,KR7298060005,1201110715352,KOSDAQ,풍전약품,풍전약품(주)
20260827,A298380,KR7298380007,1101115974020,KOSDAQ,에이비엘바이오,에이비엘바이오(주)
20260827,A298540,KR7298540006,1101112958259,KOSDAQ,더네이쳐홀딩스,(주)더네이쳐홀딩스
20260827,A298690,KR7298690009,1801110605121,KOSPI,에어부산,에어부산 주식회사
20260827,A298830,KR7298830001,1101112462002,KOSDAQ,슈어소프트테크,슈어소프트테크 주식회사
20260827,A299030,KR7299030007,1348110080937,KOSDAQ,하나기술,(주)하나기술
20260827,A299170,KR7299170001,1101116748507,KOSDAQ,더블유에스아이,(주)더블유에스아이
20260827,A299480,KR7299480004,1357110098741,KONEX,지앤이헬스케어,(주)지앤이헬스케어
20260827,A299660,KR7299660001,1101113572636,KOSDAQ,셀리드,(주)셀리드
20260827,A300080,KR7300080009,1101114945246,KOSDAQ,플리토,(주)플리토
20260827,A300120,KR7300120003,1311110246859,KOSDAQ,라온피플,라온피플 주식회사
20260827,A300720,KR7300720000,1101116799203,KOSPI,한일시멘트,한일시멘트(주)
20260827,A301300,KR7301300000,1101112021501,KOSDAQ,바이브컴퍼니,(주)바이브컴퍼니
20260827,A302430,KR7302430004,1345110127040,KOSDAQ,이노메트리,(주)이노메트리
20260827,A302440,KR7302440003,1311110523736,KOSPI,SK바이오사이언스,에스케이바이오사이언스(주)
20260827,A302550,KR7302550009,1311110100021,KOSDAQ,리메드,(주)리메드
20260827,A302920,KR7302920004,1101115017614,KONEX,더콘텐츠온,(주)더콘텐츠온
20260827,A303030,KR7303030001,1101116793007,KOSDAQ,지니틱스,(주)지니틱스
20260827,A303360,KR7303360002,1101111915094,KOSDAQ,프로티아,주식회사 프로티아
20260827,A303530,KR7303530000,1101113820738,KOSDAQ,이노뎁,이노뎁(주)
20260827,A303810,KR7303810006,1101116391778,KOSDAQ,동국생명과학,동국생명과학(주)
20260827,A304100,KR7304100001,1101110301632,KOSDAQ,솔트룩스,(주)솔트룩스
20260827,A304360,KR7304360001,1101112838477,KOSDAQ,에스바이오메딕스,주식회사 에스바이오메딕스
20260827,A304840,KR7304840002,1101112606171,KOSDAQ,피플바이오,(주)피플바이오
20260827,A305090,KR7305090003,1348110073536,KOSDAQ,마이크로디지탈,(주)마이크로디지탈
20260827,A306040,KR7306040007,1101113856618,KOSDAQ,에스제이그룹,주식회사 에스제이그룹
20260827,A306200,KR7306200007,1101116860640,KOSPI,세아제강,(주)세아제강
20260827,A306620,KR7306620006,1101116852431,KOSDAQ,지아이에스,(주)지아이에스
20260827,A307180,KR7307180000,1101116859099,KOSDAQ,아이엘,(주)아이엘
20260827,A307280,KR7307280008,1101116860442,KOSDAQ,원바이오젠,(주)원바이오젠
20260827,A307750,KR7307750000,1101116868529,KOSDAQ,국전,(주)국전
20260827,A307870,KR7307870006,1101116869965,KOSDAQ,비투엔,(주)비투엔
20260827,A307930,KR7307930008,1101113544263,KOSDAQ,컴퍼니케이,컴퍼니케이파트너스(주)
20260827,A307950,KR7307950006,1101111935638,KOSPI,현대오토에버,현대오토에버(주)
20260827,A308080,KR7308080001,1101115059773,KOSDAQ,바이젠셀,바이젠셀 주식회사
20260827,A308100,KR7308100007,1101116136877,KOSDAQ,형지글로벌,(주)형지글로벌
20260827,A308170,KR7308170000,1942110014431,KOSPI,씨티알모빌리티,(주)씨티알모빌리티
20260827,A308430,KR7308430008,1101114398180,KOSDAQ,셀비온,주식회사 셀비온
20260827,A309710,KR7309710002,1801110520973,KOSDAQ,아이티켐,(주)아이티켐
20260827,A309930,KR7309930006,1101116891801,KOSDAQ,조이웍스앤코,(주)조이웍스앤코
20260827,A309960,KR7309960003,1101111293531,KOSDAQ,엘비인베스트먼트,엘비인베스트먼트(주)
20260827,A310200,KR7310200001,1101116895217,KOSDAQ,애니플러스,(주)애니플러스
20260827,A310210,KR7310210000,1348110326191,KOSDAQ,보로노이,보로노이(주)
20260827,A310870,KR7310870001,1101116902393,KOSDAQ,디와이씨,디와이씨(주)
20260827,A311060,KR7311060008,1358110251222,KONEX,엘에이티,(주)엘에이티
20260827,A311320,KR7311320006,1313110059571,KOSDAQ,지오엘리먼트,(주)지오엘리먼트
20260827,A311390,KR7311390009,1101113594763,KOSDAQ,네오크레마,(주)네오크레마
20260827,A311690,KR7311690002,1101114222503,KOSDAQ,CJ 바이오사이언스,씨제이바이오사이언스(주)
20260827,A311960,KR7311960009,1101114969006,KONEX,인터로이드,주식회사 인터로이드
20260827,A312610,KR7312610009,1752110007968,KOSDAQ,에이에프더블류,에이에프더블류(주)
20260827,A313760,KR7313760001,1314110144073,KOSDAQ,캐리,(주)캐리
20260827,A314130,KR7314130006,1341110422240,KOSDAQ,지놈앤컴퍼니,(주)지놈앤컴퍼니
20260827,A314140,KR7314140005,1101116142668,KOSDAQ,알피바이오,(주)알피바이오
20260827,A314930,KR7314930009,1101111786057,KOSDAQ,바이오다인,주식회사 바이오다인
20260827,A315640,KR7315640003,1101113841627,KOSDAQ,딥노이드,주식회사 딥노이드
20260827,A316140,KR7316140003,1101116981206,KOSPI,우리금융지주,(주)우리금융지주
20260827,A317120,KR7317120004,1311110103158,KOSDAQ,라닉스,주식회사 라닉스
20260827,A317240,KR7317240000,1101116982139,KOSDAQ,TS트릴리온,(주)티에스트릴리온
20260827,A317330,KR7317330009,2301110120607,KOSDAQ,덕산테코피아,(주)덕산테코피아
20260827,A317400,KR7317400000,1101111934557,KOSPI,자이에스앤디,자이에스앤디(주)
20260827,A317450,KR7317450005,1243110022866,KOSPI,명인제약,명인제약(주)
20260827,A317530,KR7317530004,1101115551646,KOSDAQ,에피소드컴퍼니,(주)에피소드컴퍼니
20260827,A317690,KR7317690006,1101114481274,KOSDAQ,퀀타매트릭스,주식회사 퀀타매트릭스
20260827,A317770,KR7317770006,1311110478436,KOSDAQ,엑스페릭스,(주)엑스페릭스
20260827,A317830,KR7317830008,1801110078534,KOSDAQ,에스피시스템스,주식회사 에스피시스템스
20260827,A317850,KR7317850006,1101110633556,KOSDAQ,대모,대모엔지니어링주식회사
20260827,A317860,KR7317860005,1101115209310,KONEX,노드메이슨,주식회사 노드메이슨
20260827,A317870,KR7317870004,1101112152067,KOSDAQ,엔바이오니아,(주)엔바이오니아
20260827,A318000,KR7318000007,1615110041619,KOSDAQ,KBG,(주)케이비지
20260827,A318010,KR7318010006,1101111908338,KOSDAQ,팜스빌,주식회사 팜스빌
20260827,A318020,KR7318020005,1101113501601,KOSDAQ,포인트모바일,(주)포인트모바일
20260827,A318060,KR7318060001,1101116277580,KOSDAQ,그래피,주식회사 그래피
20260827,A318160,KR7318160009,1314110346786,KOSDAQ,셀바이오휴먼텍,주식회사 셀바이오휴먼텍
20260827,A318410,KR7318410008,1601110243678,KOSDAQ,비비씨,비비씨 주식회사
20260827,A318660,KR7318660008,1942110291237,KONEX,타임기술,주식회사 타임기술
20260827,A319400,KR7319400008,1101117016870,KOSDAQ,현대무벡스,현대무벡스(주)
20260827,A319660,KR7319660007,1348110493354,KOSDAQ,피에스케이,피에스케이 주식회사
20260827,A320000,KR7320000003,1101117032545,KOSDAQ,한울반도체,(주)한울반도체
20260827,A321260,KR7321260002,1101117042271,KOSDAQ,프로이천,(주)프로이천
20260827,A321370,KR7321370009,1201110764789,KOSDAQ,센서뷰,주식회사 센서뷰
20260827,A321550,KR7321550006,1101116250940,KOSDAQ,티움바이오,주식회사 티움바이오
20260827,A321820,KR7321820003,1101114391837,KOSDAQ,아티스트컴퍼니,(주)아티스트컴퍼니
20260827,A322000,KR7322000001,1101116265410,KOSPI,HD현대에너지솔루션,에이치디현대에너지솔루션(주)
20260827,A322180,KR7322180001,1101113516105,KOSDAQ,LS티라유텍,엘에스티라유텍(주)
20260827,A322310,KR7322310004,1311110104403,KOSDAQ,오로스테크놀로지,(주)오로스테크놀로지
20260827,A322510,KR7322510009,1101115340065,KOSDAQ,제이엘케이,(주)제이엘케이
20260827,A322780,KR7322780008,1101117062716,KOSDAQ,코퍼스코리아,(주)코퍼스코리아
20260827,A322970,KR7322970005,1101116098324,KONEX,무진메디,주식회사 무진메디
20260827,A323280,KR7323280008,1101117067972,KOSDAQ,태성,(주)태성
20260827,A323350,KR7323350009,1101114224020,KOSDAQ,다원넥스뷰,(주)다원넥스뷰
20260827,A323410,KR7323410001,1311110435767,KOSPI,카카오뱅크,주식회사 카카오뱅크
20260827,A323990,KR7323990002,2052110029832,KOSDAQ,박셀바이오,주식회사 박셀바이오
20260827,A326030,KR7326030004,1101114570720,KOSPI,에스케이바이오팜,에스케이바이오팜 주식회사
20260827,A327260,KR7327260006,1355110186996,KOSDAQ,RF머트리얼즈,알에프머트리얼즈(주)
20260827,A328130,KR7328130000,1601110354045,KOSDAQ,루닛,주식회사 루닛
20260827,A328380,KR7328380001,1101117128211,KOSDAQ,솔트웨어,솔트웨어 주식회사
20260827,A329180,KR7329180004,2301110312741,KOSPI,HD현대중공업,에이치디현대중공업(주)
20260827,A330350,KR7330350000,1101113069534,KOSDAQ,위더스제약,위더스제약(주)
20260827,A330590,KR7330590001,1101117061081,KOSPI,롯데리츠,롯데위탁관리부동산투자회사 주식회사
20260827,A330730,KR7330730003,1101116416683,KOSDAQ,스톤브릿지벤처스,스톤브릿지벤처스(주)
20260827,A330860,KR7330860008,1501110267365,KOSDAQ,네패스아크,주식회사 네패스아크
20260827,A331380,KR7331380006,1101117167128,KOSDAQ,포커스에이아이,(주)포커스에이아이
20260827,A331520,KR7331520007,1101117171731,KOSDAQ,밸로프,(주)밸로프
20260827,A331660,KR7331660001,2844110077460,KONEX,한국미라클피플사,(주)한국미라클피플사
20260827,A331740,KR7331740001,1101117213757,KOSDAQ,아우토크립트,아우토크립트 주식회사
20260827,A331920,KR7331920009,1101114481282,KOSDAQ,셀레믹스,주식회사 셀레믹스
20260827,A332190,KR7332190008,1314110415896,KONEX,오션스바이오,오션스바이오 주식회사
20260827,A332290,KR7332290006,1101117182655,KOSDAQ,누보,(주)누보
20260827,A332370,KR7332370006,1101113356410,KOSDAQ,아이디피,아이디피(주)
20260827,A332570,KR7332570001,1717110071503,KOSDAQ,PS일렉트로닉스,(주)피에스일렉트로닉스
20260827,A333050,KR7333050003,1101117189544,KOSDAQ,이노테나,(주)이노테나
20260827,A333430,KR7333430007,1101117196523,KOSDAQ,일승,(주)일승
20260827,A333620,KR7333620003,1615110077268,KOSDAQ,엔시스,(주)엔시스
20260827,A334890,KR7334890001,1101117173224,KOSPI,이지스밸류플러스리츠,주식회사 이지스밸류플러스위탁관리부동산투자회사
20260827,A334970,KR7334970001,1101115739804,KOSDAQ,프레스티지바이오로직,프레스티지바이오로직스(주)
20260827,A335810,KR7335810008,1601110265995,KOSDAQ,프리시젼바이오,프리시젼바이오(주)
20260827,A335870,KR7335870002,1101117222352,KOSDAQ,윙스풋,(주)윙스풋
20260827,A336040,KR7336040001,1101115361566,KONEX,타스컴,주식회사 타스컴
20260827,A336060,KR7336060009,1101117224647,KOSDAQ,웨이버스,(주)웨이버스
20260827,A336260,KR7336260005,2149110058935,KOSPI,두산퓨얼셀,두산퓨얼셀 주식회사
20260827,A336370,KR7336370002,2149110058927,KOSPI,솔루스첨단소재,솔루스첨단소재 주식회사
20260827,A336570,KR7336570007,1101117232799,KOSDAQ,원텍,원텍(주)
20260827,A336680,KR7336680004,1760110037504,KOSDAQ,탑런토탈솔루션,(주)탑런토탈솔루션
20260827,A337840,KR7337840003,1311110312428,KONEX,유엑스엔,주식회사 유엑스엔
20260827,A337930,KR7337930002,1101116496172,KOSDAQ,젝시믹스,(주)젝시믹스
20260827,A338100,KR7338100001,1101117123732,KOSPI,NH프라임리츠,주식회사 엔에이치프라임위탁관리부동산투자회사
20260827,A338220,KR7338220007,1348110319279,KOSDAQ,뷰노,주식회사 뷰노
20260827,A338840,KR7338840002,1601110235641,KOSDAQ,와이바이오로직스,(주)와이바이오로직스
20260827,A339770,KR7339770000,1752110009005,KOSPI,교촌에프앤비,교촌에프앤비(주)
20260827,A339950,KR7339950008,1101117257507,KOSDAQ,아이비김영,(주)아이비김영
20260827,A340360,KR7340360007,1101117263174,KOSDAQ,다보링크,주식회사 다보링크
20260827,A340440,KR7340440007,1101117262754,KOSDAQ,세림B&G,(주)세림비앤지
20260827,A340450,KR7340450006,1345110215100,KOSDAQ,지씨지놈,(주)지씨지놈
20260827,A340570,KR7340570001,1345110028404,KOSDAQ,티앤엘,(주)티앤엘
20260827,A340810,KR7340810001,1101114361161,KOSDAQ,시선AI,(주)시선에이아이
20260827,A340930,KR7340930007,1358110211565,KOSDAQ,성원에너텍,(주)성원에너텍
20260827,A341170,KR7341170009,1101115742831,KONEX,퓨쳐메디신,퓨쳐메디신 주식회사
20260827,A342870,KR7342870003,1101115328615,KOSDAQ,오아,오아 주식회사
20260827,A344820,KR7344820006,1101117342473,KOSPI,KCC글라스,(주)케이씨씨글라스
20260827,A344860,KR7344860002,1101113301944,KOSDAQ,이노진,(주)이노진
20260827,A346010,KR7346010002,1101114449694,KONEX,타이드,(주)타이드
20260827,A347000,KR7347000002,1411110025962,KOSDAQ,센코,주식회사 센코
20260827,A347700,KR7347700007,1101114969189,KOSDAQ,스피어,(주)스피어코퍼레이션
20260827,A347740,KR7347740003,1101114445725,KOSDAQ,피엔케이피부임상연구센타,피엔케이피부임상연구센타(주)
20260827,A347770,KR7347770000,1201110799950,KOSDAQ,핌스,주식회사 핌스
20260827,A347850,KR7347850000,1101115575662,KOSDAQ,디앤디파마텍,(주)디앤디파마텍
20260827,A347860,KR7347860009,1101116080032,KOSDAQ,알체라,주식회사 알체라
20260827,A347890,KR7347890006,1351110048798,KOSDAQ,엠엑스온,(주)엠엑스온
20260827,A348030,KR7348030008,1211110160415,KOSDAQ,모비릭스,주식회사 모비릭스
20260827,A348080,KR7348080003,1101116122983,KOSDAQ,큐라티스,(주)큐라티스
20260827,A348150,KR7348150004,1101115487437,KOSDAQ,고바이오랩,주식회사 고바이오랩
20260827,A348210,KR7348210006,1344110044981,KOSDAQ,넥스틴,주식회사 넥스틴
20260827,A348340,KR7348340001,2841110112915,KOSDAQ,뉴로메카,주식회사 뉴로메카
20260827,A348350,KR7348350000,1601110166341,KOSDAQ,위드텍,(주)위드텍
20260827,A348370,KR7348370008,1512110026289,KOSDAQ,엔켐,(주)엔켐
20260827,A348950,KR7348950007,1101117263728,KOSPI,제이알글로벌리츠,(주)제이알글로벌위탁관리부동산투자회사
20260827,A350520,KR7350520003,1101117375375,KOSPI,이지스레지던스리츠,주식회사 이지스레지던스위탁관리부동산투자회사
20260827,A351020,KR7351020003,1101115060754,KONEX,미쥬,(주)미쥬
20260827,A351320,KR7351320007,1101117417458,KOSDAQ,넥사다이내믹스,(주)넥사다이내믹스
20260827,A351330,KR7351330006,1101113569865,KOSDAQ,이삭엔지니어링,이삭엔지니어링(주)
20260827,A351870,KR7351870001,1101113034363,KOSDAQ,차이커뮤니케이션,(주)차이커뮤니케이션
20260827,A352090,KR7352090005,1101111785710,KOSDAQ,스톰테크,(주)스톰테크
20260827,A352480,KR7352480008,1358110238402,KOSDAQ,씨앤씨인터내셔널,(주)씨앤씨인터내셔널
20260827,A352700,KR7352700009,2301110096064,KOSDAQ,씨앤투스,주식회사 씨앤투스
20260827,A352770,KR7352770002,1358110198797,KOSDAQ,셀레스트라,주식회사 셀레스트라
20260827,A352820,KR7352820005,1101113166546,KOSPI,하이브,(주)하이브
20260827,A352910,KR7352910004,1101112739998,KOSDAQ,오비고,(주)오비고
20260827,A352940,KR7352940001,1512110004847,KOSDAQ,인바이오,인바이오주식회사
20260827,A353190,KR7353190002,1101117442710,KOSDAQ,휴럼,(주)휴럼
20260827,A353200,KR7353200009,1314110460809,KOSPI,대덕전자,대덕전자(주)
20260827,A353590,KR7353590003,1352110032202,KOSDAQ,오토앤,오토앤(주)
20260827,A353810,KR7353810005,1101117474424,KOSDAQ,이지바이오,(주)이지바이오
20260827,A354200,KR7354200008,1101115877480,KOSDAQ,엔젠바이오,주식회사 엔젠바이오
20260827,A354320,KR7354320004,1942110050823,KOSDAQ,알멕,(주)알멕
20260827,A354390,KR7354390007,1101110422090,KONEX,바스칸바이오제약,주식회사 바스칸바이오제약
20260827,A355150,KR7355150004,1101117471470,KOSDAQ,코스텍시스,(주)코스텍시스
20260827,A355390,KR7355390006,1101116384963,KOSDAQ,크라우드웍스,주식회사 크라우드웍스
20260827,A355690,KR7355690009,1101115972652,KOSDAQ,에이텀,(주)에이텀
20260827,A356680,KR7356680009,1101114495598,KOSDAQ,엑스게이트,(주)엑스게이트
20260827,A356860,KR7356860007,1314110255979,KOSDAQ,티엘비,(주)티엘비
20260827,A356890,KR7356890004,1101113149287,KOSDAQ,싸이버원,주식회사 싸이버원
20260827,A357120,KR7357120005,1101117320320,KOSPI,코람코라이프인프라리츠,(주)코람코라이프인프라위탁관리부동산투자회사
20260827,A357230,KR7357230002,1101114838516,KOSDAQ,에이치피오,주식회사 에이치피오
20260827,A357250,KR7357250000,1101117323259,KOSPI,미래에셋맵스리츠,㈜미래에셋맵스제1호위탁관리부동산투자회사
20260827,A357430,KR7357430008,1101117408720,KOSPI,마스턴프리미어리츠,주식회사 마스턴프리미어제1호위탁관리부동산투자회사
20260827,A357550,KR7357550003,1350110108445,KOSDAQ,석경에이티,주식회사 석경에이티
20260827,A357580,KR7357580000,1244110093120,KOSDAQ,아모센스,주식회사 아모센스
20260827,A357780,KR7357780006,1311110597525,KOSDAQ,솔브레인,솔브레인 주식회사
20260827,A357880,KR7357880004,1101115255214,KOSDAQ,SKAI,(주)스카이월드와이드
20260827,A358570,KR7358570000,1452110021112,KOSDAQ,지아이이노베이션,(주)지아이이노베이션
20260827,A359090,KR7359090008,1101117525110,KOSDAQ,씨엔알리서치,(주)씨엔알리서치
20260827,A360070,KR7360070007,1311110304011,KOSDAQ,탑머티리얼,주식회사 탑머티리얼
20260827,A360350,KR7360350003,1601110226195,KOSDAQ,코셈,주식회사 코셈
20260827,A361390,KR7361390008,1311110127512,KOSDAQ,제노코,주식회사 제노코
20260827,A361570,KR7361570005,1101114297944,KOSDAQ,알비더블유,주식회사 알비더블유
20260827,A361610,KR7361610009,1101117064217,KOSPI,SK아이이테크놀로지,에스케이아이이테크놀로지 주식회사
20260827,A361670,KR7361670003,1311110050086,KOSDAQ,삼영에스앤씨,주식회사 삼영에스앤씨
20260827,A362320,KR7362320004,1201110905317,KOSDAQ,청담글로벌,주식회사 청담글로벌
20260827,A362990,KR7362990004,1101114941038,KOSDAQ,드림인사이트,주식회사 드림인사이트
20260827,A363250,KR7363250002,1615110116305,KOSDAQ,진시스템,주식회사 진시스템
20260827,A363260,KR7363260001,1101117588506,KOSDAQ,모비데이즈,(주)모비데이즈
20260827,A363280,KR7363280009,1101117608502,KOSPI,티와이홀딩스,(주)티와이홀딩스
20260827,A364950,KR7364950006,1348110309577,KOSDAQ,에이아이코리아,(주)에이아이코리아
20260827,A365270,KR7365270008,1101116058485,KOSDAQ,큐라클,(주)큐라클
20260827,A365330,KR7365330000,1511110053458,KOSDAQ,에스와이스틸텍,에스와이스틸텍(주)
20260827,A365340,KR7365340009,2111110049793,KOSDAQ,성일하이텍,성일하이텍 주식회사
20260827,A365550,KR7365550003,1101117398989,KOSPI,ESR켄달스퀘어리츠,이에스알켄달스퀘어위탁관리부동산투자회사주식회사
20260827,A365590,KR7365590009,1101117616620,KOSDAQ,하이딥,(주)하이딥
20260827,A365660,KR7365660000,1101116446995,KOSDAQ,레몬헬스케어,주식회사 레몬헬스케어
20260827,A365900,KR7365900000,1101113197088,KOSDAQ,브이씨,(주)브이씨
20260827,A366030,KR7366030005,2801110078161,KOSDAQ,나인앤컴퍼니,(주)나인앤컴퍼니
20260827,A367000,KR7367000007,1101113175969,KOSDAQ,플래티어,(주)플래티어
20260827,A368600,KR7368600003,1348110250671,KOSDAQ,아이씨에이치,(주)아이씨에이치
20260827,A368770,KR7368770004,1101117648186,KOSDAQ,파이버프로,(주)파이버프로
20260827,A368970,KR7368970000,1613110017531,KOSDAQ,오에스피,주식회사 오에스피
20260827,A369370,KR7369370002,1101117655868,KOSDAQ,블리츠웨이엔터테인먼트,(주)블리츠웨이엔터테인먼트
20260827,A370090,KR7370090003,1311110230307,KOSDAQ,퓨런티어,주식회사 퓨런티어
20260827,A371950,KR7371950007,1350110049673,KOSDAQ,풍원정밀,풍원정밀(주)
20260827,A372170,KR7372170001,1355110102249,KOSDAQ,윤성에프앤씨,주식회사 윤성에프앤씨
20260827,A372320,KR7372320002,1311110466283,KOSDAQ,큐로셀,주식회사 큐로셀
20260827,A372800,KR7372800003,1101114934273,KOSDAQ,아이티아이즈,주식회사 아이티아이즈
20260827,A372910,KR7372910000,1345110021549,KOSPI,한컴라이프케어,주식회사 한컴라이프케어
20260827,A373110,KR7373110006,1101115836767,KOSDAQ,엑셀세라퓨틱스,(주)엑셀세라퓨틱스
20260827,A373160,KR7373160001,1101116377877,KOSDAQ,데이원컴퍼니,(주)데이원컴퍼니
20260827,A373170,KR7373170000,1101113292086,KOSDAQ,엠아이큐브솔루션,엠아이큐브솔루션 주식회사
20260827,A373200,KR7373200005,1101117695210,KOSDAQ,엑스플러스,(주)엑스플러스
20260827,A373220,KR7373220003,1101117701356,KOSPI,LG에너지솔루션,(주)엘지에너지솔루션
20260827,A375500,KR7375500006,1101117736808,KOSPI,DL이앤씨,디엘이앤씨 주식회사
20260827,A376180,KR7376180006,1101112463654,KOSDAQ,피코그램,주식회사 피코그램
20260827,A376270,KR7376270005,1717110129857,KOSDAQ,HEM파마,주식회사 에이치이엠파마
20260827,A376290,KR7376290003,1313110055652,KOSDAQ,씨유테크,씨유테크 주식회사
20260827,A376300,KR7376300000,1101116450615,KOSDAQ,디어유,주식회사 디어유
20260827,A376900,KR7376900007,1101114780072,KOSDAQ,로킷헬스케어,주식회사 로킷헬스케어
20260827,A376930,KR7376930004,1101115906974,KOSDAQ,노을,노을 주식회사
20260827,A376980,KR7376980009,1311110405166,KOSDAQ,원티드랩,(주)원티드랩
20260827,A377030,KR7377030002,1101114445072,KOSDAQ,비트맥스,비트맥스(주)
20260827,A377190,KR7377190004,1101117420211,KOSPI,디앤디플랫폼리츠,주식회사 디앤디플랫폼위탁관리부동산투자회사
20260827,A377220,KR7377220009,1358110127754,KOSDAQ,프롬바이오,주식회사 프롬바이오
20260827,A377300,KR7377300009,1311110478337,KOSPI,카카오페이,주식회사 카카오페이
20260827,A377330,KR7377330006,1345110132792,KOSDAQ,이지트로닉스,주식회사 이지트로닉스
20260827,A377450,KR7377450002,1101112564478,KOSDAQ,리파인,주식회사 리파인
20260827,A377460,KR7377460001,2001110418983,KOSDAQ,큐에이드,주식회사 큐에이드
20260827,A377480,KR7377480009,1601110362866,KOSDAQ,마음AI,(주)마음에이아이
20260827,A377740,KR7377740006,1348110324294,KOSPI,바이오노트,(주)바이오노트
20260827,A378340,KR7378340004,1358110389651,KOSDAQ,필에너지,주식회사 필에너지
20260827,A378800,KR7378800007,1101113977050,KOSDAQ,샤페론,주식회사 샤페론
20260827,A378850,KR7378850002,2341110120538,KOSPI,화승알앤에이,주식회사 화승알앤에이
20260827,A379390,KR7379390008,1801111059509,KONEX,이성씨엔아이,이성씨엔아이(주)
20260827,A380540,KR7380540005,1358110286766,KOSDAQ,옵티코어,주식회사 옵티코어
20260827,A380550,KR7380550004,2001110455472,KOSDAQ,뉴로핏,뉴로핏 주식회사
20260827,A381620,KR7381620004,1313110097737,KOSDAQ,제닉스로보틱스,제닉스로보틱스(주)
20260827,A381970,KR7381970003,1101116583490,KOSPI,케이카,케이카 주식회사
20260827,A382150,KR7382150001,1101115758333,KOSDAQ,온코크로스,주식회사 온코크로스
20260827,A382480,KR7382480002,1648110065785,KOSDAQ,지아이텍,주식회사 지아이텍
20260827,A382800,KR7382800001,1348110105579,KOSDAQ,지앤비에스 에코,(주)지앤비에스 에코
20260827,A382840,KR7382840007,1348110166589,KOSDAQ,원준,주식회사 원준
20260827,A382900,KR7382900009,1942110310912,KOSDAQ,범한퓨얼셀,범한퓨얼셀 주식회사
20260827,A383220,KR7383220001,1101117875440,KOSPI,에프앤에프,주식회사 에프앤에프
20260827,A383310,KR7383310000,1501110307674,KOSDAQ,에코프로에이치엔,주식회사 에코프로에이치엔
20260827,A383800,KR7383800000,1101117875359,KOSPI,LX홀딩스,주식회사 엘엑스홀딩스
20260827,A383930,KR7383930005,1101116363313,KOSDAQ,디티앤씨알오,주식회사 디티앤씨알오
20260827,A384470,KR7384470001,1101114962092,KOSDAQ,코어라인소프트,주식회사 코어라인소프트
20260827,A387570,KR7387570005,1701110383357,KOSDAQ,파인메딕스,주식회사 파인메딕스
20260827,A387690,KR7387690001,1401110049252,KOSDAQ,레메디,주식회사 레메디
20260827,A388050,KR7388050007,1351110102065,KOSDAQ,지투파워,지투파워(주)
20260827,A388210,KR7388210007,2841110111983,KOSDAQ,씨엠티엑스,주식회사 씨엠티엑스
20260827,A388610,KR7388610008,1101112548993,KOSDAQ,지에프씨생명과학,(주)지에프씨생명과학
20260827,A388720,KR7388720005,1201110592130,KOSDAQ,유일로보틱스,(주)유일로보틱스
20260827,A388790,KR7388790008,1101117889821,KOSDAQ,라이콤,주식회사 라이콤
20260827,A388870,KR7388870008,1311110444346,KOSDAQ,파로스아이바이오,주식회사 파로스아이바이오
20260827,A389020,KR7389020009,1101111864829,KOSDAQ,자람테크놀로지,(주)자람테크놀로지
20260827,A389030,KR7389030008,1101116728781,KOSDAQ,지니너스,지니너스 주식회사
20260827,A389140,KR7389140005,1101116501830,KOSDAQ,포바이포,주식회사 포바이포
20260827,A389260,KR7389260001,1311110051935,KOSDAQ,대명에너지,대명에너지 주식회사
20260827,A389470,KR7389470006,1311110409481,KOSDAQ,인벤티지랩,주식회사 인벤티지랩
20260827,A389500,KR7389500000,1101112113142,KOSDAQ,에스비비테크,(주)에스비비테크
20260827,A389650,KR7389650003,1201110720228,KOSDAQ,넥스트바이오메디컬,(주)넥스트바이오메디컬
20260827,A389680,KR7389680000,1358110140053,KOSDAQ,유디엠텍,(주)유디엠텍
20260827,A390110,KR7390110005,1101116259174,KONEX,애니메디솔루션,애니메디솔루션(주)
20260827,A391710,KR7391710001,1101117914785,KOSDAQ,코닉오토메이션,코닉오토메이션(주)
20260827,A393210,KR7393210000,1101112099425,KOSDAQ,토마토시스템,(주)토마토시스템
20260827,A393890,KR7393890009,1511110058698,KOSDAQ,더블유씨피,더블유씨피(주)
20260827,A393970,KR7393970009,1358110358846,KOSDAQ,대진첨단소재,대진첨단소재(주)
20260827,A394280,KR7394280002,1311110501435,KOSDAQ,오픈엣지테크놀로지,오픈엣지테크놀로지 주식회사
20260827,A394420,KR7394420004,2301110265867,KOSDAQ,리센스메디컬,주식회사 리센스메디컬
20260827,A394800,KR7394800007,1101116196756,KOSDAQ,쓰리빌리언,(주)쓰리빌리언
20260827,A395400,KR7395400005,1101117815446,KOSPI,SK리츠,에스케이위탁관리부동산투자회사 주식회사
20260827,A396270,KR7396270001,1311110541069,KOSDAQ,넥스트칩,(주)넥스트칩
20260827,A396300,KR7396300006,1760110019792,KOSDAQ,세아메카닉스,(주)세아메카닉스
20260827,A396470,KR7396470007,1601110172108,KOSDAQ,워트,워트 주식회사
20260827,A396690,KR7396690000,1101117896090,KOSPI,미래에셋글로벌리츠,주식회사 미래에셋글로벌위탁관리부동산투자회사
20260827,A397030,KR7397030008,1401110050944,KOSDAQ,에이프릴바이오,주식회사 에이프릴바이오
20260827,A397810,KR7397810003,1101115457365,KOSDAQ,애드포러스,주식회사 애드포러스
20260827,A398120,KR7398120006,1244110097700,KOSDAQ,에스지헬스케어,(주)에스지헬스케어
20260827,A399720,KR7399720002,1311110319656,KOSDAQ,가온칩스,(주)가온칩스
20260827,A400760,KR7400760005,1101117299294,KOSPI,NH올원리츠,㈜엔에이치올원위탁관리부동산투자회사
20260827,A402030,KR7402030001,1101111682932,KOSDAQ,코난테크놀로지,주식회사 코난테크놀로지
20260827,A402340,KR7402340004,1101118077821,KOSPI,SK스퀘어,에스케이스퀘어 주식회사
20260827,A402420,KR7402420004,1311110511690,KONEX,켈스,주식회사 켈스
20260827,A402490,KR7402490007,1615110128011,KOSDAQ,그린리소스,주식회사 그린리소스
20260827,A403360,KR7403360001,1101113334101,KONEX,라피치,(주)라피치
20260827,A403490,KR7403490006,1643110019980,KOSDAQ,우듬지팜,농업회사법인 우듬지팜 주식회사
20260827,A403550,KR7403550007,2201110087049,KOSPI,쏘카,(주)쏘카
20260827,A403810,KR7403810005,1101114515908,KONEX,아이엘로보틱스,(주)아이엘로보틱스
20260827,A403850,KR7403850001,1101114357110,KOSDAQ,핑크퐁,더핑크퐁컴퍼니(주)
20260827,A403870,KR7403870009,1348110401886,KOSDAQ,HPSP,주식회사 에이치피에스피
20260827,A404990,KR7404990004,1101117343356,KOSPI,신한서부티엔디리츠,주식회사 신한서부티엔디위탁관리부동산투자회사
20260827,A405000,KR7405000001,1601110395297,KOSDAQ,플라즈맵,주식회사 플라즈맵
20260827,A405100,KR7405100009,1344110059857,KOSDAQ,큐알티,큐알티 주식회사
20260827,A405920,KR7405920000,1101110668579,KOSDAQ,나라셀라,나라셀라(주)
20260827,A406820,KR7406820001,1201110590960,KOSDAQ,뷰티스킨,(주)뷰티스킨
20260827,A407400,KR7407400001,1601110383490,KOSDAQ,꿈비,주식회사 꿈비
20260827,A408470,KR7408470003,1101116306420,KOSDAQ,한패스,한패스 주식회사
20260827,A408900,KR7408900009,1101114460046,KOSDAQ,스튜디오미르,주식회사 스튜디오미르
20260827,A408920,KR7408920007,1101118073613,KOSDAQ,메쎄이상,(주)메쎄이상
20260827,A411080,KR7411080005,1101113108465,KOSDAQ,샌즈랩,주식회사 샌즈랩
20260827,A412350,KR7412350001,1311110405091,KOSDAQ,레이저쎌,레이저쎌 주식회사
20260827,A412540,KR7412540007,1101110418833,KOSDAQ,제일엠앤에스,(주)제일엠앤에스
20260827,A413300,KR7413300005,1101112669260,KONEX,티엘엔지니어링,(주)티엘엔지니어링
20260827,A413390,KR7413390006,2341110105621,KOSDAQ,엠오티,(주)엠오티
20260827,A413630,KR7413630005,1101118112669,KOSDAQ,씨피시스템,씨피시스템(주)
20260827,A413640,KR7413640004,1101113200360,KOSDAQ,비아이매트릭스,(주)비아이매트릭스
20260827,A415380,KR7415380005,1101116511425,KOSDAQ,스튜디오삼익,주식회사 스튜디오삼익
20260827,A415640,KR7415640002,1101113386954,KOSPI,KB발해인프라,케이비발해인프라투융자회사
20260827,A416180,KR7416180008,1942110068066,KOSDAQ,신성에스티,신성에스티(주)
20260827,A417010,KR7417010006,1601110444581,KOSDAQ,나노팀,나노팀 주식회사
20260827,A417030,KR7417030004,1314110342669,KOSDAQ,니어스랩,주식회사 니어스랩
20260827,A417180,KR7417180007,1101116679992,KOSDAQ,핑거스토리,(주)핑거스토리
20260827,A417200,KR7417200003,1341110570437,KOSDAQ,LS머트리얼즈,엘에스머트리얼즈 주식회사
20260827,A417310,KR7417310000,1101115837294,KOSPI,코람코더원리츠,(주)코람코더원위탁관리부동산투자회사
20260827,A417500,KR7417500006,2111110040569,KOSDAQ,제이아이테크,(주)제이아이테크
20260827,A417790,KR7417790003,1101113161306,KOSDAQ,트루엔,주식회사 트루엔
20260827,A417840,KR7417840006,1101116042066,KOSDAQ,저스템,주식회사 저스템
20260827,A417860,KR7417860004,1101111955008,KOSDAQ,오브젠,오브젠 주식회사
20260827,A417970,KR7417970001,1101113176925,KOSDAQ,모델솔루션,모델솔루션 주식회사
20260827,A418250,KR7418250007,1201110780818,KOSDAQ,시큐레터,시큐레터 주식회사
20260827,A418420,KR7418420006,1311110241362,KOSDAQ,라온텍,주식회사 라온텍
20260827,A418470,KR7418470001,1101116114451,KOSDAQ,KT밀리의서재,(주)케이티밀리의서재
20260827,A418550,KR7418550000,1244110019788,KOSDAQ,제이오,(주)제이오
20260827,A418620,KR7418620001,1101114861971,KOSDAQ,E8,이에이트(주)
20260827,A419050,KR7419050000,1614110049889,KOSDAQ,삼기에너지솔루션즈,(주)삼기에너지솔루션즈
20260827,A419080,KR7419080007,1101114175728,KOSDAQ,엔젯,엔젯 주식회사
20260827,A419120,KR7419120001,1101116908870,KOSDAQ,산돌,(주)산돌
20260827,A419530,KR7419530001,1101112034562,KOSDAQ,SAMG엔터,(주)에스에이엠지엔터테인먼트
20260827,A419540,KR7419540000,1101112317653,KOSDAQ,비스토스,주식회사 비스토스
20260827,A420570,KR7420570004,1501110229589,KOSDAQ,제이투케이바이오,주식회사 제이투케이바이오
20260827,A420770,KR7420770000,1345110078029,KOSDAQ,기가비스,기가비스(주)
20260827,A424760,KR7424760007,1101118233415,KOSDAQ,벨로크,주식회사 벨로크
20260827,A424870,KR7424870004,1345110299881,KOSDAQ,이뮨온시아,(주)이뮨온시아
20260827,A424960,KR7424960003,1311110496206,KOSDAQ,스마트레이더시스템,(주)스마트레이더시스템
20260827,A424980,KR7424980001,1101112059031,KOSDAQ,마이크로투나노,(주)마이크로투나노
20260827,A425040,KR7425040003,1501110198453,KOSDAQ,티이엠씨,티이엠씨 주식회사
20260827,A425420,KR7425420007,1201110330051,KOSDAQ,티에프이,(주)티에프이
20260827,A429270,KR7429270002,2101110058935,KOSDAQ,시지트로닉스,주식회사 시지트로닉스
20260827,A430690,KR7430690008,1101112003640,KOSDAQ,(주)한싹,(주)한싹
20260827,A431190,KR7431190008,1601110094576,KOSDAQ,케이쓰리아이,(주)케이쓰리아이
20260827,A432320,KR7432320000,1101118191613,KOSPI,KB스타리츠,(주)케이비스타위탁관리부동산투자회사
20260827,A432430,KR7432430007,1101114474659,KOSDAQ,와이랩,주식회사 와이랩
20260827,A432470,KR7432470003,1348110121012,KOSDAQ,케이엔에스,(주)케이엔에스
20260827,A432720,KR7432720001,1101116743763,KOSDAQ,퀄리타스반도체,(주)퀄리타스반도체
20260827,A432980,KR7432980001,1314110209249,KOSDAQ,엠에프씨,엠에프씨(주)
20260827,A434190,KR7434190005,2811110093358,KONEX,탈로스,(주) 탈로스
20260827,A434480,KR7434480000,1101113173351,KOSDAQ,모니터랩,(주)모니터랩
20260827,A435570,KR7435570007,1601110372344,KOSDAQ,에르코스,(주)에르코스 농업회사법인
20260827,A437730,KR7437730005,1901110012514,KOSDAQ,삼현,(주)삼현
20260827,A438700,KR7438700007,2055110049363,KOSDAQ,버넥트,(주)버넥트
20260827,A439090,KR7439090002,1101114810308,KOSDAQ,마녀공장,(주)마녀공장
20260827,A439260,KR7439260001,2047110003887,KOSPI,대한조선,대한조선 주식회사
20260827,A439580,KR7439580002,1358110266776,KOSDAQ,블루엠텍,(주)블루엠텍
20260827,A439960,KR7439960006,1348110383141,KOSDAQ,코스모로보틱스,코스모로보틱스 주식회사
20260827,A440110,KR7440110005,1101115767269,KOSDAQ,파두,(주)파두
20260827,A440290,KR7440290005,1101111806409,KOSDAQ,에이치비인베스트먼트,에이치비인베스트먼트(주)
20260827,A440320,KR7440320000,1101114846056,KOSDAQ,오픈놀,주식회사 오픈놀
20260827,A441270,KR7441270006,1341110618279,KOSDAQ,파인엠텍,(주)파인엠텍
20260827,A443060,KR7443060009,1801111065811,KOSPI,HD현대마린솔루션,에이치디현대마린솔루션(주)
20260827,A443250,KR7443250006,1101115576438,KOSDAQ,레뷰코퍼레이션,(주)레뷰코퍼레이션
20260827,A443670,KR7443670005,1101115055284,KOSDAQ,에스피소프트,주식회사 에스피소프트
20260827,A444530,KR7444530000,1101114739730,KOSDAQ,심플랫폼,(주)심플랫폼
20260827,A445090,KR7445090004,1358110290105,KOSDAQ,에이직랜드,(주)에이직랜드
20260827,A445180,KR7445180003,1101114253681,KOSDAQ,퓨릿,(주)퓨릿
20260827,A445680,KR7445680002,1101116865103,KOSDAQ,큐리옥스바이오시스템즈,큐리옥스바이오시스템즈(주)
20260827,A446070,KR7446070005,1101118466280,KOSPI,유니드비티플러스,(주)유니드비티플러스
20260827,A446440,KR7446440000,1201110795817,KONEX,에피바이오텍,(주)에피바이오텍
20260827,A446540,KR7446540007,1615110121601,KOSDAQ,메가터치,(주)메가터치
20260827,A446840,KR7446840001,1101118444707,KOSDAQ,지슨,(주)지슨
20260827,A447690,KR7447690009,1101114665266,KONEX,아이오바이오,(주)아이오바이오
20260827,A448280,KR7448280008,1601110188262,KOSDAQ,에코아이,주식회사 에코아이
20260827,A448710,KR7448710004,1350110089265,KOSDAQ,코츠테크놀로지,코츠테크놀로지(주)
20260827,A448730,KR7448730002,1101118376893,KOSPI,삼성FN리츠,삼성에프엔위탁관리부동산투자회사 주식회사
20260827,A448780,KR7448780007,1701110200585,KONEX,마이크로엔엑스,(주)마이크로엔엑스
20260827,A448900,KR7448900001,1748110026107,KOSDAQ,한국피아이엠,한국피아이엠(주)
20260827,A450080,KR7450080007,1717110132339,KOSPI,에코프로머티,주식회사 에코프로머티리얼즈
20260827,A450330,KR7450330006,1748110047195,KOSDAQ,하스,(주)하스
20260827,A450520,KR7450520002,1101112498312,KOSDAQ,인스웨이브,(주)인스웨이브
20260827,A450950,KR7450950001,1412110077086,KOSDAQ,아스테라시스,(주)아스테라시스
20260827,A451220,KR7451220008,1345110044939,KOSDAQ,아이엠티,(주)아이엠티
20260827,A451250,KR7451250005,1411110024675,KOSDAQ,삐아,(주)삐아
20260827,A451760,KR7451760003,1601110387525,KOSDAQ,컨텍,(주)컨텍
20260827,A451800,KR7451800007,1101118294037,KOSPI,한화리츠,한화위탁관리부동산투자회사(주)
20260827,A452160,KR7452160005,1348110105438,KOSDAQ,제이엔비,(주)제이엔비
20260827,A452190,KR7452190002,1601110066145,KOSDAQ,한빛레이저,(주)한빛레이저
20260827,A452200,KR7452200009,1601110401242,KOSDAQ,민테크,주식회사 민테크
20260827,A452260,KR7452260003,1101118570891,KOSPI,한화갤러리아,한화갤러리아(주)
20260827,A452280,KR7452280001,1801110796665,KOSDAQ,한선엔지니어링,한선엔지니어링(주)
20260827,A452300,KR7452300007,1101116929959,KOSDAQ,캡스톤파트너스,캡스톤파트너스(주)
20260827,A452400,KR7452400005,1801110053411,KOSDAQ,이닉스,(주)이닉스
20260827,A452430,KR7452430002,2301110281186,KOSDAQ,사피엔반도체,(주)사피엔반도체
20260827,A452450,KR7452450000,1358110345801,KOSDAQ,피아이이,(주)피아이이
20260827,A453340,KR7453340002,1345110623337,KOSPI,현대그린푸드,주식회사 현대그린푸드
20260827,A453450,KR7453450009,1311110336238,KOSDAQ,그리드위즈,(주)그리드위즈
20260827,A453860,KR7453860009,1351110074800,KOSDAQ,에이에스텍,(주)에이에스텍
20260827,A454910,KR7454910001,1101115798272,KOSPI,두산로보틱스,두산로보틱스 주식회사
20260827,A455180,KR7455180000,1348110428195,KOSDAQ,케이지에이,케이지에이(주)
20260827,A455900,KR7455900001,1101116314085,KOSDAQ,엔젤로보틱스,주식회사 엔젤로보틱스
20260827,A456010,KR7456010008,1311110496503,KOSDAQ,아이씨티케이,아이씨티케이 주식회사
20260827,A456040,KR7456040005,1101118626793,KOSPI,OCI,OCI(주)
20260827,A456070,KR7456070002,1101116693918,KOSDAQ,이엔셀,이엔셀(주)
20260827,A456160,KR7456160001,1601110451528,KOSDAQ,지투지바이오,(주)지투지바이오
20260827,A456190,KR7456190008,1244110096794,KONEX,큐라켐,(주)큐라켐
20260827,A456570,KR7456570001,1311110252575,KONEX,아이엠지티,(주)아이엠지티
20260827,A457190,KR7457190007,1101118626561,KOSPI,이수스페셜티케미컬,주식회사 이수스페셜티케미컬
20260827,A457370,KR7457370005,1350110097060,KOSDAQ,한켐,(주)한켐
20260827,A457550,KR7457550002,1348110260331,KOSDAQ,우진엔텍,(주)우진엔텍
20260827,A457600,KR7457600005,1101113429621,KOSDAQ,벡트,(주)벡트
20260827,A458350,KR7458350006,1101113050806,KOSDAQ,에스팀,(주)에스팀
20260827,A458650,KR7458650009,1760110007078,KOSDAQ,성우,(주)성우
20260827,A458870,KR7458870003,1545110042723,KOSDAQ,씨어스,(주)씨어스
20260827,A459100,KR7459100004,1345110389715,KOSDAQ,위츠,(주)위츠
20260827,A459510,KR7459510004,1201110845638,KOSDAQ,나우로보틱스,(주)나우로보틱스
20260827,A459550,KR7459550000,1311110492543,KOSDAQ,알트,(주)알트
20260827,A460470,KR7460470008,1601110458821,KOSDAQ,아이빔테크놀로지,아이빔테크놀로지(주)
20260827,A460850,KR7460850001,1101118651659,KOSPI,동국씨엠,동국씨엠 주식회사
20260827,A460860,KR7460860000,1101118651633,KOSPI,동국제강,동국제강(주)
20260827,A460870,KR7460870009,1342110027733,KOSDAQ,에스엠씨지,(주)에스엠씨지
20260827,A460930,KR7460930001,2301110143443,KOSDAQ,현대힘스,현대힘스 주식회사
20260827,A460940,KR7460940000,1101112922478,KOSDAQ,피앤에스로보틱스,(주)피앤에스로보틱스
20260827,A461030,KR7461030009,1101116801206,KOSDAQ,아이엠비디엑스,주식회사 아이엠비디엑스
20260827,A461300,KR7461300006,1101112453184,KOSDAQ,아이스크림미디어,(주)아이스크림미디어
20260827,A462310,KR7462310004,1101115121275,KOSDAQ,뉴키즈온,주식회사 뉴키즈온
20260827,A462350,KR7462350000,1647110071148,KOSDAQ,이노스페이스,(주)이노스페이스
20260827,A462510,KR7462510009,1101114778316,KOSDAQ,라메디텍,(주)라메디텍
20260827,A462520,KR7462520008,2046110071943,KOSPI,조선내화,조선내화 주식회사
20260827,A462860,KR7462860008,1101116577188,KOSDAQ,더즌,(주)더즌
20260827,A462870,KR7462870007,1101115281897,KOSPI,시프트업,(주)시프트업
20260827,A462980,KR7462980004,1358110248964,KOSDAQ,아이지넷,(주)아이지넷
20260827,A463020,KR7463020008,2811110080389,KOSDAQ,뉴엔AI,(주)뉴엔에이아이
20260827,A463480,KR7463480004,1345110002367,KOSDAQ,모티브링크,모티브링크(주)
20260827,A464080,KR7464080001,2001110465372,KOSDAQ,에스오에스랩,(주)에스오에스랩
20260827,A464280,KR7464280007,1545110024284,KOSDAQ,티디에스팜,(주)티디에스팜
20260827,A464490,KR7464490002,1311110468544,KOSDAQ,쿼드메디슨,주식회사 쿼드메디슨
20260827,A464500,KR7464500008,1101113892513,KOSDAQ,아이언디바이스,(주)아이언디바이스
20260827,A464580,KR7464580000,1101115931319,KOSDAQ,닷밀,(주)닷밀
20260827,A465320,KR7465320000,1101118711974,KOSDAQ,교보15호스팩,교보15호기업인수목적 주식회사
20260827,A465480,KR7465480002,1101114116433,KOSDAQ,인스피언,인스피언(주)
20260827,A465770,KR7465770006,1801111522465,KOSPI,STX그린로지스,(주)STX 그린 로지스
20260827,A466100,KR7466100005,1101116394954,KOSDAQ,클로봇,주식회사 클로봇
20260827,A466410,KR7466410008,1101112035172,KOSDAQ,사이냅소프트,(주)사이냅소프트
20260827,A466690,KR7466690005,1101118731518,KOSDAQ,키움히어로제1호스팩,키움히어로제1호기업인수목적 주식회사
20260827,A468530,KR7468530001,1601110405070,KOSDAQ,프로티나,(주)프로티나
20260827,A468760,KR7468760004,1101118744488,KOSDAQ,유진스팩10호,유진기업인수목적10호 주식회사
20260827,A469480,KR7469480008,1101118753330,KOSDAQ,IBKS제24호스팩,아이비케이에스제24호기업인수목적 주식회사
20260827,A469610,KR7469610000,1358110231646,KOSDAQ,(주)이노테크,(주)이노테크
20260827,A469750,KR7469750004,1601110397045,KOSDAQ,아이비젼웍스,(주)아이비젼웍스
20260827,A469900,KR7469900005,1101118762696,KOSDAQ,하나31호스팩,하나31호기업인수목적 주식회사
20260827,A471050,KR7471050005,1101118766820,KOSDAQ,대신밸런스제17호스팩,대신밸런스제17호기업인수목적 주식회사
20260827,A471820,KR7471820001,1313110142300,KOSDAQ,셀로맥스사이언스,(주)셀로맥스사이언스
20260827,A472220,KR7472220003,1101118781779,KOSDAQ,신영스팩10호,신영해피투모로우제10호기업인수목적 주식회사
20260827,A472230,KR7472230002,1101118782032,KOSDAQ,SK증권제11호스팩,에스케이증권제11호기업인수목적 주식회사
20260827,A472850,KR7472850007,1101118828068,KOSDAQ,폰드그룹,폰드그룹(주)
20260827,A473000,KR7473000008,1101118794475,KOSDAQ,SK증권제12호스팩,에스케이증권제12호기업인수목적 주식회사
20260827,A473050,KR7473050003,1101118796596,KOSDAQ,유안타제15호스팩,유안타제15호기업인수목적 주식회사
20260827,A473950,KR7473950004,1101118805545,KOSDAQ,SK증권제13호스팩,에스케이증권제13호기업인수목적 주식회사
20260827,A473980,KR7473980001,1101117042247,KOSDAQ,노머스,(주)노머스
20260827,A474170,KR7474170008,1348110182973,KOSDAQ,루미르,루미르 주식회사
20260827,A474490,KR7474490000,1101118810932,KOSDAQ,유안타제16호스팩,유안타제16호기업인수목적 주식회사
20260827,A474610,KR7474610003,1348110054627,KOSDAQ,RF시스템즈,알에프시스템즈(주)
20260827,A474650,KR7474650009,1355110281176,KOSDAQ,링크솔루션,(주)링크솔루션
20260827,A474660,KR7474660008,1101118819330,KOSDAQ,신한제12호스팩,신한제12호기업인수목적 주식회사
20260827,A474930,KR7474930005,1101118823828,KOSDAQ,신한제13호스팩,신한제13호기업인수목적주식회사
20260827,A475040,KR7475040002,1717110113628,KOSDAQ,스트라드비젼,(주)스트라드비젼
20260827,A475150,KR7475150009,1311110729441,KOSPI,SK이터닉스,SK이터닉스(주)
20260827,A475230,KR7475230009,1101117269370,KOSDAQ,엔알비,(주)엔알비
20260827,A475240,KR7475240008,1101118835245,KOSDAQ,하나32호스팩,하나32호기업인수목적 주식회사
20260827,A475250,KR7475250007,1101118834875,KOSDAQ,하나33호스팩,하나33호기업인수목적 주식회사
20260827,A475400,KR7475400008,1101115501550,KOSDAQ,씨메스로보틱스,씨메스로보틱스(주)
20260827,A475430,KR7475430005,1746110015485,KOSDAQ,키스트론,키스트론(주)
20260827,A475460,KR7475460002,1311110375757,KOSDAQ,미트박스,(주)미트박스글로벌
20260827,A475560,KR7475560009,1101111002122,KOSPI,더본코리아,주식회사 더본코리아
20260827,A475580,KR7475580007,1101115894492,KOSDAQ,에이럭스,주식회사 에이럭스
20260827,A475660,KR7475660007,1358110248774,KOSDAQ,에스켐,(주)에스켐
20260827,A475830,KR7475830006,1601110433518,KOSDAQ,오름테라퓨틱,오름테라퓨틱 주식회사
20260827,A475960,KR7475960001,1601110406466,KOSDAQ,토모큐브,(주)토모큐브
20260827,A476040,KR7476040001,1311110534650,KOSDAQ,오가노이드사이언스,오가노이드사이언스(주)
20260827,A476060,KR7476060009,1101117478088,KOSDAQ,온코닉테라퓨틱스,온코닉테라퓨틱스(주)
20260827,A476080,KR7476080007,1101117398913,KOSDAQ,M83,(주)엠83
20260827,A476710,KR7476710009,1101114663301,KONEX,타조이엔터테인먼트,(주)타조이엔터테인먼트
20260827,A476830,KR7476830005,1345110333209,KOSDAQ,알지노믹스,알지노믹스(주)
20260827,A477340,KR7477340004,1101118870118,KOSDAQ,에이치엠씨제7호스팩,에이치엠씨아이비제7호기업인수목적(주)
20260827,A477380,KR7477380000,1101118871520,KOSDAQ,미래에셋비전스팩4호,미래에셋비전기업인수목적4호 주식회사
20260827,A477470,KR7477470009,1101118875225,KOSDAQ,미래에셋비전스팩5호,미래에셋비전기업인수목적5호 주식회사
20260827,A477760,KR7477760003,1101118876554,KOSDAQ,디비금융스팩12호,디비금융제12호기업인수목적 주식회사
20260827,A477850,KR7477850002,1101116605856,KOSDAQ,마키나락스,(주)마키나락스
20260827,A478110,KR7478110000,1101118880323,KOSDAQ,이베스트스팩6호,이베스트기업인수목적6호 주식회사
20260827,A478340,KR7478340003,1101115682201,KOSDAQ,나라스페이스테크놀로지,(주)나라스페이스테크놀로지
20260827,A478390,KR7478390008,1101118885472,KOSDAQ,KB제29호스팩,케이비제29호기업인수목적(주)
20260827,A478440,KR7478440001,1101118885068,KOSDAQ,미래에셋비전스팩6호,미래에셋비전기업인수목적6호 주식회사
20260827,A478560,KR7478560006,1101115201431,KOSDAQ,블랙야크아이앤씨,주식회사 블랙야크아이앤씨
20260827,A479880,KR7479880007,1101118899043,KOSDAQ,한국제15호스팩,한국제15호기업인수목적 주식회사
20260827,A479960,KR7479960007,1152110049566,KOSDAQ,위너스일렉,(주)위너스일렉
20260827,A480370,KR7480370006,1345110077964,KOSPI,씨케이솔루션,(주)씨케이솔루션
20260827,A481070,KR7481070001,1101118185567,KOSDAQ,에이유브랜즈,(주)에이유브랜즈
20260827,A481850,KR7481850006,1101118234075,KOSPI,신한글로벌액티브리츠,(주)신한글로벌액티브위탁관리부동산투자회사
20260827,A481890,KR7481890002,1101118921416,KOSDAQ,엔에이치스팩31호,엔에이치기업인수목적31호(주)
20260827,A482520,KR7482520004,1101118923066,KOSDAQ,교보16호스팩,교보16호기업인수목적 주식회사
20260827,A482630,KR7482630001,1314110209166,KOSDAQ,삼양엔씨켐,(주)삼양엔씨켐
20260827,A482680,KR7482680006,1101118936829,KOSDAQ,미래에셋비전스팩7호,미래에셋비전기업인수목적7호 주식회사
20260827,A482690,KR7482690005,1101118932108,KOSDAQ,대신밸런스제19호기업인수목적,대신밸런스제19호기업인수목적(주)
20260827,A483350,KR7483350005,1101114522169,KOSDAQ,딜리셔스,(주)딜리셔스
20260827,A483650,KR7483650008,1101115995993,KOSPI,달바글로벌,(주)달바글로벌
20260827,A484120,KR7484120001,1501110134952,KOSDAQ,도우인시스,(주)도우인시스
20260827,A484130,KR7484130000,1101118948361,KOSDAQ,하나34호스팩,하나34호기업인수목적 주식회사
20260827,A484590,KR7484590005,1101110035728,KOSDAQ,삼양컴텍,주식회사 삼양컴텍
20260827,A484810,KR7484810007,1211110330000,KOSDAQ,티엑스알로보틱스,주식회사 티엑스알로보틱스
20260827,A484870,KR7484870001,1942110326208,KOSPI,엠앤씨솔루션,주식회사 엠앤씨솔루션
20260827,A486630,KR7486630007,1101118971289,KOSDAQ,KB제30호스팩,케이비제30호기업인수목적(주)
20260827,A486990,KR7486990005,1601110397409,KOSDAQ,노타,주식회사 노타
20260827,A487360,KR7487360000,1101118974655,KOSDAQ,신한제14호스팩,신한제14호기업인수목적 주식회사
20260827,A487400,KR7487400004,1101112405896,KOSDAQ,케이앤에스아이앤씨,(주)케이앤에스아이앤씨
20260827,A487570,KR7487570004,1101118993457,KOSPI,HS효성,(주)에이치에스효성
20260827,A487580,KR7487580003,1342110213952,KOSDAQ,폴레드,(주)폴레드
20260827,A487720,KR7487720005,1101118980652,KOSDAQ,키움제10호스팩,키움제10호기업인수목적 주식회사
20260827,A487830,KR7487830002,1101118982971,KOSDAQ,신한제15호스팩,신한제15호기업인수목적 주식회사
20260827,A488060,KR7488060005,1101118984505,KOSDAQ,유진스팩11호,유진기업인수목적11호 주식회사
20260827,A488280,KR7488280009,1101116873750,KOSDAQ,에스투더블유,주식회사 에스투더블유
20260827,A488900,KR7488900002,1314110373599,KOSDAQ,비츠로넥스텍,주식회사 비츠로넥스텍
20260827,A489210,KR7489210005,1101119005433,KOSDAQ,교보17호스팩,교보17호기업인수목적 주식회사
20260827,A489460,KR7489460006,1201110947129,KOSDAQ,바이오비쥬,주식회사 바이오비쥬
20260827,A489480,KR7489480004,1101119009310,KOSDAQ,키움제11호스팩,키움제11호기업인수목적 주식회사
20260827,A489500,KR7489500009,1615110093610,KOSDAQ,엘케이켐,(주)엘케이켐
20260827,A489730,KR7489730002,1101119015268,KOSDAQ,디비금융제13호스팩,디비금융제13호기업인수목적 주식회사
20260827,A489790,KR7489790006,1311110745562,KOSPI,한화비전,한화비전(주)
20260827,A490470,KR7490470002,1101117124574,KOSDAQ,세미파이브,(주)세미파이브
20260827,A491000,KR7491000006,1101114625385,KOSDAQ,리브스메드,(주)리브스메드
20260827,A492220,KR7492220009,1101119045231,KOSDAQ,KB제31호스팩,케이비제31호기업인수목적(주)
20260827,A493280,KR7493280002,1311110601384,KOSDAQ,아이엠바이오로직스,(주)아이엠바이오로직스
20260827,A493330,KR7493330005,2201110120203,KOSDAQ,지에프아이,(주)지에프아이
20260827,A493790,KR7493790000,1101119056585,KOSDAQ,유안타제17호스팩,유안타제17호기업인수목적 주식회사
20260827,A494120,KR7494120009,1101115622801,KOSDAQ,큐리오시스,주식회사 큐리오시스
20260827,A495810,KR7495810004,1101114340909,KONEX,유비씨,(주)유비씨
20260827,A496070,KR7496070004,1101119077078,KOSDAQ,신한제16호스팩,신한제16호기업인수목적 주식회사
20260827,A496320,KR7496320003,1942110242397,KONEX,본시스템즈,(주)본시스템즈
20260827,A498390,KR7498390004,1101119091581,KOSDAQ,한화플러스제5호스팩,한화플러스제5호기업인수목적(주)
20260827,A499790,KR7499790004,1101119120299,KOSPI,지에스피앤엘,(주)지에스피앤엘
20260827,A950190,KR8344390008,0000000000000,KOSDAQ,고스트스튜디오,고스트스튜디오(주)
20260827,A950170,KR8392080006,0000000000000,KOSDAQ,JTC,주식회사 제이티씨
20260827,A950210,KR8702070002,0000000000000,KOSPI,프레스티지바이오파마,프레스티지바이오파마
20260827,A950250,KR8826050005,0000000000000,KOSDAQ,테라뷰,테라뷰홀딩스
20260827,A950130,KR8840090003,0000000000000,KOSDAQ,엑세스바이오,엑세스바이오 인코퍼레이션
20260827,A950140,KR8840110108,0000000000000,KOSDAQ,잉글우드랩,잉글우드랩 주식회사
20260827,A950160,KR8840120008,0000000000000,KOSDAQ,코오롱티슈진,코오롱티슈진(주)
20260827,A950220,KR8840140006,0000000000000,KOSDAQ,네오이뮨텍,주식회사 네오이뮨텍
20260827,A950200,KR8840150005,0000000000000,KOSDAQ,소마젠,주식회사 소마젠
20260827,A950260,KR8840280000,0000000000000,KOSDAQ,인제니아테라퓨틱스,인제니아테라퓨틱스
20260827,A900120,KYG2114A1094,0000000000000,KOSDAQ,씨엑스아이,씨엑스아이헬스케어테크놀리지그룹리미티드
20260827,A900250,KYG2115T1076,0000000000000,KOSDAQ,크리스탈신소재,차이나크리스탈신소재홀딩스
20260827,A900070,KYG3931T1076,0000000000000,KOSDAQ,글로벌에스엠,글로벌에스엠테크리미티드
20260827,A900100,USU652221081,0000000000000,KOSDAQ,파이온엑스,파이온엑스
