run_ts,source_id,op,bas_dd,http_status,rows,elapsed_ms,error
2026-09-05T23:28:38+00:00,S-12,sto/stk_bydd_trd,20260904,200,943,2243,
2026-09-05T23:28:40+00:00,S-12,sto/ksq_bydd_trd,20260904,200,1822,2194,
2026-09-05T23:28:40+00:00,S-12,sto/knx_bydd_trd,20260904,200,108,274,
2026-09-05T23:28:40+00:00,S-12,idx/krx_dd_trd,20260904,200,40,312,
2026-09-05T23:28:41+00:00,S-12,idx/kospi_dd_trd,20260904,200,51,302,
2026-09-05T23:28:41+00:00,S-12,idx/kosdaq_dd_trd,20260904,200,40,265,
2026-09-05T23:28:41+00:00,S-12,idx/bon_dd_trd,20260904,200,3,313,
2026-09-05T23:28:42+00:00,S-12,idx/drvprod_dd_trd,20260904,200,320,281,
2026-09-05T23:28:42+00:00,S-12,etp/etf_bydd_trd,20260904,200,1167,865,
2026-09-05T23:28:43+00:00,S-12,etp/etn_bydd_trd,20260904,200,375,556,
2026-09-05T23:28:43+00:00,S-12,bon/kts_bydd_trd,20260904,200,8,338,
2026-09-05T23:28:44+00:00,S-12,bon/bnd_bydd_trd,20260904,200,308,299,
2026-09-05T23:28:44+00:00,S-12,drv/fut_bydd_trd,20260904,200,385,687,
2026-09-05T23:28:48+00:00,S-12,drv/opt_bydd_trd,20260904,200,17092,3954,
2026-09-05T23:28:49+00:00,S-12,gen/gold_bydd_trd,20260904,200,2,247,
2026-09-05T23:28:49+00:00,S-12,gen/oil_bydd_trd,20260904,200,3,211,
2026-09-05T23:28:49+00:00,S-12,gen/ets_bydd_trd,20260904,200,19,225,
2026-09-05T23:28:50+00:00,S-12,sto/stk_isu_base_info,20260904,200,943,544,
2026-09-05T23:28:51+00:00,S-12,sto/ksq_isu_base_info,20260904,200,1822,949,
2026-09-05T23:28:52+00:00,S-12,sto/knx_isu_base_info,20260904,200,108,984,
2026-09-05T23:28:54+00:00,S-12,sto/stk_bydd_trd,20260820,200,942,2437,
2026-09-05T23:28:56+00:00,S-12,sto/ksq_bydd_trd,20260820,200,1821,1393,
2026-09-05T23:28:56+00:00,S-12,idx/kospi_dd_trd,20260820,200,51,459,
2026-09-05T23:28:56+00:00,S-12,idx/kosdaq_dd_trd,20260820,200,40,467,
2026-09-05T23:28:57+00:00,S-12,idx/drvprod_dd_trd,20260820,200,320,294,
2026-09-05T23:28:57+00:00,S-12,etp/etf_bydd_trd,20260820,200,1161,678,
2026-09-05T23:29:02+00:00,S-12,drv/opt_bydd_trd,20260820,200,18204,4191,
2026-09-05T23:29:03+00:00,S-12,sto/stk_bydd_trd,20260819,200,942,1358,
2026-09-05T23:29:06+00:00,S-12,sto/ksq_bydd_trd,20260819,200,1821,2718,
2026-09-05T23:29:07+00:00,S-12,idx/kospi_dd_trd,20260819,200,51,861,
2026-09-05T23:29:07+00:00,S-12,idx/kosdaq_dd_trd,20260819,200,40,260,
2026-09-05T23:29:08+00:00,S-12,idx/drvprod_dd_trd,20260819,200,320,1044,
2026-09-05T23:29:09+00:00,S-12,etp/etf_bydd_trd,20260819,200,1162,831,
2026-09-05T23:29:12+00:00,S-12,drv/opt_bydd_trd,20260819,200,17508,3772,
2026-09-05T23:29:14+00:00,S-12,sto/stk_bydd_trd,20260818,200,942,1560,
2026-09-05T23:29:16+00:00,S-12,sto/ksq_bydd_trd,20260818,200,1821,1553,
2026-09-05T23:29:16+00:00,S-12,idx/kospi_dd_trd,20260818,200,51,249,
2026-09-05T23:29:16+00:00,S-12,idx/kosdaq_dd_trd,20260818,200,40,274,
2026-09-05T23:29:16+00:00,S-12,idx/drvprod_dd_trd,20260818,200,320,254,
2026-09-05T23:29:17+00:00,S-12,etp/etf_bydd_trd,20260818,200,1163,492,
2026-09-05T23:29:21+00:00,S-12,drv/opt_bydd_trd,20260818,200,18136,4278,
2026-09-05T23:29:21+00:00,S-12,sto/stk_bydd_trd,20260817,200,0,209,
2026-09-05T23:29:22+00:00,S-12,sto/ksq_bydd_trd,20260817,200,0,213,
2026-09-05T23:29:22+00:00,S-12,idx/kospi_dd_trd,20260817,200,0,206,
2026-09-05T23:29:22+00:00,S-12,idx/kosdaq_dd_trd,20260817,200,0,210,
2026-09-05T23:29:22+00:00,S-12,idx/drvprod_dd_trd,20260817,200,0,211,
2026-09-05T23:29:23+00:00,S-12,etp/etf_bydd_trd,20260817,200,1163,443,
2026-09-05T23:29:23+00:00,S-12,drv/opt_bydd_trd,20260817,200,0,246,
2026-09-05T23:29:24+00:00,S-12,sto/stk_bydd_trd,20260814,200,942,1089,
2026-09-05T23:29:26+00:00,S-12,sto/ksq_bydd_trd,20260814,200,1821,2063,
2026-09-05T23:29:26+00:00,S-12,idx/kospi_dd_trd,20260814,200,51,278,
2026-09-05T23:29:27+00:00,S-12,idx/kosdaq_dd_trd,20260814,200,40,269,
2026-09-05T23:29:27+00:00,S-12,idx/drvprod_dd_trd,20260814,200,320,288,
2026-09-05T23:29:28+00:00,S-12,etp/etf_bydd_trd,20260814,200,1163,612,
2026-09-05T23:29:31+00:00,S-12,drv/opt_bydd_trd,20260814,200,17544,3411,
2026-09-07T05:03:46+00:00,S-12,sto/stk_bydd_trd,20260904,200,943,3084,
2026-09-07T05:03:49+00:00,S-12,sto/ksq_bydd_trd,20260904,200,1822,3181,
2026-09-07T05:03:50+00:00,S-12,sto/knx_bydd_trd,20260904,200,108,260,
2026-09-07T05:03:50+00:00,S-12,idx/krx_dd_trd,20260904,200,40,284,
2026-09-07T05:03:50+00:00,S-12,idx/kospi_dd_trd,20260904,200,51,281,
2026-09-07T05:03:51+00:00,S-12,idx/kosdaq_dd_trd,20260904,200,40,287,
2026-09-07T05:03:51+00:00,S-12,idx/bon_dd_trd,20260904,200,3,280,
2026-09-07T05:03:51+00:00,S-12,idx/drvprod_dd_trd,20260904,200,320,296,
2026-09-07T05:03:52+00:00,S-12,etp/etf_bydd_trd,20260904,200,1167,672,
2026-09-07T05:03:52+00:00,S-12,etp/etn_bydd_trd,20260904,200,375,470,
2026-09-07T05:03:53+00:00,S-12,bon/kts_bydd_trd,20260904,200,8,316,
2026-09-07T05:03:53+00:00,S-12,bon/bnd_bydd_trd,20260904,200,308,378,
2026-09-07T05:03:54+00:00,S-12,drv/fut_bydd_trd,20260904,200,385,925,
2026-09-07T05:03:57+00:00,S-12,drv/opt_bydd_trd,20260904,200,17092,3329,
2026-09-07T05:03:58+00:00,S-12,gen/gold_bydd_trd,20260904,200,2,258,
2026-09-07T05:03:58+00:00,S-12,gen/oil_bydd_trd,20260904,200,3,338,
2026-09-07T05:03:58+00:00,S-12,gen/ets_bydd_trd,20260904,200,19,228,
2026-09-07T05:04:00+00:00,S-12,sto/stk_isu_base_info,20260904,200,943,1358,
2026-09-07T05:04:02+00:00,S-12,sto/ksq_isu_base_info,20260904,200,1822,2104,
2026-09-07T05:04:02+00:00,S-12,sto/knx_isu_base_info,20260904,200,108,447,
2026-09-07T05:04:03+00:00,S-12,sto/stk_bydd_trd,20260817,200,0,252,
2026-09-07T05:04:03+00:00,S-12,sto/ksq_bydd_trd,20260817,200,0,254,
2026-09-07T05:04:03+00:00,S-12,idx/kospi_dd_trd,20260817,200,0,269,
2026-09-07T05:04:03+00:00,S-12,idx/kosdaq_dd_trd,20260817,200,0,255,
2026-09-07T05:04:04+00:00,S-12,idx/drvprod_dd_trd,20260817,200,0,237,
2026-09-07T05:04:04+00:00,S-12,etp/etf_bydd_trd,20260817,200,1163,456,
2026-09-07T05:04:04+00:00,S-12,drv/opt_bydd_trd,20260817,200,0,238,
2026-09-07T05:04:07+00:00,S-12,sto/stk_bydd_trd,20260813,200,942,2221,
2026-09-07T05:04:09+00:00,S-12,sto/ksq_bydd_trd,20260813,200,1821,2211,
2026-09-07T05:04:09+00:00,S-12,idx/kospi_dd_trd,20260813,200,51,292,
2026-09-07T05:04:09+00:00,S-12,idx/kosdaq_dd_trd,20260813,200,40,267,
2026-09-07T05:04:10+00:00,S-12,idx/drvprod_dd_trd,20260813,200,320,456,
2026-09-07T05:04:11+00:00,S-12,etp/etf_bydd_trd,20260813,200,1163,741,
2026-09-07T05:04:14+00:00,S-12,drv/opt_bydd_trd,20260813,200,18868,2969,
2026-09-07T05:04:15+00:00,S-12,sto/stk_bydd_trd,20260812,200,942,1510,
2026-09-07T05:04:17+00:00,S-12,sto/ksq_bydd_trd,20260812,200,1820,2100,
2026-09-07T05:04:17+00:00,S-12,idx/kospi_dd_trd,20260812,200,51,310,
2026-09-07T05:04:18+00:00,S-12,idx/kosdaq_dd_trd,20260812,200,40,320,
2026-09-07T05:04:18+00:00,S-12,idx/drvprod_dd_trd,20260812,200,320,319,
2026-09-07T05:04:19+00:00,S-12,etp/etf_bydd_trd,20260812,200,1163,619,
2026-09-07T05:04:22+00:00,S-12,drv/opt_bydd_trd,20260812,200,18344,3526,
2026-09-07T05:04:24+00:00,S-12,sto/stk_bydd_trd,20260811,200,942,1497,
2026-09-07T05:04:26+00:00,S-12,sto/ksq_bydd_trd,20260811,200,1819,1988,
2026-09-07T05:04:26+00:00,S-12,idx/kospi_dd_trd,20260811,200,51,285,
2026-09-07T05:04:26+00:00,S-12,idx/kosdaq_dd_trd,20260811,200,40,343,
2026-09-07T05:04:27+00:00,S-12,idx/drvprod_dd_trd,20260811,200,320,475,
2026-09-07T05:04:28+00:00,S-12,etp/etf_bydd_trd,20260811,200,1163,732,
2026-09-07T05:04:31+00:00,S-12,drv/opt_bydd_trd,20260811,200,18328,3138,
2026-09-07T05:04:32+00:00,S-12,sto/stk_bydd_trd,20260810,200,943,1626,
2026-09-07T05:04:34+00:00,S-12,sto/ksq_bydd_trd,20260810,200,1819,1968,
2026-09-07T05:04:35+00:00,S-12,idx/kospi_dd_trd,20260810,200,51,286,
2026-09-07T05:04:35+00:00,S-12,idx/kosdaq_dd_trd,20260810,200,40,450,
2026-09-07T05:04:35+00:00,S-12,idx/drvprod_dd_trd,20260810,200,320,296,
2026-09-07T05:04:37+00:00,S-12,etp/etf_bydd_trd,20260810,200,1160,1222,
2026-09-07T05:04:41+00:00,S-12,drv/opt_bydd_trd,20260810,200,18900,4284,
2026-09-07T13:13:20+00:00,S-12,sto/stk_bydd_trd,20260904,200,943,2085,
2026-09-07T13:13:22+00:00,S-12,sto/ksq_bydd_trd,20260904,200,1822,1853,
2026-09-07T13:13:23+00:00,S-12,sto/knx_bydd_trd,20260904,200,108,284,
2026-09-07T13:13:23+00:00,S-12,idx/krx_dd_trd,20260904,200,40,231,
2026-09-07T13:13:23+00:00,S-12,idx/kospi_dd_trd,20260904,200,51,262,
2026-09-07T13:13:23+00:00,S-12,idx/kosdaq_dd_trd,20260904,200,40,242,
2026-09-07T13:13:24+00:00,S-12,idx/bon_dd_trd,20260904,200,3,292,
2026-09-07T13:13:24+00:00,S-12,idx/drvprod_dd_trd,20260904,200,320,278,
2026-09-07T13:13:25+00:00,S-12,etp/etf_bydd_trd,20260904,200,1167,616,
2026-09-07T13:13:25+00:00,S-12,etp/etn_bydd_trd,20260904,200,375,369,
2026-09-07T13:13:25+00:00,S-12,bon/kts_bydd_trd,20260904,200,8,211,
2026-09-07T13:13:25+00:00,S-12,bon/bnd_bydd_trd,20260904,200,308,289,
2026-09-07T13:13:26+00:00,S-12,drv/fut_bydd_trd,20260904,200,385,663,
2026-09-07T13:13:30+00:00,S-12,drv/opt_bydd_trd,20260904,200,17092,3478,
2026-09-07T13:13:30+00:00,S-12,gen/gold_bydd_trd,20260904,200,2,179,
2026-09-07T13:13:30+00:00,S-12,gen/oil_bydd_trd,20260904,200,3,231,
2026-09-07T13:13:30+00:00,S-12,gen/ets_bydd_trd,20260904,200,19,249,
2026-09-07T13:13:31+00:00,S-12,sto/stk_isu_base_info,20260904,200,943,535,
2026-09-07T13:13:32+00:00,S-12,sto/ksq_isu_base_info,20260904,200,1822,922,
2026-09-07T13:13:32+00:00,S-12,sto/knx_isu_base_info,20260904,200,108,222,
2026-09-07T13:13:32+00:00,S-12,sto/stk_bydd_trd,20260817,200,0,233,
2026-09-07T13:13:33+00:00,S-12,sto/ksq_bydd_trd,20260817,200,0,164,
2026-09-07T13:13:33+00:00,S-12,idx/kospi_dd_trd,20260817,200,0,162,
2026-09-07T13:13:33+00:00,S-12,idx/kosdaq_dd_trd,20260817,200,0,206,
2026-09-07T13:13:33+00:00,S-12,idx/drvprod_dd_trd,20260817,200,0,183,
2026-09-07T13:13:34+00:00,S-12,etp/etf_bydd_trd,20260817,200,1163,546,
2026-09-07T13:13:34+00:00,S-12,drv/opt_bydd_trd,20260817,200,0,226,
2026-09-07T13:13:35+00:00,S-12,sto/stk_bydd_trd,20260807,200,943,1217,
2026-09-07T13:13:36+00:00,S-12,sto/ksq_bydd_trd,20260807,200,1820,1310,
2026-09-07T13:13:37+00:00,S-12,idx/kospi_dd_trd,20260807,200,51,241,
2026-09-07T13:13:37+00:00,S-12,idx/kosdaq_dd_trd,20260807,200,40,207,
2026-09-07T13:13:37+00:00,S-12,idx/drvprod_dd_trd,20260807,200,320,248,
2026-09-07T13:13:38+00:00,S-12,etp/etf_bydd_trd,20260807,200,1160,592,
2026-09-07T13:13:42+00:00,S-12,drv/opt_bydd_trd,20260807,200,18432,4119,
2026-09-07T13:13:43+00:00,S-12,sto/stk_bydd_trd,20260806,200,943,1230,
2026-09-07T13:13:44+00:00,S-12,sto/ksq_bydd_trd,20260806,200,1820,1394,
2026-09-07T13:13:45+00:00,S-12,idx/kospi_dd_trd,20260806,200,51,274,
2026-09-07T13:13:45+00:00,S-12,idx/kosdaq_dd_trd,20260806,200,40,195,
2026-09-07T13:13:45+00:00,S-12,idx/drvprod_dd_trd,20260806,200,320,287,
2026-09-07T13:13:46+00:00,S-12,etp/etf_bydd_trd,20260806,200,1160,489,
2026-09-07T13:13:50+00:00,S-12,drv/opt_bydd_trd,20260806,200,19200,4094,
2026-09-07T13:13:51+00:00,S-12,sto/stk_bydd_trd,20260805,200,943,1145,
2026-09-07T13:13:52+00:00,S-12,sto/ksq_bydd_trd,20260805,200,1820,1216,
2026-09-07T13:13:52+00:00,S-12,idx/kospi_dd_trd,20260805,200,51,312,
2026-09-07T13:13:53+00:00,S-12,idx/kosdaq_dd_trd,20260805,200,40,230,
2026-09-07T13:13:53+00:00,S-12,idx/drvprod_dd_trd,20260805,200,320,258,
2026-09-07T13:13:54+00:00,S-12,etp/etf_bydd_trd,20260805,200,1160,624,
2026-09-07T13:13:57+00:00,S-12,drv/opt_bydd_trd,20260805,200,19200,3874,
2026-09-07T13:13:59+00:00,S-12,sto/stk_bydd_trd,20260804,200,943,1865,
2026-09-07T13:14:01+00:00,S-12,sto/ksq_bydd_trd,20260804,200,1820,1733,
2026-09-07T13:14:01+00:00,S-12,idx/kospi_dd_trd,20260804,200,51,233,
2026-09-07T13:14:02+00:00,S-12,idx/kosdaq_dd_trd,20260804,200,40,272,
2026-09-07T13:14:02+00:00,S-12,idx/drvprod_dd_trd,20260804,200,320,344,
2026-09-07T13:14:02+00:00,S-12,etp/etf_bydd_trd,20260804,200,1160,511,
2026-09-07T13:14:06+00:00,S-12,drv/opt_bydd_trd,20260804,200,19168,3535,
2026-09-07T22:26:23+00:00,S-12,sto/stk_bydd_trd,20260907,200,0,2269,
2026-09-07T22:26:25+00:00,S-12,sto/ksq_bydd_trd,20260907,200,0,1413,
2026-09-07T22:26:25+00:00,S-12,sto/knx_bydd_trd,20260907,200,0,191,
2026-09-07T22:26:25+00:00,S-12,idx/krx_dd_trd,20260907,200,0,203,
2026-09-07T22:26:25+00:00,S-12,idx/kospi_dd_trd,20260907,200,0,210,
2026-09-07T22:26:25+00:00,S-12,idx/kosdaq_dd_trd,20260907,200,0,215,
2026-09-07T22:26:26+00:00,S-12,idx/bon_dd_trd,20260907,200,0,261,
2026-09-07T22:26:26+00:00,S-12,idx/drvprod_dd_trd,20260907,200,0,209,
2026-09-07T22:26:26+00:00,S-12,etp/etf_bydd_trd,20260907,200,0,174,
2026-09-07T22:26:26+00:00,S-12,etp/etn_bydd_trd,20260907,200,0,176,
2026-09-07T22:26:26+00:00,S-12,bon/kts_bydd_trd,20260907,200,0,167,
2026-09-07T22:26:27+00:00,S-12,bon/bnd_bydd_trd,20260907,200,0,207,
2026-09-07T22:26:27+00:00,S-12,drv/fut_bydd_trd,20260907,200,0,347,
2026-09-07T22:26:27+00:00,S-12,drv/opt_bydd_trd,20260907,200,0,186,
2026-09-07T22:26:27+00:00,S-12,gen/gold_bydd_trd,20260907,200,0,165,
2026-09-07T22:26:28+00:00,S-12,gen/oil_bydd_trd,20260907,200,0,155,
2026-09-07T22:26:28+00:00,S-12,gen/ets_bydd_trd,20260907,200,0,176,
2026-09-07T22:26:28+00:00,S-12,sto/stk_bydd_trd,20260817,200,0,200,
2026-09-07T22:26:28+00:00,S-12,sto/ksq_bydd_trd,20260817,200,0,157,
2026-09-07T22:26:28+00:00,S-12,idx/kospi_dd_trd,20260817,200,0,164,
2026-09-07T22:26:28+00:00,S-12,idx/kosdaq_dd_trd,20260817,200,0,191,
2026-09-07T22:26:29+00:00,S-12,idx/drvprod_dd_trd,20260817,200,0,168,
2026-09-07T22:26:29+00:00,S-12,etp/etf_bydd_trd,20260817,200,1163,272,
2026-09-07T22:26:29+00:00,S-12,drv/opt_bydd_trd,20260817,200,0,169,
2026-09-07T22:26:30+00:00,S-12,sto/stk_bydd_trd,20260803,200,943,1288,
2026-09-07T22:26:32+00:00,S-12,sto/ksq_bydd_trd,20260803,200,1820,1644,
2026-09-07T22:26:32+00:00,S-12,idx/kospi_dd_trd,20260803,200,51,220,
2026-09-07T22:26:32+00:00,S-12,idx/kosdaq_dd_trd,20260803,200,40,202,
2026-09-07T22:26:33+00:00,S-12,idx/drvprod_dd_trd,20260803,200,320,201,
2026-09-07T22:26:33+00:00,S-12,etp/etf_bydd_trd,20260803,200,1155,397,
2026-09-07T22:26:36+00:00,S-12,drv/opt_bydd_trd,20260803,200,19872,2808,
2026-09-07T22:26:37+00:00,S-12,sto/stk_bydd_trd,20260731,200,943,1210,
2026-09-07T22:26:38+00:00,S-12,sto/ksq_bydd_trd,20260731,200,1820,1108,
2026-09-07T22:26:38+00:00,S-12,idx/kospi_dd_trd,20260731,200,51,226,
2026-09-07T22:26:39+00:00,S-12,idx/kosdaq_dd_trd,20260731,200,40,210,
2026-09-07T22:26:39+00:00,S-12,idx/drvprod_dd_trd,20260731,200,320,205,
2026-09-07T22:26:39+00:00,S-12,etp/etf_bydd_trd,20260731,200,1155,400,
2026-09-07T22:26:41+00:00,S-12,drv/opt_bydd_trd,20260731,200,19144,2191,
2026-09-07T22:26:43+00:00,S-12,sto/stk_bydd_trd,20260730,200,943,1297,
2026-09-07T22:26:44+00:00,S-12,sto/ksq_bydd_trd,20260730,200,1821,1465,
2026-09-07T22:26:44+00:00,S-12,idx/kospi_dd_trd,20260730,200,51,288,
2026-09-07T22:26:45+00:00,S-12,idx/kosdaq_dd_trd,20260730,200,40,272,
2026-09-07T22:26:45+00:00,S-12,idx/drvprod_dd_trd,20260730,200,320,272,
2026-09-07T22:26:46+00:00,S-12,etp/etf_bydd_trd,20260730,200,1155,617,
2026-09-07T22:26:50+00:00,S-12,drv/opt_bydd_trd,20260730,200,19816,4657,
2026-09-07T22:26:51+00:00,S-12,sto/stk_bydd_trd,20260729,200,943,1231,
2026-09-07T22:26:53+00:00,S-12,sto/ksq_bydd_trd,20260729,200,1821,1475,
2026-09-07T22:26:53+00:00,S-12,idx/kospi_dd_trd,20260729,200,51,270,
2026-09-07T22:26:53+00:00,S-12,idx/kosdaq_dd_trd,20260729,200,40,211,
2026-09-07T22:26:54+00:00,S-12,idx/drvprod_dd_trd,20260729,200,320,237,
2026-09-07T22:26:54+00:00,S-12,etp/etf_bydd_trd,20260729,200,1155,614,
2026-09-07T22:26:59+00:00,S-12,drv/opt_bydd_trd,20260729,200,18788,4658,
2026-09-08T05:03:50+00:00,S-12,sto/stk_bydd_trd,20260907,200,943,3325,
2026-09-08T05:03:53+00:00,S-12,sto/ksq_bydd_trd,20260907,200,1822,2911,
2026-09-08T05:03:53+00:00,S-12,sto/knx_bydd_trd,20260907,200,108,267,
2026-09-08T05:03:54+00:00,S-12,idx/krx_dd_trd,20260907,200,40,285,
2026-09-08T05:03:54+00:00,S-12,idx/kospi_dd_trd,20260907,200,51,346,
2026-09-08T05:03:54+00:00,S-12,idx/kosdaq_dd_trd,20260907,200,40,437,
2026-09-08T05:03:55+00:00,S-12,idx/bon_dd_trd,20260907,200,3,322,
2026-09-08T05:03:55+00:00,S-12,idx/drvprod_dd_trd,20260907,200,320,538,
2026-09-08T05:03:57+00:00,S-12,etp/etf_bydd_trd,20260907,200,1167,1290,
2026-09-08T05:03:57+00:00,S-12,etp/etn_bydd_trd,20260907,200,370,684,
2026-09-08T05:03:58+00:00,S-12,bon/kts_bydd_trd,20260907,200,8,276,
2026-09-08T05:03:58+00:00,S-12,bon/bnd_bydd_trd,20260907,200,316,348,
2026-09-08T05:03:59+00:00,S-12,drv/fut_bydd_trd,20260907,200,385,815,
2026-09-08T05:04:02+00:00,S-12,drv/opt_bydd_trd,20260907,200,17548,3593,
2026-09-08T05:04:03+00:00,S-12,gen/gold_bydd_trd,20260907,200,2,240,
2026-09-08T05:04:03+00:00,S-12,gen/oil_bydd_trd,20260907,200,3,250,
2026-09-08T05:04:03+00:00,S-12,gen/ets_bydd_trd,20260907,200,19,292,
2026-09-08T05:04:04+00:00,S-12,sto/stk_bydd_trd,20260817,200,0,252,
2026-09-08T05:04:04+00:00,S-12,sto/ksq_bydd_trd,20260817,200,0,352,
2026-09-08T05:04:04+00:00,S-12,idx/kospi_dd_trd,20260817,200,0,247,
2026-09-08T05:04:04+00:00,S-12,idx/kosdaq_dd_trd,20260817,200,0,235,
2026-09-08T05:04:05+00:00,S-12,idx/drvprod_dd_trd,20260817,200,0,244,
2026-09-08T05:04:05+00:00,S-12,etp/etf_bydd_trd,20260817,200,1163,446,
2026-09-08T05:04:05+00:00,S-12,drv/opt_bydd_trd,20260817,200,0,252,
2026-09-08T05:04:07+00:00,S-12,sto/stk_bydd_trd,20260728,200,943,1477,
2026-09-08T05:04:08+00:00,S-12,sto/ksq_bydd_trd,20260728,200,1821,1560,
2026-09-08T05:04:09+00:00,S-12,idx/kospi_dd_trd,20260728,200,51,534,
2026-09-08T05:04:09+00:00,S-12,idx/kosdaq_dd_trd,20260728,200,40,327,
2026-09-08T05:04:11+00:00,S-12,idx/drvprod_dd_trd,20260728,200,320,1363,
2026-09-08T05:04:12+00:00,S-12,etp/etf_bydd_trd,20260728,200,1155,1416,
2026-09-08T05:04:17+00:00,S-12,drv/opt_bydd_trd,20260728,200,17980,4713,
2026-09-08T05:04:18+00:00,S-12,sto/stk_bydd_trd,20260727,200,943,1665,
2026-09-08T05:04:21+00:00,S-12,sto/ksq_bydd_trd,20260727,200,1822,2520,
2026-09-08T05:04:21+00:00,S-12,idx/kospi_dd_trd,20260727,200,51,337,
2026-09-08T05:04:22+00:00,S-12,idx/kosdaq_dd_trd,20260727,200,40,283,
2026-09-08T05:04:22+00:00,S-12,idx/drvprod_dd_trd,20260727,200,320,358,
2026-09-08T05:04:23+00:00,S-12,etp/etf_bydd_trd,20260727,200,1150,720,
2026-09-08T05:04:26+00:00,S-12,drv/opt_bydd_trd,20260727,200,18576,3241,
2026-09-08T05:04:27+00:00,S-12,sto/stk_bydd_trd,20260724,200,943,1165,
2026-09-08T05:04:28+00:00,S-12,sto/ksq_bydd_trd,20260724,200,1821,1423,
2026-09-08T05:04:29+00:00,S-12,idx/kospi_dd_trd,20260724,200,51,336,
2026-09-08T05:04:29+00:00,S-12,idx/kosdaq_dd_trd,20260724,200,40,400,
2026-09-08T05:04:30+00:00,S-12,idx/drvprod_dd_trd,20260724,200,320,664,
2026-09-08T05:04:31+00:00,S-12,etp/etf_bydd_trd,20260724,200,1150,1219,
2026-09-08T05:04:35+00:00,S-12,drv/opt_bydd_trd,20260724,200,18048,3687,
2026-09-08T05:04:36+00:00,S-12,sto/stk_bydd_trd,20260723,200,943,1211,
2026-09-08T05:04:37+00:00,S-12,sto/ksq_bydd_trd,20260723,200,1821,1404,
2026-09-08T05:04:38+00:00,S-12,idx/kospi_dd_trd,20260723,200,51,321,
2026-09-08T05:04:38+00:00,S-12,idx/kosdaq_dd_trd,20260723,200,40,362,
2026-09-08T05:04:38+00:00,S-12,idx/drvprod_dd_trd,20260723,200,320,310,
2026-09-08T05:04:39+00:00,S-12,etp/etf_bydd_trd,20260723,200,1150,617,
2026-09-08T05:04:42+00:00,S-12,drv/opt_bydd_trd,20260723,200,18580,2705,
2026-09-08T13:14:04+00:00,S-12,sto/stk_bydd_trd,20260907,200,943,1951,
2026-09-08T13:14:07+00:00,S-12,sto/ksq_bydd_trd,20260907,200,1822,2329,
2026-09-08T13:14:07+00:00,S-12,sto/knx_bydd_trd,20260907,200,108,350,
2026-09-08T13:14:07+00:00,S-12,idx/krx_dd_trd,20260907,200,40,270,
2026-09-08T13:14:08+00:00,S-12,idx/kospi_dd_trd,20260907,200,51,295,
2026-09-08T13:14:08+00:00,S-12,idx/kosdaq_dd_trd,20260907,200,40,264,
2026-09-08T13:14:08+00:00,S-12,idx/bon_dd_trd,20260907,200,3,263,
2026-09-08T13:14:09+00:00,S-12,idx/drvprod_dd_trd,20260907,200,320,331,
2026-09-08T13:14:09+00:00,S-12,etp/etf_bydd_trd,20260907,200,1167,743,
2026-09-08T13:14:10+00:00,S-12,etp/etn_bydd_trd,20260907,200,370,350,
2026-09-08T13:14:10+00:00,S-12,bon/kts_bydd_trd,20260907,200,8,249,
2026-09-08T13:14:10+00:00,S-12,bon/bnd_bydd_trd,20260907,200,316,299,
2026-09-08T13:14:11+00:00,S-12,drv/fut_bydd_trd,20260907,200,385,869,
2026-09-08T13:14:15+00:00,S-12,drv/opt_bydd_trd,20260907,200,17548,4042,
2026-09-08T13:14:16+00:00,S-12,gen/gold_bydd_trd,20260907,200,2,223,
2026-09-08T13:14:16+00:00,S-12,gen/oil_bydd_trd,20260907,200,3,278,
2026-09-08T13:14:16+00:00,S-12,gen/ets_bydd_trd,20260907,200,19,276,
2026-09-08T13:14:16+00:00,S-12,sto/stk_bydd_trd,20260817,200,0,274,
2026-09-08T13:14:17+00:00,S-12,sto/ksq_bydd_trd,20260817,200,0,242,
2026-09-08T13:14:17+00:00,S-12,idx/kospi_dd_trd,20260817,200,0,201,
2026-09-08T13:14:17+00:00,S-12,idx/kosdaq_dd_trd,20260817,200,0,234,
2026-09-08T13:14:17+00:00,S-12,idx/drvprod_dd_trd,20260817,200,0,190,
2026-09-08T13:14:18+00:00,S-12,etp/etf_bydd_trd,20260817,200,1163,420,
2026-09-08T13:14:18+00:00,S-12,drv/opt_bydd_trd,20260817,200,0,198,
2026-09-08T13:14:19+00:00,S-12,sto/stk_bydd_trd,20260722,200,943,1398,
2026-09-08T13:14:21+00:00,S-12,sto/ksq_bydd_trd,20260722,200,1821,1287,
2026-09-08T13:14:21+00:00,S-12,idx/kospi_dd_trd,20260722,200,51,237,
2026-09-08T13:14:21+00:00,S-12,idx/kosdaq_dd_trd,20260722,200,40,429,
2026-09-08T13:14:22+00:00,S-12,idx/drvprod_dd_trd,20260722,200,320,286,
2026-09-08T13:14:22+00:00,S-12,etp/etf_bydd_trd,20260722,200,1150,606,
2026-09-08T13:14:24+00:00,S-12,drv/opt_bydd_trd,20260722,200,18124,2162,
2026-09-08T13:14:27+00:00,S-12,sto/stk_bydd_trd,20260721,200,943,2146,
2026-09-08T13:14:28+00:00,S-12,sto/ksq_bydd_trd,20260721,200,1821,1283,
2026-09-08T13:14:28+00:00,S-12,idx/kospi_dd_trd,20260721,200,51,601,
2026-09-08T13:14:29+00:00,S-12,idx/kosdaq_dd_trd,20260721,200,40,235,
2026-09-08T13:14:29+00:00,S-12,idx/drvprod_dd_trd,20260721,200,320,439,
2026-09-08T13:14:30+00:00,S-12,etp/etf_bydd_trd,20260721,200,1150,603,
2026-09-08T13:14:34+00:00,S-12,drv/opt_bydd_trd,20260721,200,18124,4489,
2026-09-08T13:14:35+00:00,S-12,sto/stk_bydd_trd,20260720,200,943,1135,
2026-09-08T13:14:37+00:00,S-12,sto/ksq_bydd_trd,20260720,200,1821,1590,
2026-09-08T13:14:37+00:00,S-12,idx/kospi_dd_trd,20260720,200,51,241,
2026-09-08T13:14:37+00:00,S-12,idx/kosdaq_dd_trd,20260720,200,40,252,
2026-09-08T13:14:38+00:00,S-12,idx/drvprod_dd_trd,20260720,200,320,393,
2026-09-08T13:14:38+00:00,S-12,etp/etf_bydd_trd,20260720,200,1146,640,
2026-09-08T13:14:41+00:00,S-12,drv/opt_bydd_trd,20260720,200,18328,2416,
2026-09-08T13:14:41+00:00,S-12,sto/stk_bydd_trd,20260717,200,0,211,
2026-09-08T13:14:41+00:00,S-12,sto/ksq_bydd_trd,20260717,200,0,202,
2026-09-08T13:14:42+00:00,S-12,idx/kospi_dd_trd,20260717,200,0,231,
2026-09-08T13:14:42+00:00,S-12,idx/kosdaq_dd_trd,20260717,200,0,196,
2026-09-08T13:14:42+00:00,S-12,idx/drvprod_dd_trd,20260717,200,0,241,
2026-09-08T13:14:42+00:00,S-12,etp/etf_bydd_trd,20260717,200,1146,402,
2026-09-08T13:14:43+00:00,S-12,drv/opt_bydd_trd,20260717,200,0,209,
2026-09-08T22:26:52+00:00,S-12,sto/stk_bydd_trd,20260908,200,0,2280,
2026-09-08T22:26:54+00:00,S-12,sto/ksq_bydd_trd,20260908,200,0,1655,
2026-09-08T22:26:54+00:00,S-12,sto/knx_bydd_trd,20260908,200,0,321,
2026-09-08T22:26:55+00:00,S-12,idx/krx_dd_trd,20260908,200,0,362,
2026-09-08T22:26:55+00:00,S-12,idx/kospi_dd_trd,20260908,200,0,298,
2026-09-08T22:26:55+00:00,S-12,idx/kosdaq_dd_trd,20260908,200,0,294,
2026-09-08T22:26:56+00:00,S-12,idx/bon_dd_trd,20260908,200,0,309,
2026-09-08T22:26:56+00:00,S-12,idx/drvprod_dd_trd,20260908,200,0,361,
2026-09-08T22:26:56+00:00,S-12,etp/etf_bydd_trd,20260908,200,0,270,
2026-09-08T22:26:57+00:00,S-12,etp/etn_bydd_trd,20260908,200,0,293,
2026-09-08T22:26:57+00:00,S-12,bon/kts_bydd_trd,20260908,200,0,329,
2026-09-08T22:26:57+00:00,S-12,bon/bnd_bydd_trd,20260908,200,0,290,
2026-09-08T22:26:57+00:00,S-12,drv/fut_bydd_trd,20260908,200,0,352,
2026-09-08T22:26:58+00:00,S-12,drv/opt_bydd_trd,20260908,200,0,270,
2026-09-08T22:26:58+00:00,S-12,gen/gold_bydd_trd,20260908,200,0,276,
2026-09-08T22:26:58+00:00,S-12,gen/oil_bydd_trd,20260908,200,0,288,
2026-09-08T22:26:59+00:00,S-12,gen/ets_bydd_trd,20260908,200,0,263,
2026-09-08T22:26:59+00:00,S-12,sto/stk_bydd_trd,20260817,200,0,263,
2026-09-08T22:26:59+00:00,S-12,sto/ksq_bydd_trd,20260817,200,0,265,
2026-09-08T22:27:00+00:00,S-12,idx/kospi_dd_trd,20260817,200,0,398,
2026-09-08T22:27:00+00:00,S-12,idx/kosdaq_dd_trd,20260817,200,0,260,
2026-09-08T22:27:00+00:00,S-12,idx/drvprod_dd_trd,20260817,200,0,263,
2026-09-08T22:27:02+00:00,S-12,etp/etf_bydd_trd,20260817,200,1163,2043,
2026-09-08T22:27:02+00:00,S-12,drv/opt_bydd_trd,20260817,200,0,293,
2026-09-08T22:27:03+00:00,S-12,sto/stk_bydd_trd,20260717,200,0,296,
2026-09-08T22:27:03+00:00,S-12,sto/ksq_bydd_trd,20260717,200,0,308,
2026-09-08T22:27:03+00:00,S-12,idx/kospi_dd_trd,20260717,200,0,299,
2026-09-08T22:27:04+00:00,S-12,idx/kosdaq_dd_trd,20260717,200,0,333,
2026-09-08T22:27:04+00:00,S-12,idx/drvprod_dd_trd,20260717,200,0,290,
2026-09-08T22:27:05+00:00,S-12,etp/etf_bydd_trd,20260717,200,1146,628,
2026-09-08T22:27:05+00:00,S-12,drv/opt_bydd_trd,20260717,200,0,263,
2026-09-08T22:27:06+00:00,S-12,sto/stk_bydd_trd,20260716,200,944,1360,
2026-09-08T22:27:08+00:00,S-12,sto/ksq_bydd_trd,20260716,200,1821,1360,
2026-09-08T22:27:08+00:00,S-12,idx/kospi_dd_trd,20260716,200,51,386,
2026-09-08T22:27:08+00:00,S-12,idx/kosdaq_dd_trd,20260716,200,40,352,
2026-09-08T22:27:09+00:00,S-12,idx/drvprod_dd_trd,20260716,200,320,400,
2026-09-08T22:27:09+00:00,S-12,etp/etf_bydd_trd,20260716,200,1146,648,
2026-09-08T22:27:13+00:00,S-12,drv/opt_bydd_trd,20260716,200,18384,3699,
2026-09-08T22:27:14+00:00,S-12,sto/stk_bydd_trd,20260715,200,944,1249,
2026-09-08T22:27:16+00:00,S-12,sto/ksq_bydd_trd,20260715,200,1821,1382,
2026-09-08T22:27:16+00:00,S-12,idx/kospi_dd_trd,20260715,200,51,354,
2026-09-08T22:27:16+00:00,S-12,idx/kosdaq_dd_trd,20260715,200,40,306,
2026-09-08T22:27:17+00:00,S-12,idx/drvprod_dd_trd,20260715,200,320,315,
2026-09-08T22:27:17+00:00,S-12,etp/etf_bydd_trd,20260715,200,1147,655,
2026-09-08T22:27:21+00:00,S-12,drv/opt_bydd_trd,20260715,200,17928,4075,
2026-09-08T22:27:23+00:00,S-12,sto/stk_bydd_trd,20260714,200,945,1170,
2026-09-08T22:27:24+00:00,S-12,sto/ksq_bydd_trd,20260714,200,1821,1427,
2026-09-08T22:27:24+00:00,S-12,idx/kospi_dd_trd,20260714,200,51,307,
2026-09-08T22:27:25+00:00,S-12,idx/kosdaq_dd_trd,20260714,200,40,322,
2026-09-08T22:27:25+00:00,S-12,idx/drvprod_dd_trd,20260714,200,320,372,
2026-09-08T22:27:26+00:00,S-12,etp/etf_bydd_trd,20260714,200,1147,543,
2026-09-08T22:27:29+00:00,S-12,drv/opt_bydd_trd,20260714,200,17896,3587,
2026-09-09T05:03:45+00:00,S-12,sto/stk_bydd_trd,20260908,200,943,3023,
2026-09-09T05:03:48+00:00,S-12,sto/ksq_bydd_trd,20260908,200,1822,2917,
2026-09-09T05:03:48+00:00,S-12,sto/knx_bydd_trd,20260908,200,108,433,
2026-09-09T05:03:48+00:00,S-12,idx/krx_dd_trd,20260908,200,40,360,
2026-09-09T05:03:49+00:00,S-12,idx/kospi_dd_trd,20260908,200,51,297,
2026-09-09T05:03:49+00:00,S-12,idx/kosdaq_dd_trd,20260908,200,40,308,
2026-09-09T05:03:50+00:00,S-12,idx/bon_dd_trd,20260908,200,3,659,
2026-09-09T05:03:50+00:00,S-12,idx/drvprod_dd_trd,20260908,200,320,380,
2026-09-09T05:03:51+00:00,S-12,etp/etf_bydd_trd,20260908,200,1168,836,
2026-09-09T05:03:51+00:00,S-12,etp/etn_bydd_trd,20260908,200,370,522,
2026-09-09T05:03:52+00:00,S-12,bon/kts_bydd_trd,20260908,200,9,297,
2026-09-09T05:03:52+00:00,S-12,bon/bnd_bydd_trd,20260908,200,284,408,
2026-09-09T05:03:53+00:00,S-12,drv/fut_bydd_trd,20260908,200,385,832,
2026-09-09T05:03:57+00:00,S-12,drv/opt_bydd_trd,20260908,200,17100,4211,
2026-09-09T05:03:58+00:00,S-12,gen/gold_bydd_trd,20260908,200,2,307,
2026-09-09T05:03:58+00:00,S-12,gen/oil_bydd_trd,20260908,200,3,267,
2026-09-09T05:03:58+00:00,S-12,gen/ets_bydd_trd,20260908,200,19,301,
2026-09-09T05:03:59+00:00,S-12,sto/stk_bydd_trd,20260817,200,0,266,
2026-09-09T05:03:59+00:00,S-12,sto/ksq_bydd_trd,20260817,200,0,277,
2026-09-09T05:03:59+00:00,S-12,idx/kospi_dd_trd,20260817,200,0,247,
2026-09-09T05:03:59+00:00,S-12,idx/kosdaq_dd_trd,20260817,200,0,247,
2026-09-09T05:04:00+00:00,S-12,idx/drvprod_dd_trd,20260817,200,0,274,
2026-09-09T05:04:00+00:00,S-12,etp/etf_bydd_trd,20260817,200,1163,556,
2026-09-09T05:04:00+00:00,S-12,drv/opt_bydd_trd,20260817,200,0,282,
2026-09-09T05:04:01+00:00,S-12,sto/stk_bydd_trd,20260717,200,0,267,
2026-09-09T05:04:01+00:00,S-12,sto/ksq_bydd_trd,20260717,200,0,403,
2026-09-09T05:04:01+00:00,S-12,idx/kospi_dd_trd,20260717,200,0,289,
2026-09-09T05:04:02+00:00,S-12,idx/kosdaq_dd_trd,20260717,200,0,233,
2026-09-09T05:04:02+00:00,S-12,idx/drvprod_dd_trd,20260717,200,0,245,
2026-09-09T05:04:03+00:00,S-12,etp/etf_bydd_trd,20260717,200,1146,675,
2026-09-09T05:04:03+00:00,S-12,drv/opt_bydd_trd,20260717,200,0,301,
2026-09-09T05:04:05+00:00,S-12,sto/stk_bydd_trd,20260713,200,945,2225,
2026-09-09T05:04:07+00:00,S-12,sto/ksq_bydd_trd,20260713,200,1821,2232,
2026-09-09T05:04:08+00:00,S-12,idx/kospi_dd_trd,20260713,200,51,383,
2026-09-09T05:04:08+00:00,S-12,idx/kosdaq_dd_trd,20260713,200,40,336,
2026-09-09T05:04:08+00:00,S-12,idx/drvprod_dd_trd,20260713,200,320,331,
2026-09-09T05:04:09+00:00,S-12,etp/etf_bydd_trd,20260713,200,1141,615,
2026-09-09T05:04:13+00:00,S-12,drv/opt_bydd_trd,20260713,200,17968,4480,
2026-09-09T05:04:15+00:00,S-12,sto/stk_bydd_trd,20260710,200,945,1556,
2026-09-09T05:04:17+00:00,S-12,sto/ksq_bydd_trd,20260710,200,1820,1765,
2026-09-09T05:04:17+00:00,S-12,idx/kospi_dd_trd,20260710,200,51,361,
2026-09-09T05:04:17+00:00,S-12,idx/kosdaq_dd_trd,20260710,200,40,293,
2026-09-09T05:04:18+00:00,S-12,idx/drvprod_dd_trd,20260710,200,320,301,
2026-09-09T05:04:19+00:00,S-12,etp/etf_bydd_trd,20260710,200,1141,918,
2026-09-09T05:04:21+00:00,S-12,drv/opt_bydd_trd,20260710,200,17404,2455,
2026-09-09T05:04:23+00:00,S-12,sto/stk_bydd_trd,20260709,200,945,1605,
2026-09-09T05:04:25+00:00,S-12,sto/ksq_bydd_trd,20260709,200,1820,1920,
2026-09-09T05:04:25+00:00,S-12,idx/kospi_dd_trd,20260709,200,51,297,
2026-09-09T05:04:25+00:00,S-12,idx/kosdaq_dd_trd,20260709,200,40,268,
2026-09-09T05:04:26+00:00,S-12,idx/drvprod_dd_trd,20260709,200,320,312,
2026-09-09T05:04:26+00:00,S-12,etp/etf_bydd_trd,20260709,200,1141,826,
2026-09-09T05:04:29+00:00,S-12,drv/opt_bydd_trd,20260709,200,19088,2683,
2026-09-09T13:12:57+00:00,S-12,sto/stk_bydd_trd,20260908,200,943,3046,
2026-09-09T13:12:59+00:00,S-12,sto/ksq_bydd_trd,20260908,200,1822,2068,
2026-09-09T13:13:00+00:00,S-12,sto/knx_bydd_trd,20260908,200,108,551,
2026-09-09T13:13:00+00:00,S-12,idx/krx_dd_trd,20260908,200,40,396,
2026-09-09T13:13:00+00:00,S-12,idx/kospi_dd_trd,20260908,200,51,269,
2026-09-09T13:13:01+00:00,S-12,idx/kosdaq_dd_trd,20260908,200,40,309,
2026-09-09T13:13:01+00:00,S-12,idx/bon_dd_trd,20260908,200,3,293,
2026-09-09T13:13:01+00:00,S-12,idx/drvprod_dd_trd,20260908,200,320,434,
2026-09-09T13:13:02+00:00,S-12,etp/etf_bydd_trd,20260908,200,1168,1133,
2026-09-09T13:13:03+00:00,S-12,etp/etn_bydd_trd,20260908,200,370,457,
2026-09-09T13:13:03+00:00,S-12,bon/kts_bydd_trd,20260908,200,9,267,
2026-09-09T13:13:04+00:00,S-12,bon/bnd_bydd_trd,20260908,200,284,704,
2026-09-09T13:13:05+00:00,S-12,drv/fut_bydd_trd,20260908,200,385,826,
2026-09-09T13:13:08+00:00,S-12,drv/opt_bydd_trd,20260908,200,17100,3720,
2026-09-09T13:13:09+00:00,S-12,gen/gold_bydd_trd,20260908,200,2,214,
2026-09-09T13:13:09+00:00,S-12,gen/oil_bydd_trd,20260908,200,3,213,
2026-09-09T13:13:09+00:00,S-12,gen/ets_bydd_trd,20260908,200,19,226,
2026-09-09T13:13:09+00:00,S-12,sto/stk_bydd_trd,20260817,200,0,218,
2026-09-09T13:13:10+00:00,S-12,sto/ksq_bydd_trd,20260817,200,0,214,
2026-09-09T13:13:10+00:00,S-12,idx/kospi_dd_trd,20260817,200,0,216,
2026-09-09T13:13:10+00:00,S-12,idx/kosdaq_dd_trd,20260817,200,0,215,
2026-09-09T13:13:10+00:00,S-12,idx/drvprod_dd_trd,20260817,200,0,210,
2026-09-09T13:13:11+00:00,S-12,etp/etf_bydd_trd,20260817,200,1163,398,
2026-09-09T13:13:11+00:00,S-12,drv/opt_bydd_trd,20260817,200,0,213,
2026-09-09T13:13:11+00:00,S-12,sto/stk_bydd_trd,20260717,200,0,247,
2026-09-09T13:13:11+00:00,S-12,sto/ksq_bydd_trd,20260717,200,0,211,
2026-09-09T13:13:12+00:00,S-12,idx/kospi_dd_trd,20260717,200,0,212,
2026-09-09T13:13:12+00:00,S-12,idx/kosdaq_dd_trd,20260717,200,0,217,
2026-09-09T13:13:12+00:00,S-12,idx/drvprod_dd_trd,20260717,200,0,219,
2026-09-09T13:13:13+00:00,S-12,etp/etf_bydd_trd,20260717,200,1146,680,
2026-09-09T13:13:13+00:00,S-12,drv/opt_bydd_trd,20260717,200,0,232,
2026-09-09T13:13:14+00:00,S-12,sto/stk_bydd_trd,20260708,200,945,1198,
2026-09-09T13:13:17+00:00,S-12,sto/ksq_bydd_trd,20260708,200,1820,3070,
2026-09-09T13:13:18+00:00,S-12,idx/kospi_dd_trd,20260708,200,51,291,
2026-09-09T13:13:18+00:00,S-12,idx/kosdaq_dd_trd,20260708,200,40,292,
2026-09-09T13:13:18+00:00,S-12,idx/drvprod_dd_trd,20260708,200,320,279,
2026-09-09T13:13:19+00:00,S-12,etp/etf_bydd_trd,20260708,200,1144,596,
2026-09-09T13:13:26+00:00,S-12,drv/opt_bydd_trd,20260708,200,18352,7091,
2026-09-09T13:13:29+00:00,S-12,sto/stk_bydd_trd,20260707,200,945,2865,
2026-09-09T13:13:32+00:00,S-12,sto/ksq_bydd_trd,20260707,200,1821,2958,
2026-09-09T13:13:32+00:00,S-12,idx/kospi_dd_trd,20260707,200,51,294,
2026-09-09T13:13:32+00:00,S-12,idx/kosdaq_dd_trd,20260707,200,40,287,
2026-09-09T13:13:33+00:00,S-12,idx/drvprod_dd_trd,20260707,200,320,276,
2026-09-09T13:13:34+00:00,S-12,etp/etf_bydd_trd,20260707,200,1144,1090,
2026-09-09T13:13:38+00:00,S-12,drv/opt_bydd_trd,20260707,200,18220,4152,
2026-09-09T13:13:39+00:00,S-12,sto/stk_bydd_trd,20260706,200,945,1175,
2026-09-09T13:13:40+00:00,S-12,sto/ksq_bydd_trd,20260706,200,1822,1507,
2026-09-09T13:13:41+00:00,S-12,idx/kospi_dd_trd,20260706,200,51,254,
2026-09-09T13:13:41+00:00,S-12,idx/kosdaq_dd_trd,20260706,200,40,266,
2026-09-09T13:13:41+00:00,S-12,idx/drvprod_dd_trd,20260706,200,320,268,
2026-09-09T13:13:42+00:00,S-12,etp/etf_bydd_trd,20260706,200,1143,552,
2026-09-09T13:13:45+00:00,S-12,drv/opt_bydd_trd,20260706,200,18908,3627,
2026-09-09T22:26:47+00:00,S-12,sto/stk_bydd_trd,20260909,200,0,1764,
2026-09-09T22:26:49+00:00,S-12,sto/ksq_bydd_trd,20260909,200,0,1458,
2026-09-09T22:26:49+00:00,S-12,sto/knx_bydd_trd,20260909,200,0,193,
2026-09-09T22:26:49+00:00,S-12,idx/krx_dd_trd,20260909,200,0,186,
2026-09-09T22:26:49+00:00,S-12,idx/kospi_dd_trd,20260909,200,0,189,
2026-09-09T22:26:49+00:00,S-12,idx/kosdaq_dd_trd,20260909,200,0,207,
2026-09-09T22:26:50+00:00,S-12,idx/bon_dd_trd,20260909,200,0,309,
2026-09-09T22:26:50+00:00,S-12,idx/drvprod_dd_trd,20260909,200,0,196,
2026-09-09T22:26:50+00:00,S-12,etp/etf_bydd_trd,20260909,200,0,156,
2026-09-09T22:26:50+00:00,S-12,etp/etn_bydd_trd,20260909,200,0,172,
2026-09-09T22:26:50+00:00,S-12,bon/kts_bydd_trd,20260909,200,0,180,
2026-09-09T22:26:51+00:00,S-12,bon/bnd_bydd_trd,20260909,200,0,204,
2026-09-09T22:26:51+00:00,S-12,drv/fut_bydd_trd,20260909,200,0,261,
2026-09-09T22:26:51+00:00,S-12,drv/opt_bydd_trd,20260909,200,0,209,
2026-09-09T22:26:51+00:00,S-12,gen/gold_bydd_trd,20260909,200,0,156,
2026-09-09T22:26:51+00:00,S-12,gen/oil_bydd_trd,20260909,200,0,169,
2026-09-09T22:26:52+00:00,S-12,gen/ets_bydd_trd,20260909,200,0,189,
2026-09-09T22:26:52+00:00,S-12,sto/stk_bydd_trd,20260817,200,0,166,
2026-09-09T22:26:52+00:00,S-12,sto/ksq_bydd_trd,20260817,200,0,170,
2026-09-09T22:26:52+00:00,S-12,idx/kospi_dd_trd,20260817,200,0,168,
2026-09-09T22:26:52+00:00,S-12,idx/kosdaq_dd_trd,20260817,200,0,161,
2026-09-09T22:26:52+00:00,S-12,idx/drvprod_dd_trd,20260817,200,0,179,
2026-09-09T22:26:53+00:00,S-12,etp/etf_bydd_trd,20260817,200,1163,307,
2026-09-09T22:26:53+00:00,S-12,drv/opt_bydd_trd,20260817,200,0,164,
2026-09-09T22:26:53+00:00,S-12,sto/stk_bydd_trd,20260717,200,0,214,
2026-09-09T22:26:53+00:00,S-12,sto/ksq_bydd_trd,20260717,200,0,164,
2026-09-09T22:26:53+00:00,S-12,idx/kospi_dd_trd,20260717,200,0,227,
2026-09-09T22:26:54+00:00,S-12,idx/kosdaq_dd_trd,20260717,200,0,181,
2026-09-09T22:26:54+00:00,S-12,idx/drvprod_dd_trd,20260717,200,0,217,
2026-09-09T22:26:54+00:00,S-12,etp/etf_bydd_trd,20260717,200,1146,268,
2026-09-09T22:26:54+00:00,S-12,drv/opt_bydd_trd,20260717,200,0,252,
2026-09-09T22:26:56+00:00,S-12,sto/stk_bydd_trd,20260703,200,945,1188,
2026-09-09T22:26:57+00:00,S-12,sto/ksq_bydd_trd,20260703,200,1821,1410,
2026-09-09T22:26:57+00:00,S-12,idx/kospi_dd_trd,20260703,200,51,195,
2026-09-09T22:26:57+00:00,S-12,idx/kosdaq_dd_trd,20260703,200,40,193,
2026-09-09T22:26:58+00:00,S-12,idx/drvprod_dd_trd,20260703,200,320,203,
2026-09-09T22:26:58+00:00,S-12,etp/etf_bydd_trd,20260703,200,1143,486,
2026-09-09T22:27:02+00:00,S-12,drv/opt_bydd_trd,20260703,200,18432,4153,
2026-09-09T22:27:03+00:00,S-12,sto/stk_bydd_trd,20260702,200,945,1108,
2026-09-09T22:27:05+00:00,S-12,sto/ksq_bydd_trd,20260702,200,1821,1362,
2026-09-09T22:27:05+00:00,S-12,idx/kospi_dd_trd,20260702,200,51,185,
2026-09-09T22:27:05+00:00,S-12,idx/kosdaq_dd_trd,20260702,200,40,184,
2026-09-09T22:27:05+00:00,S-12,idx/drvprod_dd_trd,20260702,200,320,190,
2026-09-09T22:27:06+00:00,S-12,etp/etf_bydd_trd,20260702,200,1143,589,
2026-09-09T22:27:10+00:00,S-12,drv/opt_bydd_trd,20260702,200,18904,4284,
2026-09-09T22:27:11+00:00,S-12,sto/stk_bydd_trd,20260701,200,945,1043,
2026-09-09T22:27:13+00:00,S-12,sto/ksq_bydd_trd,20260701,200,1821,1702,
2026-09-09T22:27:13+00:00,S-12,idx/kospi_dd_trd,20260701,200,51,200,
2026-09-09T22:27:13+00:00,S-12,idx/kosdaq_dd_trd,20260701,200,40,205,
2026-09-09T22:27:14+00:00,S-12,idx/drvprod_dd_trd,20260701,200,320,227,
2026-09-09T22:27:14+00:00,S-12,etp/etf_bydd_trd,20260701,200,1143,390,
2026-09-09T22:27:16+00:00,S-12,drv/opt_bydd_trd,20260701,200,18848,2337,
2026-09-10T05:03:46+00:00,S-12,sto/stk_bydd_trd,20260909,200,943,2576,
2026-09-10T05:03:50+00:00,S-12,sto/ksq_bydd_trd,20260909,200,1822,3046,
2026-09-10T05:03:50+00:00,S-12,sto/knx_bydd_trd,20260909,200,108,252,
2026-09-10T05:03:50+00:00,S-12,idx/krx_dd_trd,20260909,200,40,303,
2026-09-10T05:03:50+00:00,S-12,idx/kospi_dd_trd,20260909,200,51,287,
2026-09-10T05:03:51+00:00,S-12,idx/kosdaq_dd_trd,20260909,200,40,282,
2026-09-10T05:03:51+00:00,S-12,idx/bon_dd_trd,20260909,200,3,489,
2026-09-10T05:03:51+00:00,S-12,idx/drvprod_dd_trd,20260909,200,320,309,
2026-09-10T05:03:52+00:00,S-12,etp/etf_bydd_trd,20260909,200,1168,745,
2026-09-10T05:03:53+00:00,S-12,etp/etn_bydd_trd,20260909,200,370,464,
2026-09-10T05:03:53+00:00,S-12,bon/kts_bydd_trd,20260909,200,10,301,
2026-09-10T05:03:53+00:00,S-12,bon/bnd_bydd_trd,20260909,200,271,338,
2026-09-10T05:03:54+00:00,S-12,drv/fut_bydd_trd,20260909,200,385,1035,
2026-09-10T05:03:57+00:00,S-12,drv/opt_bydd_trd,20260909,200,17104,2772,
2026-09-10T05:03:58+00:00,S-12,gen/gold_bydd_trd,20260909,200,2,282,
2026-09-10T05:03:58+00:00,S-12,gen/oil_bydd_trd,20260909,200,3,253,
2026-09-10T05:03:59+00:00,S-12,gen/ets_bydd_trd,20260909,200,19,825,
2026-09-10T05:03:59+00:00,S-12,sto/stk_bydd_trd,20260817,200,0,291,
2026-09-10T05:03:59+00:00,S-12,sto/ksq_bydd_trd,20260817,200,0,240,
2026-09-10T05:04:00+00:00,S-12,idx/kospi_dd_trd,20260817,200,0,310,
2026-09-10T05:04:00+00:00,S-12,idx/kosdaq_dd_trd,20260817,200,0,256,
2026-09-10T05:04:00+00:00,S-12,idx/drvprod_dd_trd,20260817,200,0,293,
2026-09-10T05:04:01+00:00,S-12,etp/etf_bydd_trd,20260817,200,1163,433,
2026-09-10T05:04:01+00:00,S-12,drv/opt_bydd_trd,20260817,200,0,232,
2026-09-10T05:04:01+00:00,S-12,sto/stk_bydd_trd,20260717,200,0,271,
2026-09-10T05:04:01+00:00,S-12,sto/ksq_bydd_trd,20260717,200,0,240,
2026-09-10T05:04:02+00:00,S-12,idx/kospi_dd_trd,20260717,200,0,260,
2026-09-10T05:04:02+00:00,S-12,idx/kosdaq_dd_trd,20260717,200,0,275,
2026-09-10T05:04:02+00:00,S-12,idx/drvprod_dd_trd,20260717,200,0,268,
2026-09-10T05:04:03+00:00,S-12,etp/etf_bydd_trd,20260717,200,1146,457,
2026-09-10T05:04:03+00:00,S-12,drv/opt_bydd_trd,20260717,200,0,246,
2026-09-10T05:04:05+00:00,S-12,sto/stk_bydd_trd,20260630,200,945,1813,
2026-09-10T05:04:06+00:00,S-12,sto/ksq_bydd_trd,20260630,200,1824,1800,
2026-09-10T05:04:07+00:00,S-12,idx/kospi_dd_trd,20260630,200,51,294,
2026-09-10T05:04:07+00:00,S-12,idx/kosdaq_dd_trd,20260630,200,40,269,
2026-09-10T05:04:08+00:00,S-12,idx/drvprod_dd_trd,20260630,200,320,538,
2026-09-10T05:04:09+00:00,S-12,etp/etf_bydd_trd,20260630,200,1143,1370,
2026-09-10T05:04:12+00:00,S-12,drv/opt_bydd_trd,20260630,200,18844,2765,
2026-09-10T05:04:14+00:00,S-12,sto/stk_bydd_trd,20260629,200,946,1916,
2026-09-10T05:04:16+00:00,S-12,sto/ksq_bydd_trd,20260629,200,1823,2105,
2026-09-10T05:04:16+00:00,S-12,idx/kospi_dd_trd,20260629,200,51,277,
2026-09-10T05:04:16+00:00,S-12,idx/kosdaq_dd_trd,20260629,200,40,323,
2026-09-10T05:04:17+00:00,S-12,idx/drvprod_dd_trd,20260629,200,320,691,
2026-09-10T05:04:18+00:00,S-12,etp/etf_bydd_trd,20260629,200,1142,1132,
2026-09-10T05:04:24+00:00,S-12,drv/opt_bydd_trd,20260629,200,19508,5467,
2026-09-10T05:04:25+00:00,S-12,sto/stk_bydd_trd,20260626,200,946,1786,
2026-09-10T05:04:27+00:00,S-12,sto/ksq_bydd_trd,20260626,200,1822,2056,
2026-09-10T05:04:28+00:00,S-12,idx/kospi_dd_trd,20260626,200,51,331,
2026-09-10T05:04:28+00:00,S-12,idx/kosdaq_dd_trd,20260626,200,40,283,
2026-09-10T05:04:28+00:00,S-12,idx/drvprod_dd_trd,20260626,200,320,337,
2026-09-10T05:04:29+00:00,S-12,etp/etf_bydd_trd,20260626,200,1142,669,
2026-09-10T05:04:32+00:00,S-12,drv/opt_bydd_trd,20260626,200,19012,2861,
2026-09-10T13:11:55+00:00,S-12,sto/stk_bydd_trd,20260909,200,943,2010,
2026-09-10T13:11:58+00:00,S-12,sto/ksq_bydd_trd,20260909,200,1822,2119,
2026-09-10T13:11:58+00:00,S-12,sto/knx_bydd_trd,20260909,200,108,222,
2026-09-10T13:11:58+00:00,S-12,idx/krx_dd_trd,20260909,200,40,335,
2026-09-10T13:11:58+00:00,S-12,idx/kospi_dd_trd,20260909,200,51,287,
2026-09-10T13:11:59+00:00,S-12,idx/kosdaq_dd_trd,20260909,200,40,278,
2026-09-10T13:11:59+00:00,S-12,idx/bon_dd_trd,20260909,200,3,278,
2026-09-10T13:11:59+00:00,S-12,idx/drvprod_dd_trd,20260909,200,320,281,
2026-09-10T13:12:00+00:00,S-12,etp/etf_bydd_trd,20260909,200,1168,648,
2026-09-10T13:12:00+00:00,S-12,etp/etn_bydd_trd,20260909,200,370,392,
2026-09-10T13:12:01+00:00,S-12,bon/kts_bydd_trd,20260909,200,10,330,
2026-09-10T13:12:01+00:00,S-12,bon/bnd_bydd_trd,20260909,200,271,403,
2026-09-10T13:12:02+00:00,S-12,drv/fut_bydd_trd,20260909,200,385,795,
2026-09-10T13:12:06+00:00,S-12,drv/opt_bydd_trd,20260909,200,17104,3796,
2026-09-10T13:12:06+00:00,S-12,gen/gold_bydd_trd,20260909,200,2,233,
2026-09-10T13:12:06+00:00,S-12,gen/oil_bydd_trd,20260909,200,3,264,
2026-09-10T13:12:07+00:00,S-12,gen/ets_bydd_trd,20260909,200,19,255,
2026-09-10T13:12:07+00:00,S-12,sto/stk_bydd_trd,20260817,200,0,212,
2026-09-10T13:12:07+00:00,S-12,sto/ksq_bydd_trd,20260817,200,0,220,
2026-09-10T13:12:07+00:00,S-12,idx/kospi_dd_trd,20260817,200,0,215,
2026-09-10T13:12:08+00:00,S-12,idx/kosdaq_dd_trd,20260817,200,0,354,
2026-09-10T13:12:08+00:00,S-12,idx/drvprod_dd_trd,20260817,200,0,243,
2026-09-10T13:12:08+00:00,S-12,etp/etf_bydd_trd,20260817,200,1163,519,
2026-09-10T13:12:09+00:00,S-12,drv/opt_bydd_trd,20260817,200,0,231,
2026-09-10T13:12:09+00:00,S-12,sto/stk_bydd_trd,20260717,200,0,222,
2026-09-10T13:12:09+00:00,S-12,sto/ksq_bydd_trd,20260717,200,0,249,
2026-09-10T13:12:09+00:00,S-12,idx/kospi_dd_trd,20260717,200,0,213,
2026-09-10T13:12:09+00:00,S-12,idx/kosdaq_dd_trd,20260717,200,0,228,
2026-09-10T13:12:10+00:00,S-12,idx/drvprod_dd_trd,20260717,200,0,237,
2026-09-10T13:12:10+00:00,S-12,etp/etf_bydd_trd,20260717,200,1146,466,
2026-09-10T13:12:10+00:00,S-12,drv/opt_bydd_trd,20260717,200,0,218,
2026-09-10T13:12:12+00:00,S-12,sto/stk_bydd_trd,20260625,200,946,1350,
2026-09-10T13:12:13+00:00,S-12,sto/ksq_bydd_trd,20260625,200,1822,1456,
2026-09-10T13:12:14+00:00,S-12,idx/kospi_dd_trd,20260625,200,51,497,
2026-09-10T13:12:14+00:00,S-12,idx/kosdaq_dd_trd,20260625,200,40,247,
2026-09-10T13:12:14+00:00,S-12,idx/drvprod_dd_trd,20260625,200,320,254,
2026-09-10T13:12:15+00:00,S-12,etp/etf_bydd_trd,20260625,200,1142,733,
2026-09-10T13:12:21+00:00,S-12,drv/opt_bydd_trd,20260625,200,19608,5871,
2026-09-10T13:12:22+00:00,S-12,sto/stk_bydd_trd,20260624,200,946,1637,
2026-09-10T13:12:25+00:00,S-12,sto/ksq_bydd_trd,20260624,200,1822,2059,
2026-09-10T13:12:25+00:00,S-12,idx/kospi_dd_trd,20260624,200,51,354,
2026-09-10T13:12:25+00:00,S-12,idx/kosdaq_dd_trd,20260624,200,40,268,
2026-09-10T13:12:25+00:00,S-12,idx/drvprod_dd_trd,20260624,200,320,287,
2026-09-10T13:12:26+00:00,S-12,etp/etf_bydd_trd,20260624,200,1145,751,
2026-09-10T13:12:31+00:00,S-12,drv/opt_bydd_trd,20260624,200,19152,4800,
2026-09-10T13:12:33+00:00,S-12,sto/stk_bydd_trd,20260623,200,946,1920,
2026-09-10T13:12:34+00:00,S-12,sto/ksq_bydd_trd,20260623,200,1822,1558,
2026-09-10T13:12:35+00:00,S-12,idx/kospi_dd_trd,20260623,200,51,252,
2026-09-10T13:12:35+00:00,S-12,idx/kosdaq_dd_trd,20260623,200,40,299,
2026-09-10T13:12:35+00:00,S-12,idx/drvprod_dd_trd,20260623,200,320,286,
2026-09-10T13:12:36+00:00,S-12,etp/etf_bydd_trd,20260623,200,1145,671,
2026-09-10T13:12:40+00:00,S-12,drv/opt_bydd_trd,20260623,200,18720,4199,
2026-09-10T22:25:07+00:00,S-12,sto/stk_bydd_trd,20260910,200,0,1723,
2026-09-10T22:25:09+00:00,S-12,sto/ksq_bydd_trd,20260910,200,0,1504,
2026-09-10T22:25:09+00:00,S-12,sto/knx_bydd_trd,20260910,200,0,188,
2026-09-10T22:25:09+00:00,S-12,idx/krx_dd_trd,20260910,200,0,197,
2026-09-10T22:25:09+00:00,S-12,idx/kospi_dd_trd,20260910,200,0,217,
2026-09-10T22:25:09+00:00,S-12,idx/kosdaq_dd_trd,20260910,200,0,224,
2026-09-10T22:25:10+00:00,S-12,idx/bon_dd_trd,20260910,200,0,249,
2026-09-10T22:25:10+00:00,S-12,idx/drvprod_dd_trd,20260910,200,0,366,
2026-09-10T22:25:10+00:00,S-12,etp/etf_bydd_trd,20260910,200,0,181,
2026-09-10T22:25:10+00:00,S-12,etp/etn_bydd_trd,20260910,200,0,174,
2026-09-10T22:25:11+00:00,S-12,bon/kts_bydd_trd,20260910,200,0,178,
2026-09-10T22:25:11+00:00,S-12,bon/bnd_bydd_trd,20260910,200,0,179,
2026-09-10T22:25:11+00:00,S-12,drv/fut_bydd_trd,20260910,200,0,312,
2026-09-10T22:25:11+00:00,S-12,drv/opt_bydd_trd,20260910,200,0,232,
2026-09-10T22:25:11+00:00,S-12,gen/gold_bydd_trd,20260910,200,0,173,
2026-09-10T22:25:12+00:00,S-12,gen/oil_bydd_trd,20260910,200,0,167,
2026-09-10T22:25:12+00:00,S-12,gen/ets_bydd_trd,20260910,200,0,240,
2026-09-10T22:25:12+00:00,S-12,sto/stk_bydd_trd,20260817,200,0,191,
2026-09-10T22:25:12+00:00,S-12,sto/ksq_bydd_trd,20260817,200,0,187,
2026-09-10T22:25:12+00:00,S-12,idx/kospi_dd_trd,20260817,200,0,172,
2026-09-10T22:25:13+00:00,S-12,idx/kosdaq_dd_trd,20260817,200,0,323,
2026-09-10T22:25:13+00:00,S-12,idx/drvprod_dd_trd,20260817,200,0,274,
2026-09-10T22:25:14+00:00,S-12,etp/etf_bydd_trd,20260817,200,1163,869,
2026-09-10T22:25:14+00:00,S-12,drv/opt_bydd_trd,20260817,200,0,240,
2026-09-10T22:25:14+00:00,S-12,sto/stk_bydd_trd,20260717,200,0,192,
2026-09-10T22:25:14+00:00,S-12,sto/ksq_bydd_trd,20260717,200,0,187,
2026-09-10T22:25:15+00:00,S-12,idx/kospi_dd_trd,20260717,200,0,211,
2026-09-10T22:25:15+00:00,S-12,idx/kosdaq_dd_trd,20260717,200,0,167,
2026-09-10T22:25:15+00:00,S-12,idx/drvprod_dd_trd,20260717,200,0,171,
2026-09-10T22:25:16+00:00,S-12,etp/etf_bydd_trd,20260717,200,1146,800,
2026-09-10T22:25:16+00:00,S-12,drv/opt_bydd_trd,20260717,200,0,181,
2026-09-10T22:25:17+00:00,S-12,sto/stk_bydd_trd,20260622,200,946,1358,
2026-09-10T22:25:19+00:00,S-12,sto/ksq_bydd_trd,20260622,200,1822,1400,
2026-09-10T22:25:19+00:00,S-12,idx/kospi_dd_trd,20260622,200,51,208,
2026-09-10T22:25:19+00:00,S-12,idx/kosdaq_dd_trd,20260622,200,40,231,
2026-09-10T22:25:20+00:00,S-12,idx/drvprod_dd_trd,20260622,200,320,612,
2026-09-10T22:25:20+00:00,S-12,etp/etf_bydd_trd,20260622,200,1140,622,
2026-09-10T22:25:24+00:00,S-12,drv/opt_bydd_trd,20260622,200,19116,3939,
2026-09-10T22:25:26+00:00,S-12,sto/stk_bydd_trd,20260619,200,946,1120,
2026-09-10T22:25:27+00:00,S-12,sto/ksq_bydd_trd,20260619,200,1822,1373,
2026-09-10T22:25:27+00:00,S-12,idx/kospi_dd_trd,20260619,200,51,387,
2026-09-10T22:25:28+00:00,S-12,idx/kosdaq_dd_trd,20260619,200,40,293,
2026-09-10T22:25:28+00:00,S-12,idx/drvprod_dd_trd,20260619,200,320,245,
2026-09-10T22:25:29+00:00,S-12,etp/etf_bydd_trd,20260619,200,1140,1082,
2026-09-10T22:25:32+00:00,S-12,drv/opt_bydd_trd,20260619,200,18636,3103,
2026-09-10T22:25:33+00:00,S-12,sto/stk_bydd_trd,20260618,200,946,1112,
2026-09-10T22:25:35+00:00,S-12,sto/ksq_bydd_trd,20260618,200,1821,1674,
2026-09-10T22:25:35+00:00,S-12,idx/kospi_dd_trd,20260618,200,51,220,
2026-09-10T22:25:35+00:00,S-12,idx/kosdaq_dd_trd,20260618,200,40,213,
2026-09-10T22:25:35+00:00,S-12,idx/drvprod_dd_trd,20260618,200,320,216,
2026-09-10T22:25:36+00:00,S-12,etp/etf_bydd_trd,20260618,200,1140,655,
2026-09-10T22:25:39+00:00,S-12,drv/opt_bydd_trd,20260618,200,18532,2457,
2026-09-11T05:04:14+00:00,S-12,sto/stk_bydd_trd,20260910,200,943,3230,
2026-09-11T05:04:16+00:00,S-12,sto/ksq_bydd_trd,20260910,200,1823,2357,
2026-09-11T05:04:16+00:00,S-12,sto/knx_bydd_trd,20260910,200,108,253,
2026-09-11T05:04:17+00:00,S-12,idx/krx_dd_trd,20260910,200,40,339,
2026-09-11T05:04:17+00:00,S-12,idx/kospi_dd_trd,20260910,200,51,352,
2026-09-11T05:04:17+00:00,S-12,idx/kosdaq_dd_trd,20260910,200,40,305,
2026-09-11T05:04:18+00:00,S-12,idx/bon_dd_trd,20260910,200,3,373,
2026-09-11T05:04:18+00:00,S-12,idx/drvprod_dd_trd,20260910,200,320,315,
2026-09-11T05:04:19+00:00,S-12,etp/etf_bydd_trd,20260910,200,1168,1428,
2026-09-11T05:04:20+00:00,S-12,etp/etn_bydd_trd,20260910,200,370,383,
2026-09-11T05:04:20+00:00,S-12,bon/kts_bydd_trd,20260910,200,11,264,
2026-09-11T05:04:20+00:00,S-12,bon/bnd_bydd_trd,20260910,200,265,295,
2026-09-11T05:04:21+00:00,S-12,drv/fut_bydd_trd,20260910,200,385,991,
2026-09-11T05:04:25+00:00,S-12,drv/opt_bydd_trd,20260910,200,17596,3288,
2026-09-11T05:04:25+00:00,S-12,gen/gold_bydd_trd,20260910,200,2,237,
2026-09-11T05:04:26+00:00,S-12,gen/oil_bydd_trd,20260910,200,3,337,
2026-09-11T05:04:26+00:00,S-12,gen/ets_bydd_trd,20260910,200,19,253,
2026-09-11T05:04:26+00:00,S-12,sto/stk_bydd_trd,20260817,200,0,246,
2026-09-11T05:04:26+00:00,S-12,sto/ksq_bydd_trd,20260817,200,0,239,
2026-09-11T05:04:27+00:00,S-12,idx/kospi_dd_trd,20260817,200,0,232,
2026-09-11T05:04:27+00:00,S-12,idx/kosdaq_dd_trd,20260817,200,0,235,
2026-09-11T05:04:27+00:00,S-12,idx/drvprod_dd_trd,20260817,200,0,237,
2026-09-11T05:04:27+00:00,S-12,etp/etf_bydd_trd,20260817,200,1163,413,
2026-09-11T05:04:28+00:00,S-12,drv/opt_bydd_trd,20260817,200,0,231,
2026-09-11T05:04:28+00:00,S-12,sto/stk_bydd_trd,20260717,200,0,229,
2026-09-11T05:04:28+00:00,S-12,sto/ksq_bydd_trd,20260717,200,0,239,
2026-09-11T05:04:28+00:00,S-12,idx/kospi_dd_trd,20260717,200,0,297,
2026-09-11T05:04:29+00:00,S-12,idx/kosdaq_dd_trd,20260717,200,0,239,
2026-09-11T05:04:29+00:00,S-12,idx/drvprod_dd_trd,20260717,200,0,246,
2026-09-11T05:04:29+00:00,S-12,etp/etf_bydd_trd,20260717,200,1146,499,
2026-09-11T05:04:30+00:00,S-12,drv/opt_bydd_trd,20260717,200,0,236,
2026-09-11T05:04:31+00:00,S-12,sto/stk_bydd_trd,20260617,200,946,1688,
2026-09-11T05:04:33+00:00,S-12,sto/ksq_bydd_trd,20260617,200,1822,1922,
2026-09-11T05:04:33+00:00,S-12,idx/kospi_dd_trd,20260617,200,51,269,
2026-09-11T05:04:34+00:00,S-12,idx/kosdaq_dd_trd,20260617,200,40,248,
2026-09-11T05:04:34+00:00,S-12,idx/drvprod_dd_trd,20260617,200,320,254,
2026-09-11T05:04:35+00:00,S-12,etp/etf_bydd_trd,20260617,200,1140,759,
2026-09-11T05:04:38+00:00,S-12,drv/opt_bydd_trd,20260617,200,17800,3635,
2026-09-11T05:04:40+00:00,S-12,sto/stk_bydd_trd,20260616,200,946,1319,
2026-09-11T05:04:41+00:00,S-12,sto/ksq_bydd_trd,20260616,200,1822,1361,
2026-09-11T05:04:41+00:00,S-12,idx/kospi_dd_trd,20260616,200,51,245,
2026-09-11T05:04:42+00:00,S-12,idx/kosdaq_dd_trd,20260616,200,40,282,
2026-09-11T05:04:42+00:00,S-12,idx/drvprod_dd_trd,20260616,200,320,261,
2026-09-11T05:04:43+00:00,S-12,etp/etf_bydd_trd,20260616,200,1140,688,
2026-09-11T05:04:45+00:00,S-12,drv/opt_bydd_trd,20260616,200,17656,2458,
2026-09-11T05:04:46+00:00,S-12,sto/stk_bydd_trd,20260615,200,946,1411,
2026-09-11T05:04:48+00:00,S-12,sto/ksq_bydd_trd,20260615,200,1822,1524,
2026-09-11T05:04:48+00:00,S-12,idx/kospi_dd_trd,20260615,200,51,262,
2026-09-11T05:04:49+00:00,S-12,idx/kosdaq_dd_trd,20260615,200,40,275,
2026-09-11T05:04:49+00:00,S-12,idx/drvprod_dd_trd,20260615,200,320,278,
2026-09-11T05:04:49+00:00,S-12,etp/etf_bydd_trd,20260615,200,1137,640,
2026-09-11T05:04:54+00:00,S-12,drv/opt_bydd_trd,20260615,200,18016,4228,
2026-09-11T13:11:58+00:00,S-12,sto/stk_bydd_trd,20260910,200,943,2097,
2026-09-11T13:11:59+00:00,S-12,sto/ksq_bydd_trd,20260910,200,1823,1848,
2026-09-11T13:12:00+00:00,S-12,sto/knx_bydd_trd,20260910,200,108,229,
2026-09-11T13:12:00+00:00,S-12,idx/krx_dd_trd,20260910,200,40,264,
2026-09-11T13:12:00+00:00,S-12,idx/kospi_dd_trd,20260910,200,54,362,
2026-09-11T13:12:01+00:00,S-12,idx/kosdaq_dd_trd,20260910,200,40,365,
2026-09-11T13:12:01+00:00,S-12,idx/bon_dd_trd,20260910,200,3,298,
2026-09-11T13:12:01+00:00,S-12,idx/drvprod_dd_trd,20260910,200,321,378,
2026-09-11T13:12:02+00:00,S-12,etp/etf_bydd_trd,20260910,200,1168,571,
2026-09-11T13:12:02+00:00,S-12,etp/etn_bydd_trd,20260910,200,370,357,
2026-09-11T13:12:03+00:00,S-12,bon/kts_bydd_trd,20260910,200,11,403,
2026-09-11T13:12:03+00:00,S-12,bon/bnd_bydd_trd,20260910,200,265,338,
2026-09-11T13:12:04+00:00,S-12,drv/fut_bydd_trd,20260910,200,385,864,
2026-09-11T13:12:06+00:00,S-12,drv/opt_bydd_trd,20260910,200,17596,2568,
2026-09-11T13:12:07+00:00,S-12,gen/gold_bydd_trd,20260910,200,2,300,
2026-09-11T13:12:07+00:00,S-12,gen/oil_bydd_trd,20260910,200,3,394,
2026-09-11T13:12:08+00:00,S-12,gen/ets_bydd_trd,20260910,200,19,497,
2026-09-11T13:12:08+00:00,S-12,sto/stk_bydd_trd,20260817,200,0,261,
2026-09-11T13:12:08+00:00,S-12,sto/ksq_bydd_trd,20260817,200,0,224,
2026-09-11T13:12:09+00:00,S-12,idx/kospi_dd_trd,20260817,200,0,376,
2026-09-11T13:12:09+00:00,S-12,idx/kosdaq_dd_trd,20260817,200,0,402,
2026-09-11T13:12:10+00:00,S-12,idx/drvprod_dd_trd,20260817,200,0,407,
2026-09-11T13:12:10+00:00,S-12,etp/etf_bydd_trd,20260817,200,1163,530,
2026-09-11T13:12:10+00:00,S-12,drv/opt_bydd_trd,20260817,200,0,245,
2026-09-11T13:12:11+00:00,S-12,sto/stk_bydd_trd,20260717,200,0,282,
2026-09-11T13:12:11+00:00,S-12,sto/ksq_bydd_trd,20260717,200,0,208,
2026-09-11T13:12:11+00:00,S-12,idx/kospi_dd_trd,20260717,200,0,248,
2026-09-11T13:12:11+00:00,S-12,idx/kosdaq_dd_trd,20260717,200,0,246,
2026-09-11T13:12:12+00:00,S-12,idx/drvprod_dd_trd,20260717,200,0,642,
2026-09-11T13:12:12+00:00,S-12,etp/etf_bydd_trd,20260717,200,1146,516,
2026-09-11T13:12:13+00:00,S-12,drv/opt_bydd_trd,20260717,200,0,299,
2026-09-11T13:12:14+00:00,S-12,sto/stk_bydd_trd,20260612,200,946,1566,
2026-09-11T13:12:16+00:00,S-12,sto/ksq_bydd_trd,20260612,200,1822,1464,
2026-09-11T13:12:16+00:00,S-12,idx/kospi_dd_trd,20260612,200,54,346,
2026-09-11T13:12:16+00:00,S-12,idx/kosdaq_dd_trd,20260612,200,40,238,
2026-09-11T13:12:17+00:00,S-12,idx/drvprod_dd_trd,20260612,200,321,458,
2026-09-11T13:12:18+00:00,S-12,etp/etf_bydd_trd,20260612,200,1137,833,
2026-09-11T13:12:21+00:00,S-12,drv/opt_bydd_trd,20260612,200,17368,3808,
2026-09-11T13:12:23+00:00,S-12,sto/stk_bydd_trd,20260611,200,947,1620,
2026-09-11T13:12:24+00:00,S-12,sto/ksq_bydd_trd,20260611,200,1822,1365,
2026-09-11T13:12:25+00:00,S-12,idx/kospi_dd_trd,20260611,200,54,224,
2026-09-11T13:12:25+00:00,S-12,idx/kosdaq_dd_trd,20260611,200,40,240,
2026-09-11T13:12:25+00:00,S-12,idx/drvprod_dd_trd,20260611,200,321,275,
2026-09-11T13:12:26+00:00,S-12,etp/etf_bydd_trd,20260611,200,1137,589,
2026-09-11T13:12:29+00:00,S-12,drv/opt_bydd_trd,20260611,200,18884,2728,
2026-09-11T13:12:30+00:00,S-12,sto/stk_bydd_trd,20260610,200,947,1369,
2026-09-11T13:12:31+00:00,S-12,sto/ksq_bydd_trd,20260610,200,1822,1483,
2026-09-11T13:12:32+00:00,S-12,idx/kospi_dd_trd,20260610,200,54,232,
2026-09-11T13:12:32+00:00,S-12,idx/kosdaq_dd_trd,20260610,200,40,270,
2026-09-11T13:12:32+00:00,S-12,idx/drvprod_dd_trd,20260610,200,321,453,
2026-09-11T13:12:33+00:00,S-12,etp/etf_bydd_trd,20260610,200,1137,772,
2026-09-11T13:12:36+00:00,S-12,drv/opt_bydd_trd,20260610,200,18428,3064,
2026-09-11T22:26:21+00:00,S-12,sto/stk_bydd_trd,20260911,200,0,1655,
2026-09-11T22:26:23+00:00,S-12,sto/ksq_bydd_trd,20260911,200,0,1953,
2026-09-11T22:26:23+00:00,S-12,sto/knx_bydd_trd,20260911,200,0,294,
2026-09-11T22:26:23+00:00,S-12,idx/krx_dd_trd,20260911,200,0,346,
2026-09-11T22:26:24+00:00,S-12,idx/kospi_dd_trd,20260911,200,0,363,
2026-09-11T22:26:24+00:00,S-12,idx/kosdaq_dd_trd,20260911,200,0,308,
2026-09-11T22:26:25+00:00,S-12,idx/bon_dd_trd,20260911,200,0,1003,
2026-09-11T22:26:25+00:00,S-12,idx/drvprod_dd_trd,20260911,200,0,370,
2026-09-11T22:26:26+00:00,S-12,etp/etf_bydd_trd,20260911,200,0,307,
2026-09-11T22:26:26+00:00,S-12,etp/etn_bydd_trd,20260911,200,0,301,
2026-09-11T22:26:26+00:00,S-12,bon/kts_bydd_trd,20260911,200,0,297,
2026-09-11T22:26:27+00:00,S-12,bon/bnd_bydd_trd,20260911,200,0,337,
2026-09-11T22:26:27+00:00,S-12,drv/fut_bydd_trd,20260911,200,0,467,
2026-09-11T22:26:27+00:00,S-12,drv/opt_bydd_trd,20260911,200,0,317,
2026-09-11T22:26:28+00:00,S-12,gen/gold_bydd_trd,20260911,200,0,323,
2026-09-11T22:26:28+00:00,S-12,gen/oil_bydd_trd,20260911,200,0,304,
2026-09-11T22:26:28+00:00,S-12,gen/ets_bydd_trd,20260911,200,0,357,
2026-09-11T22:26:29+00:00,S-12,sto/stk_isu_base_info,20260911,200,0,236,
2026-09-11T22:26:29+00:00,S-12,sto/ksq_isu_base_info,20260911,200,0,329,
2026-09-11T22:26:29+00:00,S-12,sto/knx_isu_base_info,20260911,200,0,300,
2026-09-11T22:26:30+00:00,S-12,sto/stk_bydd_trd,20260817,200,0,317,
2026-09-11T22:26:30+00:00,S-12,sto/ksq_bydd_trd,20260817,200,0,320,
2026-09-11T22:26:30+00:00,S-12,idx/kospi_dd_trd,20260817,200,0,246,
2026-09-11T22:26:30+00:00,S-12,idx/kosdaq_dd_trd,20260817,200,0,257,
2026-09-11T22:26:31+00:00,S-12,idx/drvprod_dd_trd,20260817,200,0,305,
2026-09-11T22:26:31+00:00,S-12,etp/etf_bydd_trd,20260817,200,1163,648,
2026-09-11T22:26:32+00:00,S-12,drv/opt_bydd_trd,20260817,200,0,282,
2026-09-11T22:26:32+00:00,S-12,sto/stk_bydd_trd,20260717,200,0,272,
2026-09-11T22:26:32+00:00,S-12,sto/ksq_bydd_trd,20260717,200,0,333,
2026-09-11T22:26:33+00:00,S-12,idx/kospi_dd_trd,20260717,200,0,312,
2026-09-11T22:26:33+00:00,S-12,idx/kosdaq_dd_trd,20260717,200,0,327,
2026-09-11T22:26:33+00:00,S-12,idx/drvprod_dd_trd,20260717,200,0,267,
2026-09-11T22:26:34+00:00,S-12,etp/etf_bydd_trd,20260717,200,1146,691,
2026-09-11T22:26:34+00:00,S-12,drv/opt_bydd_trd,20260717,200,0,284,
2026-09-11T22:26:35+00:00,S-12,sto/stk_bydd_trd,20260609,200,948,1283,
2026-09-11T22:26:37+00:00,S-12,sto/ksq_bydd_trd,20260609,200,1822,1865,
2026-09-11T22:26:38+00:00,S-12,idx/kospi_dd_trd,20260609,200,54,269,
2026-09-11T22:26:38+00:00,S-12,idx/kosdaq_dd_trd,20260609,200,40,325,
2026-09-11T22:26:38+00:00,S-12,idx/drvprod_dd_trd,20260609,200,321,377,
2026-09-11T22:26:39+00:00,S-12,etp/etf_bydd_trd,20260609,200,1137,746,
2026-09-11T22:26:43+00:00,S-12,drv/opt_bydd_trd,20260609,200,18428,4250,
2026-09-11T22:26:45+00:00,S-12,sto/stk_bydd_trd,20260608,200,948,1423,
2026-09-11T22:26:46+00:00,S-12,sto/ksq_bydd_trd,20260608,200,1823,1364,
2026-09-11T22:26:46+00:00,S-12,idx/kospi_dd_trd,20260608,200,54,328,
2026-09-11T22:26:47+00:00,S-12,idx/kosdaq_dd_trd,20260608,200,40,393,
2026-09-11T22:26:47+00:00,S-12,idx/drvprod_dd_trd,20260608,200,321,358,
2026-09-11T22:26:48+00:00,S-12,etp/etf_bydd_trd,20260608,200,1136,566,
2026-09-11T22:26:51+00:00,S-12,drv/opt_bydd_trd,20260608,200,18772,3407,
2026-09-11T22:26:52+00:00,S-12,sto/stk_bydd_trd,20260605,200,948,1298,
2026-09-11T22:26:54+00:00,S-12,sto/ksq_bydd_trd,20260605,200,1822,1458,
2026-09-11T22:26:55+00:00,S-12,idx/kospi_dd_trd,20260605,200,54,617,
2026-09-11T22:26:55+00:00,S-12,idx/kosdaq_dd_trd,20260605,200,40,358,
2026-09-11T22:26:55+00:00,S-12,idx/drvprod_dd_trd,20260605,200,321,299,
2026-09-11T22:26:56+00:00,S-12,etp/etf_bydd_trd,20260605,200,1136,580,
2026-09-11T22:26:59+00:00,S-12,drv/opt_bydd_trd,20260605,200,18240,3258,
2026-09-14T05:03:40+00:00,S-12,sto/stk_bydd_trd,20260911,200,943,2514,
2026-09-14T05:03:43+00:00,S-12,sto/ksq_bydd_trd,20260911,200,1822,2892,
2026-09-14T05:03:43+00:00,S-12,sto/knx_bydd_trd,20260911,200,108,250,
2026-09-14T05:03:43+00:00,S-12,idx/krx_dd_trd,20260911,200,40,291,
2026-09-14T05:03:44+00:00,S-12,idx/kospi_dd_trd,20260911,200,54,378,
2026-09-14T05:03:44+00:00,S-12,idx/kosdaq_dd_trd,20260911,200,40,256,
2026-09-14T05:03:44+00:00,S-12,idx/bon_dd_trd,20260911,200,3,302,
2026-09-14T05:03:44+00:00,S-12,idx/drvprod_dd_trd,20260911,200,321,371,
2026-09-14T05:03:45+00:00,S-12,etp/etf_bydd_trd,20260911,200,1168,597,
2026-09-14T05:03:45+00:00,S-12,etp/etn_bydd_trd,20260911,200,364,375,
2026-09-14T05:03:46+00:00,S-12,bon/kts_bydd_trd,20260911,200,10,302,
2026-09-14T05:03:46+00:00,S-12,bon/bnd_bydd_trd,20260911,200,291,368,
2026-09-14T05:03:47+00:00,S-12,drv/fut_bydd_trd,20260911,200,385,770,
2026-09-14T05:03:50+00:00,S-12,drv/opt_bydd_trd,20260911,200,16120,3022,
2026-09-14T05:03:50+00:00,S-12,gen/gold_bydd_trd,20260911,200,2,297,
2026-09-14T05:03:51+00:00,S-12,gen/oil_bydd_trd,20260911,200,3,276,
2026-09-14T05:03:51+00:00,S-12,gen/ets_bydd_trd,20260911,200,19,266,
2026-09-14T05:03:52+00:00,S-12,sto/stk_isu_base_info,20260911,200,943,659,
2026-09-14T05:03:53+00:00,S-12,sto/ksq_isu_base_info,20260911,200,1822,1028,
2026-09-14T05:03:53+00:00,S-12,sto/knx_isu_base_info,20260911,200,108,282,
2026-09-14T05:03:53+00:00,S-12,sto/stk_bydd_trd,20260817,200,0,235,
2026-09-14T05:03:53+00:00,S-12,sto/ksq_bydd_trd,20260817,200,0,229,
2026-09-14T05:03:54+00:00,S-12,idx/kospi_dd_trd,20260817,200,0,279,
2026-09-14T05:03:54+00:00,S-12,idx/kosdaq_dd_trd,20260817,200,0,241,
2026-09-14T05:03:54+00:00,S-12,idx/drvprod_dd_trd,20260817,200,0,228,
2026-09-14T05:03:55+00:00,S-12,etp/etf_bydd_trd,20260817,200,1163,385,
2026-09-14T05:03:55+00:00,S-12,drv/opt_bydd_trd,20260817,200,0,231,
2026-09-14T05:03:55+00:00,S-12,sto/stk_bydd_trd,20260717,200,0,285,
2026-09-14T05:03:55+00:00,S-12,sto/ksq_bydd_trd,20260717,200,0,225,
2026-09-14T05:03:56+00:00,S-12,idx/kospi_dd_trd,20260717,200,0,283,
2026-09-14T05:03:56+00:00,S-12,idx/kosdaq_dd_trd,20260717,200,0,222,
2026-09-14T05:03:56+00:00,S-12,idx/drvprod_dd_trd,20260717,200,0,216,
2026-09-14T05:03:56+00:00,S-12,etp/etf_bydd_trd,20260717,200,1146,431,
2026-09-14T05:03:57+00:00,S-12,drv/opt_bydd_trd,20260717,200,0,225,
2026-09-14T05:03:58+00:00,S-12,sto/stk_bydd_trd,20260604,200,948,1705,
2026-09-14T05:04:00+00:00,S-12,sto/ksq_bydd_trd,20260604,200,1822,1639,
2026-09-14T05:04:00+00:00,S-12,idx/kospi_dd_trd,20260604,200,54,244,
2026-09-14T05:04:01+00:00,S-12,idx/kosdaq_dd_trd,20260604,200,40,238,
2026-09-14T05:04:01+00:00,S-12,idx/drvprod_dd_trd,20260604,200,321,305,
2026-09-14T05:04:01+00:00,S-12,etp/etf_bydd_trd,20260604,200,1136,513,
2026-09-14T05:04:05+00:00,S-12,drv/opt_bydd_trd,20260604,200,18908,3672,
2026-09-14T05:04:05+00:00,S-12,sto/stk_bydd_trd,20260603,200,0,212,
2026-09-14T05:04:05+00:00,S-12,sto/ksq_bydd_trd,20260603,200,0,233,
2026-09-14T05:04:06+00:00,S-12,idx/kospi_dd_trd,20260603,200,0,213,
2026-09-14T05:04:06+00:00,S-12,idx/kosdaq_dd_trd,20260603,200,0,241,
2026-09-14T05:04:06+00:00,S-12,idx/drvprod_dd_trd,20260603,200,0,245,
2026-09-14T05:04:07+00:00,S-12,etp/etf_bydd_trd,20260603,200,1136,439,
2026-09-14T05:04:07+00:00,S-12,drv/opt_bydd_trd,20260603,200,0,218,
2026-09-14T05:04:08+00:00,S-12,sto/stk_bydd_trd,20260602,200,948,1666,
2026-09-14T05:04:10+00:00,S-12,sto/ksq_bydd_trd,20260602,200,1822,1647,
2026-09-14T05:04:10+00:00,S-12,idx/kospi_dd_trd,20260602,200,54,254,
2026-09-14T05:04:11+00:00,S-12,idx/kosdaq_dd_trd,20260602,200,40,311,
2026-09-14T05:04:11+00:00,S-12,idx/drvprod_dd_trd,20260602,200,321,292,
2026-09-14T05:04:12+00:00,S-12,etp/etf_bydd_trd,20260602,200,1136,552,
2026-09-14T05:04:16+00:00,S-12,drv/opt_bydd_trd,20260602,200,18752,4529,
2026-09-14T13:14:34+00:00,S-12,sto/stk_bydd_trd,20260911,200,943,2169,
2026-09-14T13:14:37+00:00,S-12,sto/ksq_bydd_trd,20260911,200,1822,2510,
2026-09-14T13:14:37+00:00,S-12,sto/knx_bydd_trd,20260911,200,108,398,
2026-09-14T13:14:38+00:00,S-12,idx/krx_dd_trd,20260911,200,40,327,
2026-09-14T13:14:38+00:00,S-12,idx/kospi_dd_trd,20260911,200,54,480,
2026-09-14T13:14:39+00:00,S-12,idx/kosdaq_dd_trd,20260911,200,40,365,
2026-09-14T13:14:39+00:00,S-12,idx/bon_dd_trd,20260911,200,3,415,
2026-09-14T13:14:39+00:00,S-12,idx/drvprod_dd_trd,20260911,200,321,417,
2026-09-14T13:14:40+00:00,S-12,etp/etf_bydd_trd,20260911,200,1168,701,
2026-09-14T13:14:41+00:00,S-12,etp/etn_bydd_trd,20260911,200,364,506,
2026-09-14T13:14:41+00:00,S-12,bon/kts_bydd_trd,20260911,200,10,309,
2026-09-14T13:14:41+00:00,S-12,bon/bnd_bydd_trd,20260911,200,291,365,
2026-09-14T13:14:43+00:00,S-12,drv/fut_bydd_trd,20260911,200,385,1526,
2026-09-14T13:14:47+00:00,S-12,drv/opt_bydd_trd,20260911,200,16120,3753,
2026-09-14T13:14:47+00:00,S-12,gen/gold_bydd_trd,20260911,200,2,276,
2026-09-14T13:14:47+00:00,S-12,gen/oil_bydd_trd,20260911,200,3,311,
2026-09-14T13:14:48+00:00,S-12,gen/ets_bydd_trd,20260911,200,19,266,
2026-09-14T13:14:48+00:00,S-12,sto/stk_isu_base_info,20260911,200,943,612,
2026-09-14T13:14:49+00:00,S-12,sto/ksq_isu_base_info,20260911,200,1822,955,
2026-09-14T13:14:50+00:00,S-12,sto/knx_isu_base_info,20260911,200,108,327,
2026-09-14T13:14:50+00:00,S-12,sto/stk_bydd_trd,20260817,200,0,264,
2026-09-14T13:14:50+00:00,S-12,sto/ksq_bydd_trd,20260817,200,0,283,
2026-09-14T13:14:50+00:00,S-12,idx/kospi_dd_trd,20260817,200,0,317,
2026-09-14T13:14:51+00:00,S-12,idx/kosdaq_dd_trd,20260817,200,0,289,
2026-09-14T13:14:51+00:00,S-12,idx/drvprod_dd_trd,20260817,200,0,240,
2026-09-14T13:14:52+00:00,S-12,etp/etf_bydd_trd,20260817,200,1163,534,
2026-09-14T13:14:52+00:00,S-12,drv/opt_bydd_trd,20260817,200,0,313,
2026-09-14T13:14:52+00:00,S-12,sto/stk_bydd_trd,20260717,200,0,293,
2026-09-14T13:14:53+00:00,S-12,sto/ksq_bydd_trd,20260717,200,0,387,
2026-09-14T13:14:54+00:00,S-12,idx/kospi_dd_trd,20260717,200,0,1554,
2026-09-14T13:14:55+00:00,S-12,idx/kosdaq_dd_trd,20260717,200,0,523,
2026-09-14T13:14:55+00:00,S-12,idx/drvprod_dd_trd,20260717,200,0,274,
2026-09-14T13:14:58+00:00,S-12,etp/etf_bydd_trd,20260717,200,1146,2867,
2026-09-14T13:14:58+00:00,S-12,drv/opt_bydd_trd,20260717,200,0,516,
2026-09-14T13:14:59+00:00,S-12,sto/stk_bydd_trd,20260603,200,0,634,
2026-09-14T13:14:59+00:00,S-12,sto/ksq_bydd_trd,20260603,200,0,572,
2026-09-14T13:15:00+00:00,S-12,idx/kospi_dd_trd,20260603,200,0,531,
2026-09-14T13:15:00+00:00,S-12,idx/kosdaq_dd_trd,20260603,200,0,236,
2026-09-14T13:15:01+00:00,S-12,idx/drvprod_dd_trd,20260603,200,0,275,
2026-09-14T13:15:02+00:00,S-12,etp/etf_bydd_trd,20260603,200,1136,1690,
2026-09-14T13:15:03+00:00,S-12,drv/opt_bydd_trd,20260603,200,0,307,
2026-09-14T13:15:04+00:00,S-12,sto/stk_bydd_trd,20260601,200,948,1955,
2026-09-14T13:15:07+00:00,S-12,sto/ksq_bydd_trd,20260601,200,1822,2750,
2026-09-14T13:15:08+00:00,S-12,idx/kospi_dd_trd,20260601,200,54,813,
2026-09-14T13:15:08+00:00,S-12,idx/kosdaq_dd_trd,20260601,200,40,280,
2026-09-14T13:15:09+00:00,S-12,idx/drvprod_dd_trd,20260601,200,321,361,
2026-09-14T13:15:09+00:00,S-12,etp/etf_bydd_trd,20260601,200,1130,692,
2026-09-14T13:15:15+00:00,S-12,drv/opt_bydd_trd,20260601,200,18252,5332,
2026-09-14T13:15:17+00:00,S-12,sto/stk_bydd_trd,20260529,200,948,2021,
2026-09-14T13:15:18+00:00,S-12,sto/ksq_bydd_trd,20260529,200,1822,1556,
2026-09-14T13:15:19+00:00,S-12,idx/kospi_dd_trd,20260529,200,54,314,
2026-09-14T13:15:19+00:00,S-12,idx/kosdaq_dd_trd,20260529,200,40,310,
2026-09-14T13:15:19+00:00,S-12,idx/drvprod_dd_trd,20260529,200,321,402,
2026-09-14T13:15:20+00:00,S-12,etp/etf_bydd_trd,20260529,200,1130,617,
2026-09-14T13:15:24+00:00,S-12,drv/opt_bydd_trd,20260529,200,16900,3692,
2026-09-14T22:28:32+00:00,S-12,sto/stk_bydd_trd,20260914,200,0,1564,
2026-09-14T22:28:33+00:00,S-12,sto/ksq_bydd_trd,20260914,200,0,1264,
2026-09-14T22:28:33+00:00,S-12,sto/knx_bydd_trd,20260914,200,0,470,
2026-09-14T22:28:34+00:00,S-12,idx/krx_dd_trd,20260914,200,0,223,
2026-09-14T22:28:34+00:00,S-12,idx/kospi_dd_trd,20260914,200,0,471,
2026-09-14T22:28:34+00:00,S-12,idx/kosdaq_dd_trd,20260914,200,0,213,
2026-09-14T22:28:35+00:00,S-12,idx/bon_dd_trd,20260914,200,0,583,
2026-09-14T22:28:35+00:00,S-12,idx/drvprod_dd_trd,20260914,200,0,496,
2026-09-14T22:28:36+00:00,S-12,etp/etf_bydd_trd,20260914,200,0,177,
2026-09-14T22:28:36+00:00,S-12,etp/etn_bydd_trd,20260914,200,0,200,
2026-09-14T22:28:36+00:00,S-12,bon/kts_bydd_trd,20260914,200,0,191,
2026-09-14T22:28:36+00:00,S-12,bon/bnd_bydd_trd,20260914,200,0,178,
2026-09-14T22:28:36+00:00,S-12,drv/fut_bydd_trd,20260914,200,0,302,
2026-09-14T22:28:37+00:00,S-12,drv/opt_bydd_trd,20260914,200,0,198,
2026-09-14T22:28:37+00:00,S-12,gen/gold_bydd_trd,20260914,200,0,409,
2026-09-14T22:28:37+00:00,S-12,gen/oil_bydd_trd,20260914,200,0,483,
2026-09-14T22:28:38+00:00,S-12,gen/ets_bydd_trd,20260914,200,0,225,
2026-09-14T22:28:38+00:00,S-12,sto/stk_bydd_trd,20260817,200,0,484,
2026-09-14T22:28:38+00:00,S-12,sto/ksq_bydd_trd,20260817,200,0,174,
2026-09-14T22:28:39+00:00,S-12,idx/kospi_dd_trd,20260817,200,0,197,
2026-09-14T22:28:39+00:00,S-12,idx/kosdaq_dd_trd,20260817,200,0,174,
2026-09-14T22:28:39+00:00,S-12,idx/drvprod_dd_trd,20260817,200,0,174,
2026-09-14T22:28:40+00:00,S-12,etp/etf_bydd_trd,20260817,200,1163,710,
2026-09-14T22:28:40+00:00,S-12,drv/opt_bydd_trd,20260817,200,0,169,
2026-09-14T22:28:40+00:00,S-12,sto/stk_bydd_trd,20260717,200,0,188,
2026-09-14T22:28:40+00:00,S-12,sto/ksq_bydd_trd,20260717,200,0,180,
2026-09-14T22:28:40+00:00,S-12,idx/kospi_dd_trd,20260717,200,0,173,
2026-09-14T22:28:41+00:00,S-12,idx/kosdaq_dd_trd,20260717,200,0,268,
2026-09-14T22:28:41+00:00,S-12,idx/drvprod_dd_trd,20260717,200,0,191,
2026-09-14T22:28:42+00:00,S-12,etp/etf_bydd_trd,20260717,200,1146,734,
2026-09-14T22:28:42+00:00,S-12,drv/opt_bydd_trd,20260717,200,0,182,
2026-09-14T22:28:42+00:00,S-12,sto/stk_bydd_trd,20260603,200,0,183,
2026-09-14T22:28:42+00:00,S-12,sto/ksq_bydd_trd,20260603,200,0,459,
2026-09-14T22:28:43+00:00,S-12,idx/kospi_dd_trd,20260603,200,0,176,
2026-09-14T22:28:43+00:00,S-12,idx/kosdaq_dd_trd,20260603,200,0,228,
2026-09-14T22:28:43+00:00,S-12,idx/drvprod_dd_trd,20260603,200,0,168,
2026-09-14T22:28:43+00:00,S-12,etp/etf_bydd_trd,20260603,200,1136,308,
2026-09-14T22:28:44+00:00,S-12,drv/opt_bydd_trd,20260603,200,0,257,
2026-09-14T22:28:45+00:00,S-12,sto/stk_bydd_trd,20260528,200,948,1416,
2026-09-14T22:28:47+00:00,S-12,sto/ksq_bydd_trd,20260528,200,1822,2514,
2026-09-14T22:28:48+00:00,S-12,idx/kospi_dd_trd,20260528,200,54,204,
2026-09-14T22:28:48+00:00,S-12,idx/kosdaq_dd_trd,20260528,200,40,670,
2026-09-14T22:28:49+00:00,S-12,idx/drvprod_dd_trd,20260528,200,321,507,
2026-09-14T22:28:50+00:00,S-12,etp/etf_bydd_trd,20260528,200,1131,776,
2026-09-14T22:28:52+00:00,S-12,drv/opt_bydd_trd,20260528,200,17648,2284,
2026-09-14T22:28:53+00:00,S-12,sto/stk_bydd_trd,20260527,200,948,1098,
2026-09-14T22:28:54+00:00,S-12,sto/ksq_bydd_trd,20260527,200,1822,1178,
2026-09-14T22:28:54+00:00,S-12,idx/kospi_dd_trd,20260527,200,54,237,
2026-09-14T22:28:55+00:00,S-12,idx/kosdaq_dd_trd,20260527,200,40,234,
2026-09-14T22:28:55+00:00,S-12,idx/drvprod_dd_trd,20260527,200,321,210,
2026-09-14T22:28:56+00:00,S-12,etp/etf_bydd_trd,20260527,200,1131,823,
2026-09-14T22:28:58+00:00,S-12,drv/opt_bydd_trd,20260527,200,16372,2790,
2026-09-15T05:04:23+00:00,S-12,sto/stk_bydd_trd,20260914,200,943,2539,
2026-09-15T05:04:25+00:00,S-12,sto/ksq_bydd_trd,20260914,200,1821,2365,
2026-09-15T05:04:25+00:00,S-12,sto/knx_bydd_trd,20260914,200,108,208,
2026-09-15T05:04:26+00:00,S-12,idx/krx_dd_trd,20260914,200,40,262,
2026-09-15T05:04:26+00:00,S-12,idx/kospi_dd_trd,20260914,200,54,271,
2026-09-15T05:04:26+00:00,S-12,idx/kosdaq_dd_trd,20260914,200,40,226,
2026-09-15T05:04:26+00:00,S-12,idx/bon_dd_trd,20260914,200,3,268,
2026-09-15T05:04:27+00:00,S-12,idx/drvprod_dd_trd,20260914,200,321,348,
2026-09-15T05:04:28+00:00,S-12,etp/etf_bydd_trd,20260914,200,1168,925,
2026-09-15T05:04:28+00:00,S-12,etp/etn_bydd_trd,20260914,200,364,325,
2026-09-15T05:04:28+00:00,S-12,bon/kts_bydd_trd,20260914,200,9,265,
2026-09-15T05:04:29+00:00,S-12,bon/bnd_bydd_trd,20260914,200,284,290,
2026-09-15T05:04:29+00:00,S-12,drv/fut_bydd_trd,20260914,200,385,755,
2026-09-15T05:04:32+00:00,S-12,drv/opt_bydd_trd,20260914,200,16656,2642,
2026-09-15T05:04:32+00:00,S-12,gen/gold_bydd_trd,20260914,200,2,206,
2026-09-15T05:04:32+00:00,S-12,gen/oil_bydd_trd,20260914,200,3,182,
2026-09-15T05:04:33+00:00,S-12,gen/ets_bydd_trd,20260914,200,19,261,
2026-09-15T05:04:33+00:00,S-12,sto/stk_bydd_trd,20260817,200,0,203,
2026-09-15T05:04:33+00:00,S-12,sto/ksq_bydd_trd,20260817,200,0,201,
2026-09-15T05:04:33+00:00,S-12,idx/kospi_dd_trd,20260817,200,0,190,
2026-09-15T05:04:34+00:00,S-12,idx/kosdaq_dd_trd,20260817,200,0,182,
2026-09-15T05:04:34+00:00,S-12,idx/drvprod_dd_trd,20260817,200,0,197,
2026-09-15T05:04:34+00:00,S-12,etp/etf_bydd_trd,20260817,200,1163,344,
2026-09-15T05:04:34+00:00,S-12,drv/opt_bydd_trd,20260817,200,0,188,
2026-09-15T05:04:34+00:00,S-12,sto/stk_bydd_trd,20260717,200,0,188,
2026-09-15T05:04:35+00:00,S-12,sto/ksq_bydd_trd,20260717,200,0,199,
2026-09-15T05:04:35+00:00,S-12,idx/kospi_dd_trd,20260717,200,0,189,
2026-09-15T05:04:35+00:00,S-12,idx/kosdaq_dd_trd,20260717,200,0,201,
2026-09-15T05:04:35+00:00,S-12,idx/drvprod_dd_trd,20260717,200,0,195,
2026-09-15T05:04:36+00:00,S-12,etp/etf_bydd_trd,20260717,200,1146,400,
2026-09-15T05:04:36+00:00,S-12,drv/opt_bydd_trd,20260717,200,0,195,
2026-09-15T05:04:36+00:00,S-12,sto/stk_bydd_trd,20260603,200,0,196,
2026-09-15T05:04:36+00:00,S-12,sto/ksq_bydd_trd,20260603,200,0,181,
2026-09-15T05:04:36+00:00,S-12,idx/kospi_dd_trd,20260603,200,0,176,
2026-09-15T05:04:37+00:00,S-12,idx/kosdaq_dd_trd,20260603,200,0,213,
2026-09-15T05:04:37+00:00,S-12,idx/drvprod_dd_trd,20260603,200,0,171,
2026-09-15T05:04:37+00:00,S-12,etp/etf_bydd_trd,20260603,200,1136,292,
2026-09-15T05:04:37+00:00,S-12,drv/opt_bydd_trd,20260603,200,0,204,
2026-09-15T05:04:39+00:00,S-12,sto/stk_bydd_trd,20260526,200,948,1683,
2026-09-15T05:04:41+00:00,S-12,sto/ksq_bydd_trd,20260526,200,1822,1761,
2026-09-15T05:04:41+00:00,S-12,idx/kospi_dd_trd,20260526,200,54,233,
2026-09-15T05:04:41+00:00,S-12,idx/kosdaq_dd_trd,20260526,200,40,249,
2026-09-15T05:04:42+00:00,S-12,idx/drvprod_dd_trd,20260526,200,321,399,
2026-09-15T05:04:42+00:00,S-12,etp/etf_bydd_trd,20260526,200,1115,796,
2026-09-15T05:04:46+00:00,S-12,drv/opt_bydd_trd,20260526,200,16612,3291,
2026-09-15T05:04:46+00:00,S-12,sto/stk_bydd_trd,20260525,200,0,221,
2026-09-15T05:04:46+00:00,S-12,sto/ksq_bydd_trd,20260525,200,0,189,
2026-09-15T05:04:46+00:00,S-12,idx/kospi_dd_trd,20260525,200,0,176,
2026-09-15T05:04:46+00:00,S-12,idx/kosdaq_dd_trd,20260525,200,0,181,
2026-09-15T05:04:47+00:00,S-12,idx/drvprod_dd_trd,20260525,200,0,202,
2026-09-15T05:04:47+00:00,S-12,etp/etf_bydd_trd,20260525,200,1115,536,
2026-09-15T05:04:47+00:00,S-12,drv/opt_bydd_trd,20260525,200,0,227,
2026-09-15T13:13:23+00:00,S-12,sto/stk_bydd_trd,20260914,200,943,2144,
2026-09-15T13:13:27+00:00,S-12,sto/ksq_bydd_trd,20260914,200,1821,3620,
2026-09-15T13:13:28+00:00,S-12,sto/knx_bydd_trd,20260914,200,108,1247,
2026-09-15T13:13:29+00:00,S-12,idx/krx_dd_trd,20260914,200,40,304,
2026-09-15T13:13:29+00:00,S-12,idx/kospi_dd_trd,20260914,200,54,270,
2026-09-15T13:13:30+00:00,S-12,idx/kosdaq_dd_trd,20260914,200,40,759,
2026-09-15T13:13:30+00:00,S-12,idx/bon_dd_trd,20260914,200,3,331,
2026-09-15T13:13:31+00:00,S-12,idx/drvprod_dd_trd,20260914,200,322,576,
2026-09-15T13:13:32+00:00,S-12,etp/etf_bydd_trd,20260914,200,1168,1798,
2026-09-15T13:13:33+00:00,S-12,etp/etn_bydd_trd,20260914,200,364,329,
2026-09-15T13:13:33+00:00,S-12,bon/kts_bydd_trd,20260914,200,9,238,
2026-09-15T13:13:33+00:00,S-12,bon/bnd_bydd_trd,20260914,200,284,454,
2026-09-15T13:13:34+00:00,S-12,drv/fut_bydd_trd,20260914,200,385,1064,
2026-09-15T13:13:38+00:00,S-12,drv/opt_bydd_trd,20260914,200,16656,3171,
2026-09-15T13:13:38+00:00,S-12,gen/gold_bydd_trd,20260914,200,2,224,
2026-09-15T13:13:38+00:00,S-12,gen/oil_bydd_trd,20260914,200,3,418,
2026-09-15T13:13:39+00:00,S-12,gen/ets_bydd_trd,20260914,200,19,275,
2026-09-15T13:13:39+00:00,S-12,sto/stk_bydd_trd,20260817,200,0,284,
2026-09-15T13:13:39+00:00,S-12,sto/ksq_bydd_trd,20260817,200,0,299,
2026-09-15T13:13:40+00:00,S-12,idx/kospi_dd_trd,20260817,200,0,228,
2026-09-15T13:13:40+00:00,S-12,idx/kosdaq_dd_trd,20260817,200,0,236,
2026-09-15T13:13:40+00:00,S-12,idx/drvprod_dd_trd,20260817,200,0,214,
2026-09-15T13:13:40+00:00,S-12,etp/etf_bydd_trd,20260817,200,1163,514,
2026-09-15T13:13:41+00:00,S-12,drv/opt_bydd_trd,20260817,200,0,355,
2026-09-15T13:13:41+00:00,S-12,sto/stk_bydd_trd,20260717,200,0,217,
2026-09-15T13:13:41+00:00,S-12,sto/ksq_bydd_trd,20260717,200,0,402,
2026-09-15T13:13:42+00:00,S-12,idx/kospi_dd_trd,20260717,200,0,221,
2026-09-15T13:13:42+00:00,S-12,idx/kosdaq_dd_trd,20260717,200,0,226,
2026-09-15T13:13:42+00:00,S-12,idx/drvprod_dd_trd,20260717,200,0,359,
2026-09-15T13:13:43+00:00,S-12,etp/etf_bydd_trd,20260717,200,1146,419,
2026-09-15T13:13:43+00:00,S-12,drv/opt_bydd_trd,20260717,200,0,238,
2026-09-15T13:13:43+00:00,S-12,sto/stk_bydd_trd,20260603,200,0,213,
2026-09-15T13:13:43+00:00,S-12,sto/ksq_bydd_trd,20260603,200,0,274,
2026-09-15T13:13:44+00:00,S-12,idx/kospi_dd_trd,20260603,200,0,211,
2026-09-15T13:13:44+00:00,S-12,idx/kosdaq_dd_trd,20260603,200,0,224,
2026-09-15T13:13:44+00:00,S-12,idx/drvprod_dd_trd,20260603,200,0,247,
2026-09-15T13:13:45+00:00,S-12,etp/etf_bydd_trd,20260603,200,1136,829,
2026-09-15T13:13:45+00:00,S-12,drv/opt_bydd_trd,20260603,200,0,233,
2026-09-15T13:13:45+00:00,S-12,sto/stk_bydd_trd,20260525,200,0,293,
2026-09-15T13:13:46+00:00,S-12,sto/ksq_bydd_trd,20260525,200,0,288,
2026-09-15T13:13:46+00:00,S-12,idx/kospi_dd_trd,20260525,200,0,364,
2026-09-15T13:13:46+00:00,S-12,idx/kosdaq_dd_trd,20260525,200,0,293,
2026-09-15T13:13:47+00:00,S-12,idx/drvprod_dd_trd,20260525,200,0,278,
2026-09-15T13:13:47+00:00,S-12,etp/etf_bydd_trd,20260525,200,1115,461,
2026-09-15T13:13:47+00:00,S-12,drv/opt_bydd_trd,20260525,200,0,244,
2026-09-15T13:13:49+00:00,S-12,sto/stk_bydd_trd,20260522,200,948,1445,
2026-09-15T13:13:50+00:00,S-12,sto/ksq_bydd_trd,20260522,200,1822,1410,
2026-09-15T13:13:51+00:00,S-12,idx/kospi_dd_trd,20260522,200,54,371,
2026-09-15T13:13:51+00:00,S-12,idx/kosdaq_dd_trd,20260522,200,40,237,
2026-09-15T13:13:51+00:00,S-12,idx/drvprod_dd_trd,20260522,200,322,349,
2026-09-15T13:13:52+00:00,S-12,etp/etf_bydd_trd,20260522,200,1115,723,
2026-09-15T13:13:55+00:00,S-12,drv/opt_bydd_trd,20260522,200,16120,3138,
2026-09-15T22:26:42+00:00,S-12,sto/stk_bydd_trd,20260915,200,0,1892,
2026-09-15T22:26:44+00:00,S-12,sto/ksq_bydd_trd,20260915,200,0,1534,
2026-09-15T22:26:44+00:00,S-12,sto/knx_bydd_trd,20260915,200,0,517,
2026-09-15T22:26:45+00:00,S-12,idx/krx_dd_trd,20260915,200,0,192,
2026-09-15T22:26:45+00:00,S-12,idx/kospi_dd_trd,20260915,200,0,347,
2026-09-15T22:26:45+00:00,S-12,idx/kosdaq_dd_trd,20260915,200,0,186,
2026-09-15T22:26:45+00:00,S-12,idx/bon_dd_trd,20260915,200,0,249,
2026-09-15T22:26:46+00:00,S-12,idx/drvprod_dd_trd,20260915,200,0,193,
2026-09-15T22:26:46+00:00,S-12,etp/etf_bydd_trd,20260915,200,0,162,
2026-09-15T22:26:46+00:00,S-12,etp/etn_bydd_trd,20260915,200,0,192,
2026-09-15T22:26:46+00:00,S-12,bon/kts_bydd_trd,20260915,200,0,171,
2026-09-15T22:26:47+00:00,S-12,bon/bnd_bydd_trd,20260915,200,0,434,
2026-09-15T22:26:47+00:00,S-12,drv/fut_bydd_trd,20260915,200,0,531,
2026-09-15T22:26:47+00:00,S-12,drv/opt_bydd_trd,20260915,200,0,184,
2026-09-15T22:26:48+00:00,S-12,gen/gold_bydd_trd,20260915,200,0,169,
2026-09-15T22:26:48+00:00,S-12,gen/oil_bydd_trd,20260915,200,0,169,
2026-09-15T22:26:48+00:00,S-12,gen/ets_bydd_trd,20260915,200,0,198,
2026-09-15T22:26:48+00:00,S-12,sto/stk_bydd_trd,20260817,200,0,378,
2026-09-15T22:26:48+00:00,S-12,sto/ksq_bydd_trd,20260817,200,0,169,
2026-09-15T22:26:49+00:00,S-12,idx/kospi_dd_trd,20260817,200,0,162,
2026-09-15T22:26:49+00:00,S-12,idx/kosdaq_dd_trd,20260817,200,0,435,
2026-09-15T22:26:49+00:00,S-12,idx/drvprod_dd_trd,20260817,200,0,164,
2026-09-15T22:26:50+00:00,S-12,etp/etf_bydd_trd,20260817,200,1163,866,
2026-09-15T22:26:50+00:00,S-12,drv/opt_bydd_trd,20260817,200,0,423,
2026-09-15T22:26:51+00:00,S-12,sto/stk_bydd_trd,20260717,200,0,379,
2026-09-15T22:26:51+00:00,S-12,sto/ksq_bydd_trd,20260717,200,0,469,
2026-09-15T22:26:52+00:00,S-12,idx/kospi_dd_trd,20260717,200,0,180,
2026-09-15T22:26:52+00:00,S-12,idx/kosdaq_dd_trd,20260717,200,0,186,
2026-09-15T22:26:52+00:00,S-12,idx/drvprod_dd_trd,20260717,200,0,383,
2026-09-15T22:26:53+00:00,S-12,etp/etf_bydd_trd,20260717,200,1146,906,
2026-09-15T22:26:53+00:00,S-12,drv/opt_bydd_trd,20260717,200,0,176,
2026-09-15T22:26:54+00:00,S-12,sto/stk_bydd_trd,20260603,200,0,776,
2026-09-15T22:26:54+00:00,S-12,sto/ksq_bydd_trd,20260603,200,0,179,
2026-09-15T22:26:54+00:00,S-12,idx/kospi_dd_trd,20260603,200,0,196,
2026-09-15T22:26:54+00:00,S-12,idx/kosdaq_dd_trd,20260603,200,0,168,
2026-09-15T22:26:55+00:00,S-12,idx/drvprod_dd_trd,20260603,200,0,164,
2026-09-15T22:26:55+00:00,S-12,etp/etf_bydd_trd,20260603,200,1136,460,
2026-09-15T22:26:55+00:00,S-12,drv/opt_bydd_trd,20260603,200,0,166,
2026-09-15T22:26:55+00:00,S-12,sto/stk_bydd_trd,20260525,200,0,164,
2026-09-15T22:26:56+00:00,S-12,sto/ksq_bydd_trd,20260525,200,0,164,
2026-09-15T22:26:56+00:00,S-12,idx/kospi_dd_trd,20260525,200,0,168,
2026-09-15T22:26:56+00:00,S-12,idx/kosdaq_dd_trd,20260525,200,0,166,
2026-09-15T22:26:56+00:00,S-12,idx/drvprod_dd_trd,20260525,200,0,423,
2026-09-15T22:26:57+00:00,S-12,etp/etf_bydd_trd,20260525,200,1115,907,
2026-09-15T22:26:58+00:00,S-12,drv/opt_bydd_trd,20260525,200,0,423,
2026-09-15T22:26:59+00:00,S-12,sto/stk_bydd_trd,20260521,200,948,1702,
2026-09-15T22:27:01+00:00,S-12,sto/ksq_bydd_trd,20260521,200,1822,1294,
2026-09-15T22:27:01+00:00,S-12,idx/kospi_dd_trd,20260521,200,54,647,
2026-09-15T22:27:02+00:00,S-12,idx/kosdaq_dd_trd,20260521,200,40,221,
2026-09-15T22:27:02+00:00,S-12,idx/drvprod_dd_trd,20260521,200,322,239,
2026-09-15T22:27:02+00:00,S-12,etp/etf_bydd_trd,20260521,200,1115,509,
2026-09-15T22:27:06+00:00,S-12,drv/opt_bydd_trd,20260521,200,16540,3435,
2026-09-16T05:03:51+00:00,S-12,sto/stk_bydd_trd,20260915,200,943,2557,
2026-09-16T05:03:53+00:00,S-12,sto/ksq_bydd_trd,20260915,200,1820,2236,
2026-09-16T05:03:53+00:00,S-12,sto/knx_bydd_trd,20260915,200,108,288,
2026-09-16T05:03:54+00:00,S-12,idx/krx_dd_trd,20260915,200,40,350,
2026-09-16T05:03:54+00:00,S-12,idx/kospi_dd_trd,20260915,200,54,306,
2026-09-16T05:03:54+00:00,S-12,idx/kosdaq_dd_trd,20260915,200,40,308,
2026-09-16T05:03:55+00:00,S-12,idx/bon_dd_trd,20260915,200,3,310,
2026-09-16T05:03:55+00:00,S-12,idx/drvprod_dd_trd,20260915,200,322,304,
2026-09-16T05:03:55+00:00,S-12,etp/etf_bydd_trd,20260915,200,1171,507,
2026-09-16T05:03:56+00:00,S-12,etp/etn_bydd_trd,20260915,200,364,447,
2026-09-16T05:03:56+00:00,S-12,bon/kts_bydd_trd,20260915,200,13,302,
2026-09-16T05:03:57+00:00,S-12,bon/bnd_bydd_trd,20260915,200,276,312,
2026-09-16T05:03:58+00:00,S-12,drv/fut_bydd_trd,20260915,200,385,1062,
2026-09-16T05:04:01+00:00,S-12,drv/opt_bydd_trd,20260915,200,16292,3479,
2026-09-16T05:04:02+00:00,S-12,gen/gold_bydd_trd,20260915,200,2,253,
2026-09-16T05:04:02+00:00,S-12,gen/oil_bydd_trd,20260915,200,3,318,
2026-09-16T05:04:02+00:00,S-12,gen/ets_bydd_trd,20260915,200,19,243,
2026-09-16T05:04:02+00:00,S-12,sto/stk_bydd_trd,20260817,200,0,221,
2026-09-16T05:04:03+00:00,S-12,sto/ksq_bydd_trd,20260817,200,0,250,
2026-09-16T05:04:03+00:00,S-12,idx/kospi_dd_trd,20260817,200,0,298,
2026-09-16T05:04:03+00:00,S-12,idx/kosdaq_dd_trd,20260817,200,0,225,
2026-09-16T05:04:03+00:00,S-12,idx/drvprod_dd_trd,20260817,200,0,273,
2026-09-16T05:04:04+00:00,S-12,etp/etf_bydd_trd,20260817,200,1163,464,
2026-09-16T05:04:04+00:00,S-12,drv/opt_bydd_trd,20260817,200,0,231,
2026-09-16T05:04:04+00:00,S-12,sto/stk_bydd_trd,20260717,200,0,254,
2026-09-16T05:04:05+00:00,S-12,sto/ksq_bydd_trd,20260717,200,0,246,
2026-09-16T05:04:05+00:00,S-12,idx/kospi_dd_trd,20260717,200,0,217,
2026-09-16T05:04:05+00:00,S-12,idx/kosdaq_dd_trd,20260717,200,0,312,
2026-09-16T05:04:05+00:00,S-12,idx/drvprod_dd_trd,20260717,200,0,254,
2026-09-16T05:04:06+00:00,S-12,etp/etf_bydd_trd,20260717,200,1146,368,
2026-09-16T05:04:06+00:00,S-12,drv/opt_bydd_trd,20260717,200,0,253,
2026-09-16T05:04:06+00:00,S-12,sto/stk_bydd_trd,20260603,200,0,228,
2026-09-16T05:04:06+00:00,S-12,sto/ksq_bydd_trd,20260603,200,0,238,
2026-09-16T05:04:07+00:00,S-12,idx/kospi_dd_trd,20260603,200,0,239,
2026-09-16T05:04:07+00:00,S-12,idx/kosdaq_dd_trd,20260603,200,0,248,
2026-09-16T05:04:07+00:00,S-12,idx/drvprod_dd_trd,20260603,200,0,245,
2026-09-16T05:04:08+00:00,S-12,etp/etf_bydd_trd,20260603,200,1136,513,
2026-09-16T05:04:08+00:00,S-12,drv/opt_bydd_trd,20260603,200,0,249,
2026-09-16T05:04:08+00:00,S-12,sto/stk_bydd_trd,20260525,200,0,261,
2026-09-16T05:04:08+00:00,S-12,sto/ksq_bydd_trd,20260525,200,0,231,
2026-09-16T05:04:09+00:00,S-12,idx/kospi_dd_trd,20260525,200,0,236,
2026-09-16T05:04:09+00:00,S-12,idx/kosdaq_dd_trd,20260525,200,0,484,
2026-09-16T05:04:09+00:00,S-12,idx/drvprod_dd_trd,20260525,200,0,221,
2026-09-16T05:04:10+00:00,S-12,etp/etf_bydd_trd,20260525,200,1115,426,
2026-09-16T05:04:10+00:00,S-12,drv/opt_bydd_trd,20260525,200,0,219,
2026-09-16T05:04:12+00:00,S-12,sto/stk_bydd_trd,20260520,200,948,1488,
2026-09-16T05:04:13+00:00,S-12,sto/ksq_bydd_trd,20260520,200,1822,1326,
2026-09-16T05:04:13+00:00,S-12,idx/kospi_dd_trd,20260520,200,54,277,
2026-09-16T05:04:14+00:00,S-12,idx/kosdaq_dd_trd,20260520,200,40,373,
2026-09-16T05:04:14+00:00,S-12,idx/drvprod_dd_trd,20260520,200,322,527,
2026-09-16T05:04:15+00:00,S-12,etp/etf_bydd_trd,20260520,200,1115,655,
2026-09-16T05:04:19+00:00,S-12,drv/opt_bydd_trd,20260520,200,16020,4316,
2026-09-16T13:13:34+00:00,S-12,sto/stk_bydd_trd,20260915,200,943,3378,
2026-09-16T13:13:38+00:00,S-12,sto/ksq_bydd_trd,20260915,200,1820,3152,
2026-09-16T13:13:38+00:00,S-12,sto/knx_bydd_trd,20260915,200,108,354,
2026-09-16T13:13:38+00:00,S-12,idx/krx_dd_trd,20260915,200,40,337,
2026-09-16T13:13:39+00:00,S-12,idx/kospi_dd_trd,20260915,200,54,288,
2026-09-16T13:13:39+00:00,S-12,idx/kosdaq_dd_trd,20260915,200,40,342,
2026-09-16T13:13:39+00:00,S-12,idx/bon_dd_trd,20260915,200,3,402,
2026-09-16T13:13:40+00:00,S-12,idx/drvprod_dd_trd,20260915,200,322,412,
2026-09-16T13:13:41+00:00,S-12,etp/etf_bydd_trd,20260915,200,1171,1320,
2026-09-16T13:13:42+00:00,S-12,etp/etn_bydd_trd,20260915,200,364,1207,
2026-09-16T13:13:43+00:00,S-12,bon/kts_bydd_trd,20260915,200,13,300,
2026-09-16T13:13:43+00:00,S-12,bon/bnd_bydd_trd,20260915,200,276,409,
2026-09-16T13:13:44+00:00,S-12,drv/fut_bydd_trd,20260915,200,385,929,
2026-09-16T13:13:47+00:00,S-12,drv/opt_bydd_trd,20260915,200,16292,2948,
2026-09-16T13:13:47+00:00,S-12,gen/gold_bydd_trd,20260915,200,2,260,
2026-09-16T13:13:48+00:00,S-12,gen/oil_bydd_trd,20260915,200,3,311,
2026-09-16T13:13:48+00:00,S-12,gen/ets_bydd_trd,20260915,200,19,258,
2026-09-16T13:13:48+00:00,S-12,sto/stk_bydd_trd,20260817,200,0,257,
2026-09-16T13:13:48+00:00,S-12,sto/ksq_bydd_trd,20260817,200,0,267,
2026-09-16T13:13:49+00:00,S-12,idx/kospi_dd_trd,20260817,200,0,257,
2026-09-16T13:13:49+00:00,S-12,idx/kosdaq_dd_trd,20260817,200,0,287,
2026-09-16T13:13:49+00:00,S-12,idx/drvprod_dd_trd,20260817,200,0,280,
2026-09-16T13:13:50+00:00,S-12,etp/etf_bydd_trd,20260817,200,1163,644,
2026-09-16T13:13:50+00:00,S-12,drv/opt_bydd_trd,20260817,200,0,361,
2026-09-16T13:13:51+00:00,S-12,sto/stk_bydd_trd,20260717,200,0,253,
2026-09-16T13:13:51+00:00,S-12,sto/ksq_bydd_trd,20260717,200,0,247,
2026-09-16T13:13:51+00:00,S-12,idx/kospi_dd_trd,20260717,200,0,277,
2026-09-16T13:13:51+00:00,S-12,idx/kosdaq_dd_trd,20260717,200,0,283,
2026-09-16T13:13:52+00:00,S-12,idx/drvprod_dd_trd,20260717,200,0,281,
2026-09-16T13:13:52+00:00,S-12,etp/etf_bydd_trd,20260717,200,1146,685,
2026-09-16T13:13:53+00:00,S-12,drv/opt_bydd_trd,20260717,200,0,279,
2026-09-16T13:13:53+00:00,S-12,sto/stk_bydd_trd,20260603,200,0,399,
2026-09-16T13:13:53+00:00,S-12,sto/ksq_bydd_trd,20260603,200,0,276,
2026-09-16T13:13:54+00:00,S-12,idx/kospi_dd_trd,20260603,200,0,245,
2026-09-16T13:13:54+00:00,S-12,idx/kosdaq_dd_trd,20260603,200,0,265,
2026-09-16T13:13:54+00:00,S-12,idx/drvprod_dd_trd,20260603,200,0,251,
2026-09-16T13:13:55+00:00,S-12,etp/etf_bydd_trd,20260603,200,1136,499,
2026-09-16T13:13:55+00:00,S-12,drv/opt_bydd_trd,20260603,200,0,387,
2026-09-16T13:13:55+00:00,S-12,sto/stk_bydd_trd,20260525,200,0,315,
2026-09-16T13:13:56+00:00,S-12,sto/ksq_bydd_trd,20260525,200,0,285,
2026-09-16T13:13:56+00:00,S-12,idx/kospi_dd_trd,20260525,200,0,245,
2026-09-16T13:13:56+00:00,S-12,idx/kosdaq_dd_trd,20260525,200,0,249,
2026-09-16T13:13:56+00:00,S-12,idx/drvprod_dd_trd,20260525,200,0,264,
2026-09-16T13:13:57+00:00,S-12,etp/etf_bydd_trd,20260525,200,1115,575,
2026-09-16T13:13:57+00:00,S-12,drv/opt_bydd_trd,20260525,200,0,307,
2026-09-16T13:13:59+00:00,S-12,sto/stk_bydd_trd,20260519,200,948,1751,
2026-09-16T13:14:01+00:00,S-12,sto/ksq_bydd_trd,20260519,200,1821,1776,
2026-09-16T13:14:01+00:00,S-12,idx/kospi_dd_trd,20260519,200,54,312,
2026-09-16T13:14:01+00:00,S-12,idx/kosdaq_dd_trd,20260519,200,40,281,
2026-09-16T13:14:02+00:00,S-12,idx/drvprod_dd_trd,20260519,200,322,300,
2026-09-16T13:14:02+00:00,S-12,etp/etf_bydd_trd,20260519,200,1115,655,
2026-09-16T13:14:08+00:00,S-12,drv/opt_bydd_trd,20260519,200,15848,6103,
2026-09-16T22:26:34+00:00,S-12,sto/stk_bydd_trd,20260916,200,0,1754,
2026-09-16T22:26:36+00:00,S-12,sto/ksq_bydd_trd,20260916,200,0,1482,
2026-09-16T22:26:36+00:00,S-12,sto/knx_bydd_trd,20260916,200,0,391,
2026-09-16T22:26:36+00:00,S-12,idx/krx_dd_trd,20260916,200,0,248,
2026-09-16T22:26:36+00:00,S-12,idx/kospi_dd_trd,20260916,200,0,250,
2026-09-16T22:26:37+00:00,S-12,idx/kosdaq_dd_trd,20260916,200,0,294,
2026-09-16T22:26:37+00:00,S-12,idx/bon_dd_trd,20260916,200,0,379,
2026-09-16T22:26:37+00:00,S-12,idx/drvprod_dd_trd,20260916,200,0,354,
2026-09-16T22:26:38+00:00,S-12,etp/etf_bydd_trd,20260916,200,0,236,
2026-09-16T22:26:38+00:00,S-12,etp/etn_bydd_trd,20260916,200,0,267,
2026-09-16T22:26:38+00:00,S-12,bon/kts_bydd_trd,20260916,200,0,239,
2026-09-16T22:26:38+00:00,S-12,bon/bnd_bydd_trd,20260916,200,0,258,
2026-09-16T22:26:39+00:00,S-12,drv/fut_bydd_trd,20260916,200,0,357,
2026-09-16T22:26:39+00:00,S-12,drv/opt_bydd_trd,20260916,200,0,276,
2026-09-16T22:26:39+00:00,S-12,gen/gold_bydd_trd,20260916,200,0,238,
2026-09-16T22:26:40+00:00,S-12,gen/oil_bydd_trd,20260916,200,0,252,
2026-09-16T22:26:40+00:00,S-12,gen/ets_bydd_trd,20260916,200,0,383,
2026-09-16T22:26:40+00:00,S-12,sto/stk_bydd_trd,20260817,200,0,221,
2026-09-16T22:26:41+00:00,S-12,sto/ksq_bydd_trd,20260817,200,0,370,
2026-09-16T22:26:41+00:00,S-12,idx/kospi_dd_trd,20260817,200,0,219,
2026-09-16T22:26:41+00:00,S-12,idx/kosdaq_dd_trd,20260817,200,0,218,
2026-09-16T22:26:41+00:00,S-12,idx/drvprod_dd_trd,20260817,200,0,232,
2026-09-16T22:26:42+00:00,S-12,etp/etf_bydd_trd,20260817,200,1163,1104,
2026-09-16T22:26:43+00:00,S-12,drv/opt_bydd_trd,20260817,200,0,312,
2026-09-16T22:26:43+00:00,S-12,sto/stk_bydd_trd,20260717,200,0,236,
2026-09-16T22:26:43+00:00,S-12,sto/ksq_bydd_trd,20260717,200,0,210,
2026-09-16T22:26:43+00:00,S-12,idx/kospi_dd_trd,20260717,200,0,242,
2026-09-16T22:26:44+00:00,S-12,idx/kosdaq_dd_trd,20260717,200,0,219,
2026-09-16T22:26:44+00:00,S-12,idx/drvprod_dd_trd,20260717,200,0,339,
2026-09-16T22:26:44+00:00,S-12,etp/etf_bydd_trd,20260717,200,1146,509,
2026-09-16T22:26:45+00:00,S-12,drv/opt_bydd_trd,20260717,200,0,228,
2026-09-16T22:26:45+00:00,S-12,sto/stk_bydd_trd,20260603,200,0,223,
2026-09-16T22:26:46+00:00,S-12,sto/ksq_bydd_trd,20260603,200,0,686,
2026-09-16T22:26:46+00:00,S-12,idx/kospi_dd_trd,20260603,200,0,236,
2026-09-16T22:26:46+00:00,S-12,idx/kosdaq_dd_trd,20260603,200,0,252,
2026-09-16T22:26:46+00:00,S-12,idx/drvprod_dd_trd,20260603,200,0,215,
2026-09-16T22:26:47+00:00,S-12,etp/etf_bydd_trd,20260603,200,1136,430,
2026-09-16T22:26:47+00:00,S-12,drv/opt_bydd_trd,20260603,200,0,257,
2026-09-16T22:26:47+00:00,S-12,sto/stk_bydd_trd,20260525,200,0,296,
2026-09-16T22:26:47+00:00,S-12,sto/ksq_bydd_trd,20260525,200,0,211,
2026-09-16T22:26:48+00:00,S-12,idx/kospi_dd_trd,20260525,200,0,286,
2026-09-16T22:26:48+00:00,S-12,idx/kosdaq_dd_trd,20260525,200,0,213,
2026-09-16T22:26:48+00:00,S-12,idx/drvprod_dd_trd,20260525,200,0,213,
2026-09-16T22:26:49+00:00,S-12,etp/etf_bydd_trd,20260525,200,1115,470,
2026-09-16T22:26:49+00:00,S-12,drv/opt_bydd_trd,20260525,200,0,270,
2026-09-16T22:26:50+00:00,S-12,sto/stk_bydd_trd,20260518,200,948,1146,
2026-09-16T22:26:52+00:00,S-12,sto/ksq_bydd_trd,20260518,200,1822,1450,
2026-09-16T22:26:52+00:00,S-12,idx/kospi_dd_trd,20260518,200,54,293,
2026-09-16T22:26:52+00:00,S-12,idx/kosdaq_dd_trd,20260518,200,40,339,
2026-09-16T22:26:52+00:00,S-12,idx/drvprod_dd_trd,20260518,200,322,288,
2026-09-16T22:26:53+00:00,S-12,etp/etf_bydd_trd,20260518,200,1107,672,
2026-09-16T22:26:57+00:00,S-12,drv/opt_bydd_trd,20260518,200,16444,4143,
2026-09-17T05:04:16+00:00,S-12,sto/stk_bydd_trd,20260916,200,943,5727,
2026-09-17T05:04:22+00:00,S-12,sto/ksq_bydd_trd,20260916,200,1820,5546,
2026-09-17T05:04:22+00:00,S-12,sto/knx_bydd_trd,20260916,200,108,299,
2026-09-17T05:04:23+00:00,S-12,idx/krx_dd_trd,20260916,200,40,434,
2026-09-17T05:04:23+00:00,S-12,idx/kospi_dd_trd,20260916,200,54,379,
2026-09-17T05:04:23+00:00,S-12,idx/kosdaq_dd_trd,20260916,200,40,469,
2026-09-17T05:04:24+00:00,S-12,idx/bon_dd_trd,20260916,200,3,520,
2026-09-17T05:04:24+00:00,S-12,idx/drvprod_dd_trd,20260916,200,322,421,
2026-09-17T05:04:25+00:00,S-12,etp/etf_bydd_trd,20260916,200,1171,988,
2026-09-17T05:04:26+00:00,S-12,etp/etn_bydd_trd,20260916,200,364,673,
2026-09-17T05:04:26+00:00,S-12,bon/kts_bydd_trd,20260916,200,10,319,
2026-09-17T05:04:27+00:00,S-12,bon/bnd_bydd_trd,20260916,200,328,453,
2026-09-17T05:04:28+00:00,S-12,drv/fut_bydd_trd,20260916,200,385,1150,
2026-09-17T05:04:31+00:00,S-12,drv/opt_bydd_trd,20260916,200,16332,3332,
2026-09-17T05:04:32+00:00,S-12,gen/gold_bydd_trd,20260916,200,2,467,
2026-09-17T05:04:32+00:00,S-12,gen/oil_bydd_trd,20260916,200,3,283,
2026-09-17T05:04:33+00:00,S-12,gen/ets_bydd_trd,20260916,200,19,354,
2026-09-17T05:04:33+00:00,S-12,sto/stk_bydd_trd,20260817,200,0,308,
2026-09-17T05:04:33+00:00,S-12,sto/ksq_bydd_trd,20260817,200,0,269,
2026-09-17T05:04:33+00:00,S-12,idx/kospi_dd_trd,20260817,200,0,256,
2026-09-17T05:04:34+00:00,S-12,idx/kosdaq_dd_trd,20260817,200,0,336,
2026-09-17T05:04:34+00:00,S-12,idx/drvprod_dd_trd,20260817,200,0,296,
2026-09-17T05:04:35+00:00,S-12,etp/etf_bydd_trd,20260817,200,1163,625,
2026-09-17T05:04:35+00:00,S-12,drv/opt_bydd_trd,20260817,200,0,268,
2026-09-17T05:04:35+00:00,S-12,sto/stk_bydd_trd,20260717,200,0,284,
2026-09-17T05:04:36+00:00,S-12,sto/ksq_bydd_trd,20260717,200,0,297,
2026-09-17T05:04:36+00:00,S-12,idx/kospi_dd_trd,20260717,200,0,269,
2026-09-17T05:04:36+00:00,S-12,idx/kosdaq_dd_trd,20260717,200,0,252,
2026-09-17T05:04:36+00:00,S-12,idx/drvprod_dd_trd,20260717,200,0,282,
2026-09-17T05:04:37+00:00,S-12,etp/etf_bydd_trd,20260717,200,1146,565,
2026-09-17T05:04:37+00:00,S-12,drv/opt_bydd_trd,20260717,200,0,312,
2026-09-17T05:04:38+00:00,S-12,sto/stk_bydd_trd,20260603,200,0,257,
2026-09-17T05:04:38+00:00,S-12,sto/ksq_bydd_trd,20260603,200,0,297,
2026-09-17T05:04:38+00:00,S-12,idx/kospi_dd_trd,20260603,200,0,299,
2026-09-17T05:04:38+00:00,S-12,idx/kosdaq_dd_trd,20260603,200,0,330,
2026-09-17T05:04:39+00:00,S-12,idx/drvprod_dd_trd,20260603,200,0,312,
2026-09-17T05:04:39+00:00,S-12,etp/etf_bydd_trd,20260603,200,1136,512,
2026-09-17T05:04:40+00:00,S-12,drv/opt_bydd_trd,20260603,200,0,302,
2026-09-17T05:04:40+00:00,S-12,sto/stk_bydd_trd,20260525,200,0,277,
2026-09-17T05:04:40+00:00,S-12,sto/ksq_bydd_trd,20260525,200,0,293,
2026-09-17T05:04:40+00:00,S-12,idx/kospi_dd_trd,20260525,200,0,342,
2026-09-17T05:04:41+00:00,S-12,idx/kosdaq_dd_trd,20260525,200,0,270,
2026-09-17T05:04:41+00:00,S-12,idx/drvprod_dd_trd,20260525,200,0,316,
2026-09-17T05:04:42+00:00,S-12,etp/etf_bydd_trd,20260525,200,1115,563,
2026-09-17T05:04:42+00:00,S-12,drv/opt_bydd_trd,20260525,200,0,248,
2026-09-17T05:04:44+00:00,S-12,sto/stk_bydd_trd,20260515,200,948,2211,
2026-09-17T05:04:47+00:00,S-12,sto/ksq_bydd_trd,20260515,200,1822,2543,
2026-09-17T05:04:47+00:00,S-12,idx/kospi_dd_trd,20260515,200,54,303,
2026-09-17T05:04:47+00:00,S-12,idx/kosdaq_dd_trd,20260515,200,40,341,
2026-09-17T05:04:48+00:00,S-12,idx/drvprod_dd_trd,20260515,200,322,355,
2026-09-17T05:04:49+00:00,S-12,etp/etf_bydd_trd,20260515,200,1107,944,
2026-09-17T05:04:53+00:00,S-12,drv/opt_bydd_trd,20260515,200,15720,4293,
2026-09-17T13:13:20+00:00,S-12,sto/stk_bydd_trd,20260916,200,943,2999,
2026-09-17T13:13:24+00:00,S-12,sto/ksq_bydd_trd,20260916,200,1820,3351,
2026-09-17T13:13:24+00:00,S-12,sto/knx_bydd_trd,20260916,200,108,292,
2026-09-17T13:13:25+00:00,S-12,idx/krx_dd_trd,20260916,200,40,579,
2026-09-17T13:13:25+00:00,S-12,idx/kospi_dd_trd,20260916,200,54,953,
2026-09-17T13:13:26+00:00,S-12,idx/kosdaq_dd_trd,20260916,200,40,306,
2026-09-17T13:13:26+00:00,S-12,idx/bon_dd_trd,20260916,200,3,443,
2026-09-17T13:13:27+00:00,S-12,idx/drvprod_dd_trd,20260916,200,322,330,
2026-09-17T13:13:27+00:00,S-12,etp/etf_bydd_trd,20260916,200,1171,624,
2026-09-17T13:13:28+00:00,S-12,etp/etn_bydd_trd,20260916,200,364,532,
2026-09-17T13:13:28+00:00,S-12,bon/kts_bydd_trd,20260916,200,10,325,
2026-09-17T13:13:29+00:00,S-12,bon/bnd_bydd_trd,20260916,200,328,925,
2026-09-17T13:13:30+00:00,S-12,drv/fut_bydd_trd,20260916,200,385,942,
2026-09-17T13:13:33+00:00,S-12,drv/opt_bydd_trd,20260916,200,16332,3481,
2026-09-17T13:13:34+00:00,S-12,gen/gold_bydd_trd,20260916,200,2,287,
2026-09-17T13:13:34+00:00,S-12,gen/oil_bydd_trd,20260916,200,3,250,
2026-09-17T13:13:34+00:00,S-12,gen/ets_bydd_trd,20260916,200,19,265,
2026-09-17T13:13:35+00:00,S-12,sto/stk_bydd_trd,20260817,200,0,216,
2026-09-17T13:13:35+00:00,S-12,sto/ksq_bydd_trd,20260817,200,0,251,
2026-09-17T13:13:35+00:00,S-12,idx/kospi_dd_trd,20260817,200,0,236,
2026-09-17T13:13:35+00:00,S-12,idx/kosdaq_dd_trd,20260817,200,0,241,
2026-09-17T13:13:36+00:00,S-12,idx/drvprod_dd_trd,20260817,200,0,302,
2026-09-17T13:13:36+00:00,S-12,etp/etf_bydd_trd,20260817,200,1163,521,
2026-09-17T13:13:37+00:00,S-12,drv/opt_bydd_trd,20260817,200,0,366,
2026-09-17T13:13:37+00:00,S-12,sto/stk_bydd_trd,20260717,200,0,208,
2026-09-17T13:13:37+00:00,S-12,sto/ksq_bydd_trd,20260717,200,0,292,
2026-09-17T13:13:37+00:00,S-12,idx/kospi_dd_trd,20260717,200,0,293,
2026-09-17T13:13:38+00:00,S-12,idx/kosdaq_dd_trd,20260717,200,0,448,
2026-09-17T13:13:38+00:00,S-12,idx/drvprod_dd_trd,20260717,200,0,235,
2026-09-17T13:13:39+00:00,S-12,etp/etf_bydd_trd,20260717,200,1146,685,
2026-09-17T13:13:39+00:00,S-12,drv/opt_bydd_trd,20260717,200,0,216,
2026-09-17T13:13:39+00:00,S-12,sto/stk_bydd_trd,20260603,200,0,228,
2026-09-17T13:13:39+00:00,S-12,sto/ksq_bydd_trd,20260603,200,0,245,
2026-09-17T13:13:40+00:00,S-12,idx/kospi_dd_trd,20260603,200,0,251,
2026-09-17T13:13:40+00:00,S-12,idx/kosdaq_dd_trd,20260603,200,0,276,
2026-09-17T13:13:40+00:00,S-12,idx/drvprod_dd_trd,20260603,200,0,221,
2026-09-17T13:13:41+00:00,S-12,etp/etf_bydd_trd,20260603,200,1136,482,
2026-09-17T13:13:41+00:00,S-12,drv/opt_bydd_trd,20260603,200,0,221,
2026-09-17T13:13:41+00:00,S-12,sto/stk_bydd_trd,20260525,200,0,258,
2026-09-17T13:13:41+00:00,S-12,sto/ksq_bydd_trd,20260525,200,0,332,
2026-09-17T13:13:42+00:00,S-12,idx/kospi_dd_trd,20260525,200,0,211,
2026-09-17T13:13:42+00:00,S-12,idx/kosdaq_dd_trd,20260525,200,0,237,
2026-09-17T13:13:42+00:00,S-12,idx/drvprod_dd_trd,20260525,200,0,278,
2026-09-17T13:13:43+00:00,S-12,etp/etf_bydd_trd,20260525,200,1115,513,
2026-09-17T13:13:43+00:00,S-12,drv/opt_bydd_trd,20260525,200,0,222,
2026-09-17T13:13:45+00:00,S-12,sto/stk_bydd_trd,20260514,200,948,1888,
2026-09-17T13:13:47+00:00,S-12,sto/ksq_bydd_trd,20260514,200,1822,2013,
2026-09-17T13:13:47+00:00,S-12,idx/kospi_dd_trd,20260514,200,54,259,
2026-09-17T13:13:47+00:00,S-12,idx/kosdaq_dd_trd,20260514,200,40,260,
2026-09-17T13:13:48+00:00,S-12,idx/drvprod_dd_trd,20260514,200,322,273,
2026-09-17T13:13:48+00:00,S-12,etp/etf_bydd_trd,20260514,200,1107,752,
2026-09-17T13:13:53+00:00,S-12,drv/opt_bydd_trd,20260514,200,16732,4768,
2026-09-17T22:25:17+00:00,S-12,sto/stk_bydd_trd,20260917,200,0,1729,
2026-09-17T22:25:19+00:00,S-12,sto/ksq_bydd_trd,20260917,200,0,1710,
2026-09-17T22:25:19+00:00,S-12,sto/knx_bydd_trd,20260917,200,0,304,
2026-09-17T22:25:19+00:00,S-12,idx/krx_dd_trd,20260917,200,0,263,
2026-09-17T22:25:20+00:00,S-12,idx/kospi_dd_trd,20260917,200,0,330,
2026-09-17T22:25:20+00:00,S-12,idx/kosdaq_dd_trd,20260917,200,0,347,
2026-09-17T22:25:20+00:00,S-12,idx/bon_dd_trd,20260917,200,0,295,
2026-09-17T22:25:21+00:00,S-12,idx/drvprod_dd_trd,20260917,200,0,359,
2026-09-17T22:25:21+00:00,S-12,etp/etf_bydd_trd,20260917,200,0,311,
2026-09-17T22:25:22+00:00,S-12,etp/etn_bydd_trd,20260917,200,0,402,
2026-09-17T22:25:22+00:00,S-12,bon/kts_bydd_trd,20260917,200,0,257,
2026-09-17T22:25:22+00:00,S-12,bon/bnd_bydd_trd,20260917,200,0,356,
2026-09-17T22:25:23+00:00,S-12,drv/fut_bydd_trd,20260917,200,0,447,
2026-09-17T22:25:23+00:00,S-12,drv/opt_bydd_trd,20260917,200,0,412,
2026-09-17T22:25:23+00:00,S-12,gen/gold_bydd_trd,20260917,200,0,253,
2026-09-17T22:25:24+00:00,S-12,gen/oil_bydd_trd,20260917,200,0,305,
2026-09-17T22:25:24+00:00,S-12,gen/ets_bydd_trd,20260917,200,0,246,
2026-09-17T22:25:26+00:00,S-12,sto/stk_bydd_trd,20260817,200,0,1800,
2026-09-17T22:25:26+00:00,S-12,sto/ksq_bydd_trd,20260817,200,0,257,
2026-09-17T22:25:26+00:00,S-12,idx/kospi_dd_trd,20260817,200,0,403,
2026-09-17T22:25:27+00:00,S-12,idx/kosdaq_dd_trd,20260817,200,0,256,
2026-09-17T22:25:27+00:00,S-12,idx/drvprod_dd_trd,20260817,200,0,246,
2026-09-17T22:25:27+00:00,S-12,etp/etf_bydd_trd,20260817,200,1163,481,
2026-09-17T22:25:28+00:00,S-12,drv/opt_bydd_trd,20260817,200,0,270,
2026-09-17T22:25:28+00:00,S-12,sto/stk_bydd_trd,20260717,200,0,284,
2026-09-17T22:25:28+00:00,S-12,sto/ksq_bydd_trd,20260717,200,0,243,
2026-09-17T22:25:28+00:00,S-12,idx/kospi_dd_trd,20260717,200,0,323,
2026-09-17T22:25:29+00:00,S-12,idx/kosdaq_dd_trd,20260717,200,0,247,
2026-09-17T22:25:30+00:00,S-12,idx/drvprod_dd_trd,20260717,200,0,1447,
2026-09-17T22:25:31+00:00,S-12,etp/etf_bydd_trd,20260717,200,1146,454,
2026-09-17T22:25:31+00:00,S-12,drv/opt_bydd_trd,20260717,200,0,289,
2026-09-17T22:25:31+00:00,S-12,sto/stk_bydd_trd,20260603,200,0,353,
2026-09-17T22:25:32+00:00,S-12,sto/ksq_bydd_trd,20260603,200,0,363,
2026-09-17T22:25:32+00:00,S-12,idx/kospi_dd_trd,20260603,200,0,269,
2026-09-17T22:25:32+00:00,S-12,idx/kosdaq_dd_trd,20260603,200,0,341,
2026-09-17T22:25:34+00:00,S-12,idx/drvprod_dd_trd,20260603,200,0,1391,
2026-09-17T22:25:34+00:00,S-12,etp/etf_bydd_trd,20260603,200,1136,547,
2026-09-17T22:25:34+00:00,S-12,drv/opt_bydd_trd,20260603,200,0,319,
2026-09-17T22:25:35+00:00,S-12,sto/stk_bydd_trd,20260525,200,0,337,
2026-09-17T22:25:35+00:00,S-12,sto/ksq_bydd_trd,20260525,200,0,275,
2026-09-17T22:25:35+00:00,S-12,idx/kospi_dd_trd,20260525,200,0,273,
2026-09-17T22:25:36+00:00,S-12,idx/kosdaq_dd_trd,20260525,200,0,333,
2026-09-17T22:25:36+00:00,S-12,idx/drvprod_dd_trd,20260525,200,0,323,
2026-09-17T22:25:37+00:00,S-12,etp/etf_bydd_trd,20260525,200,1115,601,
2026-09-17T22:25:37+00:00,S-12,drv/opt_bydd_trd,20260525,200,0,292,
2026-09-17T22:25:38+00:00,S-12,sto/stk_bydd_trd,20260513,200,948,1165,
2026-09-17T22:25:39+00:00,S-12,sto/ksq_bydd_trd,20260513,200,1821,1447,
2026-09-17T22:25:40+00:00,S-12,idx/kospi_dd_trd,20260513,200,54,289,
2026-09-17T22:25:40+00:00,S-12,idx/kosdaq_dd_trd,20260513,200,40,279,
2026-09-17T22:25:41+00:00,S-12,idx/drvprod_dd_trd,20260513,200,322,953,
2026-09-17T22:25:42+00:00,S-12,etp/etf_bydd_trd,20260513,200,1107,714,
2026-09-17T22:25:45+00:00,S-12,drv/opt_bydd_trd,20260513,200,16116,3726,
2026-09-18T05:03:43+00:00,S-12,sto/stk_bydd_trd,20260917,200,942,4110,
2026-09-18T05:03:47+00:00,S-12,sto/ksq_bydd_trd,20260917,200,1820,4350,
2026-09-18T05:03:47+00:00,S-12,sto/knx_bydd_trd,20260917,200,108,411,
2026-09-18T05:03:48+00:00,S-12,idx/krx_dd_trd,20260917,200,40,419,
2026-09-18T05:03:48+00:00,S-12,idx/kospi_dd_trd,20260917,200,54,380,
2026-09-18T05:03:49+00:00,S-12,idx/kosdaq_dd_trd,20260917,200,40,375,
2026-09-18T05:03:49+00:00,S-12,idx/bon_dd_trd,20260917,200,3,392,
2026-09-18T05:03:49+00:00,S-12,idx/drvprod_dd_trd,20260917,200,322,474,
2026-09-18T05:03:51+00:00,S-12,etp/etf_bydd_trd,20260917,200,1171,1461,
2026-09-18T05:03:51+00:00,S-12,etp/etn_bydd_trd,20260917,200,369,519,
2026-09-18T05:03:52+00:00,S-12,bon/kts_bydd_trd,20260917,200,12,381,
2026-09-18T05:03:52+00:00,S-12,bon/bnd_bydd_trd,20260917,200,298,470,
2026-09-18T05:03:54+00:00,S-12,drv/fut_bydd_trd,20260917,200,385,1525,
2026-09-18T05:03:59+00:00,S-12,drv/opt_bydd_trd,20260917,200,16788,5130,
2026-09-18T05:04:00+00:00,S-12,gen/gold_bydd_trd,20260917,200,2,503,
2026-09-18T05:04:00+00:00,S-12,gen/oil_bydd_trd,20260917,200,3,265,
2026-09-18T05:04:00+00:00,S-12,gen/ets_bydd_trd,20260917,200,19,261,
2026-09-18T05:04:01+00:00,S-12,sto/stk_bydd_trd,20260817,200,0,349,
2026-09-18T05:04:01+00:00,S-12,sto/ksq_bydd_trd,20260817,200,0,287,
2026-09-18T05:04:01+00:00,S-12,idx/kospi_dd_trd,20260817,200,0,245,
2026-09-18T05:04:01+00:00,S-12,idx/kosdaq_dd_trd,20260817,200,0,230,
2026-09-18T05:04:02+00:00,S-12,idx/drvprod_dd_trd,20260817,200,0,232,
2026-09-18T05:04:02+00:00,S-12,etp/etf_bydd_trd,20260817,200,1163,500,
2026-09-18T05:04:02+00:00,S-12,drv/opt_bydd_trd,20260817,200,0,232,
2026-09-18T05:04:03+00:00,S-12,sto/stk_bydd_trd,20260717,200,0,298,
2026-09-18T05:04:03+00:00,S-12,sto/ksq_bydd_trd,20260717,200,0,321,
2026-09-18T05:04:03+00:00,S-12,idx/kospi_dd_trd,20260717,200,0,315,
2026-09-18T05:04:04+00:00,S-12,idx/kosdaq_dd_trd,20260717,200,0,353,
2026-09-18T05:04:04+00:00,S-12,idx/drvprod_dd_trd,20260717,200,0,247,
2026-09-18T05:04:04+00:00,S-12,etp/etf_bydd_trd,20260717,200,1146,504,
2026-09-18T05:04:05+00:00,S-12,drv/opt_bydd_trd,20260717,200,0,260,
2026-09-18T05:04:05+00:00,S-12,sto/stk_bydd_trd,20260603,200,0,248,
2026-09-18T05:04:05+00:00,S-12,sto/ksq_bydd_trd,20260603,200,0,234,
2026-09-18T05:04:05+00:00,S-12,idx/kospi_dd_trd,20260603,200,0,270,
2026-09-18T05:04:06+00:00,S-12,idx/kosdaq_dd_trd,20260603,200,0,241,
2026-09-18T05:04:06+00:00,S-12,idx/drvprod_dd_trd,20260603,200,0,235,
2026-09-18T05:04:06+00:00,S-12,etp/etf_bydd_trd,20260603,200,1136,578,
2026-09-18T05:04:07+00:00,S-12,drv/opt_bydd_trd,20260603,200,0,239,
2026-09-18T05:04:07+00:00,S-12,sto/stk_bydd_trd,20260525,200,0,233,
2026-09-18T05:04:07+00:00,S-12,sto/ksq_bydd_trd,20260525,200,0,258,
2026-09-18T05:04:07+00:00,S-12,idx/kospi_dd_trd,20260525,200,0,249,
2026-09-18T05:04:08+00:00,S-12,idx/kosdaq_dd_trd,20260525,200,0,247,
2026-09-18T05:04:08+00:00,S-12,idx/drvprod_dd_trd,20260525,200,0,263,
2026-09-18T05:04:09+00:00,S-12,etp/etf_bydd_trd,20260525,200,1115,756,
2026-09-18T05:04:09+00:00,S-12,drv/opt_bydd_trd,20260525,200,0,243,
2026-09-18T05:04:12+00:00,S-12,sto/stk_bydd_trd,20260512,200,948,2986,
2026-09-18T05:04:15+00:00,S-12,sto/ksq_bydd_trd,20260512,200,1821,2789,
2026-09-18T05:04:15+00:00,S-12,idx/kospi_dd_trd,20260512,200,54,319,
2026-09-18T05:04:15+00:00,S-12,idx/kosdaq_dd_trd,20260512,200,40,306,
2026-09-18T05:04:16+00:00,S-12,idx/drvprod_dd_trd,20260512,200,322,326,
2026-09-18T05:04:17+00:00,S-12,etp/etf_bydd_trd,20260512,200,1107,1089,
2026-09-18T05:04:22+00:00,S-12,drv/opt_bydd_trd,20260512,200,16108,5148,
2026-09-18T13:11:42+00:00,S-12,sto/stk_bydd_trd,20260917,200,942,3074,
2026-09-18T13:11:44+00:00,S-12,sto/ksq_bydd_trd,20260917,200,1820,1985,
2026-09-18T13:11:45+00:00,S-12,sto/knx_bydd_trd,20260917,200,108,882,
2026-09-18T13:11:45+00:00,S-12,idx/krx_dd_trd,20260917,200,40,271,
2026-09-18T13:11:46+00:00,S-12,idx/kospi_dd_trd,20260917,200,54,839,
2026-09-18T13:11:47+00:00,S-12,idx/kosdaq_dd_trd,20260917,200,40,758,
2026-09-18T13:11:47+00:00,S-12,idx/bon_dd_trd,20260917,200,3,281,
2026-09-18T13:11:48+00:00,S-12,idx/drvprod_dd_trd,20260917,200,322,564,
2026-09-18T13:11:48+00:00,S-12,etp/etf_bydd_trd,20260917,200,1171,866,
2026-09-18T13:11:49+00:00,S-12,etp/etn_bydd_trd,20260917,200,369,567,
2026-09-18T13:11:49+00:00,S-12,bon/kts_bydd_trd,20260917,200,12,311,
2026-09-18T13:11:50+00:00,S-12,bon/bnd_bydd_trd,20260917,200,298,446,
2026-09-18T13:11:51+00:00,S-12,drv/fut_bydd_trd,20260917,200,385,971,
2026-09-18T13:11:55+00:00,S-12,drv/opt_bydd_trd,20260917,200,16788,3837,
2026-09-18T13:11:55+00:00,S-12,gen/gold_bydd_trd,20260917,200,2,522,
2026-09-18T13:11:56+00:00,S-12,gen/oil_bydd_trd,20260917,200,3,264,
2026-09-18T13:11:56+00:00,S-12,gen/ets_bydd_trd,20260917,200,19,269,
2026-09-18T13:11:56+00:00,S-12,sto/stk_bydd_trd,20260817,200,0,245,
2026-09-18T13:11:56+00:00,S-12,sto/ksq_bydd_trd,20260817,200,0,233,
2026-09-18T13:11:57+00:00,S-12,idx/kospi_dd_trd,20260817,200,0,264,
2026-09-18T13:11:57+00:00,S-12,idx/kosdaq_dd_trd,20260817,200,0,250,
2026-09-18T13:11:57+00:00,S-12,idx/drvprod_dd_trd,20260817,200,0,232,
2026-09-18T13:11:58+00:00,S-12,etp/etf_bydd_trd,20260817,200,1163,520,
2026-09-18T13:11:58+00:00,S-12,drv/opt_bydd_trd,20260817,200,0,445,
2026-09-18T13:11:58+00:00,S-12,sto/stk_bydd_trd,20260717,200,0,250,
2026-09-18T13:11:59+00:00,S-12,sto/ksq_bydd_trd,20260717,200,0,310,
2026-09-18T13:11:59+00:00,S-12,idx/kospi_dd_trd,20260717,200,0,231,
2026-09-18T13:11:59+00:00,S-12,idx/kosdaq_dd_trd,20260717,200,0,255,
2026-09-18T13:11:59+00:00,S-12,idx/drvprod_dd_trd,20260717,200,0,253,
2026-09-18T13:12:00+00:00,S-12,etp/etf_bydd_trd,20260717,200,1146,708,
2026-09-18T13:12:00+00:00,S-12,drv/opt_bydd_trd,20260717,200,0,226,
2026-09-18T13:12:01+00:00,S-12,sto/stk_bydd_trd,20260603,200,0,232,
2026-09-18T13:12:01+00:00,S-12,sto/ksq_bydd_trd,20260603,200,0,302,
2026-09-18T13:12:01+00:00,S-12,idx/kospi_dd_trd,20260603,200,0,246,
2026-09-18T13:12:01+00:00,S-12,idx/kosdaq_dd_trd,20260603,200,0,243,
2026-09-18T13:12:02+00:00,S-12,idx/drvprod_dd_trd,20260603,200,0,220,
2026-09-18T13:12:02+00:00,S-12,etp/etf_bydd_trd,20260603,200,1136,726,
2026-09-18T13:12:03+00:00,S-12,drv/opt_bydd_trd,20260603,200,0,327,
2026-09-18T13:12:03+00:00,S-12,sto/stk_bydd_trd,20260525,200,0,229,
2026-09-18T13:12:03+00:00,S-12,sto/ksq_bydd_trd,20260525,200,0,331,
2026-09-18T13:12:03+00:00,S-12,idx/kospi_dd_trd,20260525,200,0,232,
2026-09-18T13:12:04+00:00,S-12,idx/kosdaq_dd_trd,20260525,200,0,235,
2026-09-18T13:12:04+00:00,S-12,idx/drvprod_dd_trd,20260525,200,0,235,
2026-09-18T13:12:05+00:00,S-12,etp/etf_bydd_trd,20260525,200,1115,1500,
2026-09-18T13:12:06+00:00,S-12,drv/opt_bydd_trd,20260525,200,0,238,
2026-09-18T13:12:07+00:00,S-12,sto/stk_bydd_trd,20260511,200,948,1341,
2026-09-18T13:12:10+00:00,S-12,sto/ksq_bydd_trd,20260511,200,1821,3275,
2026-09-18T13:12:11+00:00,S-12,idx/kospi_dd_trd,20260511,200,54,290,
2026-09-18T13:12:11+00:00,S-12,idx/kosdaq_dd_trd,20260511,200,40,263,
2026-09-18T13:12:12+00:00,S-12,idx/drvprod_dd_trd,20260511,200,322,957,
2026-09-18T13:12:13+00:00,S-12,etp/etf_bydd_trd,20260511,200,1099,1140,
2026-09-18T13:12:19+00:00,S-12,drv/opt_bydd_trd,20260511,200,15668,5814,
2026-09-18T22:25:56+00:00,S-12,sto/stk_bydd_trd,20260918,200,0,2371,
2026-09-18T22:25:58+00:00,S-12,sto/ksq_bydd_trd,20260918,200,0,1556,
2026-09-18T22:25:58+00:00,S-12,sto/knx_bydd_trd,20260918,200,0,359,
2026-09-18T22:25:59+00:00,S-12,idx/krx_dd_trd,20260918,200,0,425,
2026-09-18T22:25:59+00:00,S-12,idx/kospi_dd_trd,20260918,200,0,351,
2026-09-18T22:26:00+00:00,S-12,idx/kosdaq_dd_trd,20260918,200,0,505,
2026-09-18T22:26:00+00:00,S-12,idx/bon_dd_trd,20260918,200,0,357,
2026-09-18T22:26:00+00:00,S-12,idx/drvprod_dd_trd,20260918,200,0,319,
2026-09-18T22:26:01+00:00,S-12,etp/etf_bydd_trd,20260918,200,0,386,
2026-09-18T22:26:01+00:00,S-12,etp/etn_bydd_trd,20260918,200,0,271,
2026-09-18T22:26:01+00:00,S-12,bon/kts_bydd_trd,20260918,200,0,268,
2026-09-18T22:26:01+00:00,S-12,bon/bnd_bydd_trd,20260918,200,0,284,
2026-09-18T22:26:02+00:00,S-12,drv/fut_bydd_trd,20260918,200,0,406,
2026-09-18T22:26:02+00:00,S-12,drv/opt_bydd_trd,20260918,200,0,301,
2026-09-18T22:26:02+00:00,S-12,gen/gold_bydd_trd,20260918,200,0,318,
2026-09-18T22:26:03+00:00,S-12,gen/oil_bydd_trd,20260918,200,0,279,
2026-09-18T22:26:03+00:00,S-12,gen/ets_bydd_trd,20260918,200,0,289,
2026-09-18T22:26:04+00:00,S-12,sto/stk_isu_base_info,20260918,200,0,512,
2026-09-18T22:26:04+00:00,S-12,sto/ksq_isu_base_info,20260918,200,0,296,
2026-09-18T22:26:04+00:00,S-12,sto/knx_isu_base_info,20260918,200,0,352,
2026-09-18T22:26:05+00:00,S-12,sto/stk_bydd_trd,20260817,200,0,343,
2026-09-18T22:26:05+00:00,S-12,sto/ksq_bydd_trd,20260817,200,0,279,
2026-09-18T22:26:05+00:00,S-12,idx/kospi_dd_trd,20260817,200,0,332,
2026-09-18T22:26:06+00:00,S-12,idx/kosdaq_dd_trd,20260817,200,0,356,
2026-09-18T22:26:06+00:00,S-12,idx/drvprod_dd_trd,20260817,200,0,317,
2026-09-18T22:26:07+00:00,S-12,etp/etf_bydd_trd,20260817,200,1163,1134,
2026-09-18T22:26:07+00:00,S-12,drv/opt_bydd_trd,20260817,200,0,325,
2026-09-18T22:26:08+00:00,S-12,sto/stk_bydd_trd,20260717,200,0,331,
2026-09-18T22:26:08+00:00,S-12,sto/ksq_bydd_trd,20260717,200,0,270,
2026-09-18T22:26:08+00:00,S-12,idx/kospi_dd_trd,20260717,200,0,332,
2026-09-18T22:26:09+00:00,S-12,idx/kosdaq_dd_trd,20260717,200,0,337,
2026-09-18T22:26:09+00:00,S-12,idx/drvprod_dd_trd,20260717,200,0,330,
2026-09-18T22:26:09+00:00,S-12,etp/etf_bydd_trd,20260717,200,1146,596,
2026-09-18T22:26:10+00:00,S-12,drv/opt_bydd_trd,20260717,200,0,291,
2026-09-18T22:26:10+00:00,S-12,sto/stk_bydd_trd,20260603,200,0,373,
2026-09-18T22:26:10+00:00,S-12,sto/ksq_bydd_trd,20260603,200,0,335,
2026-09-18T22:26:11+00:00,S-12,idx/kospi_dd_trd,20260603,200,0,445,
2026-09-18T22:26:11+00:00,S-12,idx/kosdaq_dd_trd,20260603,200,0,296,
2026-09-18T22:26:12+00:00,S-12,idx/drvprod_dd_trd,20260603,200,0,378,
2026-09-18T22:26:12+00:00,S-12,etp/etf_bydd_trd,20260603,200,1136,536,
2026-09-18T22:26:12+00:00,S-12,drv/opt_bydd_trd,20260603,200,0,310,
2026-09-18T22:26:13+00:00,S-12,sto/stk_bydd_trd,20260525,200,0,352,
2026-09-18T22:26:13+00:00,S-12,sto/ksq_bydd_trd,20260525,200,0,291,
2026-09-18T22:26:13+00:00,S-12,idx/kospi_dd_trd,20260525,200,0,318,
2026-09-18T22:26:14+00:00,S-12,idx/kosdaq_dd_trd,20260525,200,0,429,
2026-09-18T22:26:14+00:00,S-12,idx/drvprod_dd_trd,20260525,200,0,370,
2026-09-18T22:26:16+00:00,S-12,etp/etf_bydd_trd,20260525,200,1115,2144,
2026-09-18T22:26:17+00:00,S-12,drv/opt_bydd_trd,20260525,200,0,250,
2026-09-18T22:26:18+00:00,S-12,sto/stk_bydd_trd,20260508,200,948,1553,
2026-09-18T22:26:19+00:00,S-12,sto/ksq_bydd_trd,20260508,200,1820,1326,
2026-09-18T22:26:20+00:00,S-12,idx/kospi_dd_trd,20260508,200,54,298,
2026-09-18T22:26:20+00:00,S-12,idx/kosdaq_dd_trd,20260508,200,40,268,
2026-09-18T22:26:20+00:00,S-12,idx/drvprod_dd_trd,20260508,200,322,310,
2026-09-18T22:26:21+00:00,S-12,etp/etf_bydd_trd,20260508,200,1099,748,
2026-09-18T22:26:25+00:00,S-12,drv/opt_bydd_trd,20260508,200,15212,4338,
2026-09-21T05:04:19+00:00,S-12,sto/stk_bydd_trd,20260918,200,942,2314,
2026-09-21T05:04:21+00:00,S-12,sto/ksq_bydd_trd,20260918,200,1820,2222,
2026-09-21T05:04:21+00:00,S-12,sto/knx_bydd_trd,20260918,200,107,382,
2026-09-21T05:04:22+00:00,S-12,idx/krx_dd_trd,20260918,200,40,265,
2026-09-21T05:04:22+00:00,S-12,idx/kospi_dd_trd,20260918,200,54,300,
2026-09-21T05:04:22+00:00,S-12,idx/kosdaq_dd_trd,20260918,200,40,370,
2026-09-21T05:04:22+00:00,S-12,idx/bon_dd_trd,20260918,200,3,290,
2026-09-21T05:04:23+00:00,S-12,idx/drvprod_dd_trd,20260918,200,322,348,
2026-09-21T05:04:24+00:00,S-12,etp/etf_bydd_trd,20260918,200,1171,701,
2026-09-21T05:04:24+00:00,S-12,etp/etn_bydd_trd,20260918,200,365,399,
2026-09-21T05:04:24+00:00,S-12,bon/kts_bydd_trd,20260918,200,10,490,
2026-09-21T05:04:25+00:00,S-12,bon/bnd_bydd_trd,20260918,200,266,489,
2026-09-21T05:04:26+00:00,S-12,drv/fut_bydd_trd,20260918,200,385,706,
2026-09-21T05:04:29+00:00,S-12,drv/opt_bydd_trd,20260918,200,16212,3812,
2026-09-21T05:04:30+00:00,S-12,gen/gold_bydd_trd,20260918,200,2,204,
2026-09-21T05:04:30+00:00,S-12,gen/oil_bydd_trd,20260918,200,3,236,
2026-09-21T05:04:30+00:00,S-12,gen/ets_bydd_trd,20260918,200,19,334,
2026-09-21T05:04:31+00:00,S-12,sto/stk_isu_base_info,20260918,200,942,568,
2026-09-21T05:04:33+00:00,S-12,sto/ksq_isu_base_info,20260918,200,1820,1502,
2026-09-21T05:04:33+00:00,S-12,sto/knx_isu_base_info,20260918,200,107,294,
2026-09-21T05:04:33+00:00,S-12,sto/stk_bydd_trd,20260817,200,0,209,
2026-09-21T05:04:33+00:00,S-12,sto/ksq_bydd_trd,20260817,200,0,326,
2026-09-21T05:04:34+00:00,S-12,idx/kospi_dd_trd,20260817,200,0,270,
2026-09-21T05:04:34+00:00,S-12,idx/kosdaq_dd_trd,20260817,200,0,245,
2026-09-21T05:04:34+00:00,S-12,idx/drvprod_dd_trd,20260817,200,0,230,
2026-09-21T05:04:35+00:00,S-12,etp/etf_bydd_trd,20260817,200,1163,387,
2026-09-21T05:04:35+00:00,S-12,drv/opt_bydd_trd,20260817,200,0,205,
2026-09-21T05:04:35+00:00,S-12,sto/stk_bydd_trd,20260717,200,0,246,
2026-09-21T05:04:35+00:00,S-12,sto/ksq_bydd_trd,20260717,200,0,219,
2026-09-21T05:04:35+00:00,S-12,idx/kospi_dd_trd,20260717,200,0,227,
2026-09-21T05:04:36+00:00,S-12,idx/kosdaq_dd_trd,20260717,200,0,198,
2026-09-21T05:04:36+00:00,S-12,idx/drvprod_dd_trd,20260717,200,0,251,
2026-09-21T05:04:36+00:00,S-12,etp/etf_bydd_trd,20260717,200,1146,448,
2026-09-21T05:04:37+00:00,S-12,drv/opt_bydd_trd,20260717,200,0,233,
2026-09-21T05:04:37+00:00,S-12,sto/stk_bydd_trd,20260603,200,0,251,
2026-09-21T05:04:37+00:00,S-12,sto/ksq_bydd_trd,20260603,200,0,251,
2026-09-21T05:04:37+00:00,S-12,idx/kospi_dd_trd,20260603,200,0,201,
2026-09-21T05:04:38+00:00,S-12,idx/kosdaq_dd_trd,20260603,200,0,246,
2026-09-21T05:04:38+00:00,S-12,idx/drvprod_dd_trd,20260603,200,0,266,
2026-09-21T05:04:38+00:00,S-12,etp/etf_bydd_trd,20260603,200,1136,532,
2026-09-21T05:04:39+00:00,S-12,drv/opt_bydd_trd,20260603,200,0,251,
2026-09-21T05:04:39+00:00,S-12,sto/stk_bydd_trd,20260525,200,0,349,
2026-09-21T05:04:39+00:00,S-12,sto/ksq_bydd_trd,20260525,200,0,310,
2026-09-21T05:04:40+00:00,S-12,idx/kospi_dd_trd,20260525,200,0,314,
2026-09-21T05:04:40+00:00,S-12,idx/kosdaq_dd_trd,20260525,200,0,312,
2026-09-21T05:04:40+00:00,S-12,idx/drvprod_dd_trd,20260525,200,0,209,
2026-09-21T05:04:41+00:00,S-12,etp/etf_bydd_trd,20260525,200,1115,897,
2026-09-21T05:04:41+00:00,S-12,drv/opt_bydd_trd,20260525,200,0,354,
2026-09-21T05:04:43+00:00,S-12,sto/stk_bydd_trd,20260507,200,948,1358,
2026-09-21T05:04:45+00:00,S-12,sto/ksq_bydd_trd,20260507,200,1822,1913,
2026-09-21T05:04:45+00:00,S-12,idx/kospi_dd_trd,20260507,200,54,257,
2026-09-21T05:04:45+00:00,S-12,idx/kosdaq_dd_trd,20260507,200,40,261,
2026-09-21T05:04:45+00:00,S-12,idx/drvprod_dd_trd,20260507,200,322,271,
2026-09-21T05:04:46+00:00,S-12,etp/etf_bydd_trd,20260507,200,1099,631,
2026-09-21T05:04:51+00:00,S-12,drv/opt_bydd_trd,20260507,200,15520,4563,
2026-09-21T13:11:25+00:00,S-12,sto/stk_bydd_trd,20260918,200,942,2460,
2026-09-21T13:11:27+00:00,S-12,sto/ksq_bydd_trd,20260918,200,1820,2257,
2026-09-21T13:11:27+00:00,S-12,sto/knx_bydd_trd,20260918,200,107,240,
2026-09-21T13:11:27+00:00,S-12,idx/krx_dd_trd,20260918,200,40,323,
2026-09-21T13:11:28+00:00,S-12,idx/kospi_dd_trd,20260918,200,54,251,
2026-09-21T13:11:28+00:00,S-12,idx/kosdaq_dd_trd,20260918,200,40,285,
2026-09-21T13:11:28+00:00,S-12,idx/bon_dd_trd,20260918,200,3,276,
2026-09-21T13:11:28+00:00,S-12,idx/drvprod_dd_trd,20260918,200,322,260,
2026-09-21T13:11:29+00:00,S-12,etp/etf_bydd_trd,20260918,200,1171,691,
2026-09-21T13:11:30+00:00,S-12,etp/etn_bydd_trd,20260918,200,365,366,
2026-09-21T13:11:30+00:00,S-12,bon/kts_bydd_trd,20260918,200,10,331,
2026-09-21T13:11:30+00:00,S-12,bon/bnd_bydd_trd,20260918,200,266,304,
2026-09-21T13:11:31+00:00,S-12,drv/fut_bydd_trd,20260918,200,385,767,
2026-09-21T13:11:35+00:00,S-12,drv/opt_bydd_trd,20260918,200,16212,3583,
2026-09-21T13:11:35+00:00,S-12,gen/gold_bydd_trd,20260918,200,2,196,
2026-09-21T13:11:35+00:00,S-12,gen/oil_bydd_trd,20260918,200,3,195,
2026-09-21T13:11:35+00:00,S-12,gen/ets_bydd_trd,20260918,200,19,232,
2026-09-21T13:11:36+00:00,S-12,sto/stk_isu_base_info,20260918,200,942,638,
2026-09-21T13:11:37+00:00,S-12,sto/ksq_isu_base_info,20260918,200,1820,943,
2026-09-21T13:11:37+00:00,S-12,sto/knx_isu_base_info,20260918,200,107,280,
2026-09-21T13:11:38+00:00,S-12,sto/stk_bydd_trd,20260817,200,0,215,
2026-09-21T13:11:38+00:00,S-12,sto/ksq_bydd_trd,20260817,200,0,307,
2026-09-21T13:11:38+00:00,S-12,idx/kospi_dd_trd,20260817,200,0,207,
2026-09-21T13:11:38+00:00,S-12,idx/kosdaq_dd_trd,20260817,200,0,222,
2026-09-21T13:11:39+00:00,S-12,idx/drvprod_dd_trd,20260817,200,0,229,
2026-09-21T13:11:39+00:00,S-12,etp/etf_bydd_trd,20260817,200,1163,619,
2026-09-21T13:11:40+00:00,S-12,drv/opt_bydd_trd,20260817,200,0,210,
2026-09-21T13:11:40+00:00,S-12,sto/stk_bydd_trd,20260717,200,0,196,
2026-09-21T13:11:40+00:00,S-12,sto/ksq_bydd_trd,20260717,200,0,200,
2026-09-21T13:11:40+00:00,S-12,idx/kospi_dd_trd,20260717,200,0,220,
2026-09-21T13:11:40+00:00,S-12,idx/kosdaq_dd_trd,20260717,200,0,217,
2026-09-21T13:11:41+00:00,S-12,idx/drvprod_dd_trd,20260717,200,0,195,
2026-09-21T13:11:42+00:00,S-12,etp/etf_bydd_trd,20260717,200,1146,1035,
2026-09-21T13:11:42+00:00,S-12,drv/opt_bydd_trd,20260717,200,0,251,
2026-09-21T13:11:42+00:00,S-12,sto/stk_bydd_trd,20260603,200,0,198,
2026-09-21T13:11:42+00:00,S-12,sto/ksq_bydd_trd,20260603,200,0,189,
2026-09-21T13:11:42+00:00,S-12,idx/kospi_dd_trd,20260603,200,0,230,
2026-09-21T13:11:43+00:00,S-12,idx/kosdaq_dd_trd,20260603,200,0,247,
2026-09-21T13:11:43+00:00,S-12,idx/drvprod_dd_trd,20260603,200,0,255,
2026-09-21T13:11:44+00:00,S-12,etp/etf_bydd_trd,20260603,200,1136,517,
2026-09-21T13:11:44+00:00,S-12,drv/opt_bydd_trd,20260603,200,0,286,
2026-09-21T13:11:44+00:00,S-12,sto/stk_bydd_trd,20260525,200,0,197,
2026-09-21T13:11:44+00:00,S-12,sto/ksq_bydd_trd,20260525,200,0,255,
2026-09-21T13:11:45+00:00,S-12,idx/kospi_dd_trd,20260525,200,0,332,
2026-09-21T13:11:45+00:00,S-12,idx/kosdaq_dd_trd,20260525,200,0,283,
2026-09-21T13:11:45+00:00,S-12,idx/drvprod_dd_trd,20260525,200,0,214,
2026-09-21T13:11:45+00:00,S-12,etp/etf_bydd_trd,20260525,200,1115,400,
2026-09-21T13:11:46+00:00,S-12,drv/opt_bydd_trd,20260525,200,0,207,
2026-09-21T13:11:47+00:00,S-12,sto/stk_bydd_trd,20260506,200,948,1594,
2026-09-21T13:11:49+00:00,S-12,sto/ksq_bydd_trd,20260506,200,1823,1483,
2026-09-21T13:11:49+00:00,S-12,idx/kospi_dd_trd,20260506,200,54,235,
2026-09-21T13:11:49+00:00,S-12,idx/kosdaq_dd_trd,20260506,200,40,277,
2026-09-21T13:11:50+00:00,S-12,idx/drvprod_dd_trd,20260506,200,322,303,
2026-09-21T13:11:50+00:00,S-12,etp/etf_bydd_trd,20260506,200,1099,511,
2026-09-21T13:11:54+00:00,S-12,drv/opt_bydd_trd,20260506,200,13884,3825,
2026-09-21T22:26:53+00:00,S-12,sto/stk_bydd_trd,20260921,200,0,1889,
2026-09-21T22:26:54+00:00,S-12,sto/ksq_bydd_trd,20260921,200,0,1498,
2026-09-21T22:26:55+00:00,S-12,sto/knx_bydd_trd,20260921,200,0,351,
2026-09-21T22:26:55+00:00,S-12,idx/krx_dd_trd,20260921,200,0,272,
2026-09-21T22:26:55+00:00,S-12,idx/kospi_dd_trd,20260921,200,0,286,
2026-09-21T22:26:55+00:00,S-12,idx/kosdaq_dd_trd,20260921,200,0,257,
2026-09-21T22:26:56+00:00,S-12,idx/bon_dd_trd,20260921,200,0,309,
2026-09-21T22:26:56+00:00,S-12,idx/drvprod_dd_trd,20260921,200,0,289,
2026-09-21T22:26:56+00:00,S-12,etp/etf_bydd_trd,20260921,200,0,256,
2026-09-21T22:26:57+00:00,S-12,etp/etn_bydd_trd,20260921,200,0,266,
2026-09-21T22:26:57+00:00,S-12,bon/kts_bydd_trd,20260921,200,0,231,
2026-09-21T22:26:57+00:00,S-12,bon/bnd_bydd_trd,20260921,200,0,246,
2026-09-21T22:26:57+00:00,S-12,drv/fut_bydd_trd,20260921,200,0,372,
2026-09-21T22:26:58+00:00,S-12,drv/opt_bydd_trd,20260921,200,0,259,
2026-09-21T22:26:58+00:00,S-12,gen/gold_bydd_trd,20260921,200,0,254,
2026-09-21T22:26:58+00:00,S-12,gen/oil_bydd_trd,20260921,200,0,504,
2026-09-21T22:26:59+00:00,S-12,gen/ets_bydd_trd,20260921,200,0,248,
2026-09-21T22:26:59+00:00,S-12,sto/stk_bydd_trd,20260817,200,0,240,
2026-09-21T22:26:59+00:00,S-12,sto/ksq_bydd_trd,20260817,200,0,348,
2026-09-21T22:27:00+00:00,S-12,idx/kospi_dd_trd,20260817,200,0,288,
2026-09-21T22:27:00+00:00,S-12,idx/kosdaq_dd_trd,20260817,200,0,230,
2026-09-21T22:27:00+00:00,S-12,idx/drvprod_dd_trd,20260817,200,0,223,
2026-09-21T22:27:01+00:00,S-12,etp/etf_bydd_trd,20260817,200,1163,1093,
2026-09-21T22:27:01+00:00,S-12,drv/opt_bydd_trd,20260817,200,0,282,
2026-09-21T22:27:02+00:00,S-12,sto/stk_bydd_trd,20260717,200,0,296,
2026-09-21T22:27:02+00:00,S-12,sto/ksq_bydd_trd,20260717,200,0,280,
2026-09-21T22:27:02+00:00,S-12,idx/kospi_dd_trd,20260717,200,0,247,
2026-09-21T22:27:02+00:00,S-12,idx/kosdaq_dd_trd,20260717,200,0,255,
2026-09-21T22:27:03+00:00,S-12,idx/drvprod_dd_trd,20260717,200,0,223,
2026-09-21T22:27:03+00:00,S-12,etp/etf_bydd_trd,20260717,200,1146,431,
2026-09-21T22:27:03+00:00,S-12,drv/opt_bydd_trd,20260717,200,0,231,
2026-09-21T22:27:04+00:00,S-12,sto/stk_bydd_trd,20260603,200,0,256,
2026-09-21T22:27:04+00:00,S-12,sto/ksq_bydd_trd,20260603,200,0,250,
2026-09-21T22:27:04+00:00,S-12,idx/kospi_dd_trd,20260603,200,0,263,
2026-09-21T22:27:04+00:00,S-12,idx/kosdaq_dd_trd,20260603,200,0,236,
2026-09-21T22:27:05+00:00,S-12,idx/drvprod_dd_trd,20260603,200,0,244,
2026-09-21T22:27:05+00:00,S-12,etp/etf_bydd_trd,20260603,200,1136,380,
2026-09-21T22:27:05+00:00,S-12,drv/opt_bydd_trd,20260603,200,0,250,
2026-09-21T22:27:05+00:00,S-12,sto/stk_bydd_trd,20260525,200,0,231,
2026-09-21T22:27:06+00:00,S-12,sto/ksq_bydd_trd,20260525,200,0,251,
2026-09-21T22:27:06+00:00,S-12,idx/kospi_dd_trd,20260525,200,0,236,
2026-09-21T22:27:06+00:00,S-12,idx/kosdaq_dd_trd,20260525,200,0,482,
2026-09-21T22:27:07+00:00,S-12,idx/drvprod_dd_trd,20260525,200,0,306,
2026-09-21T22:27:07+00:00,S-12,etp/etf_bydd_trd,20260525,200,1115,373,
2026-09-21T22:27:07+00:00,S-12,drv/opt_bydd_trd,20260525,200,0,227,
2026-09-21T22:27:08+00:00,S-12,sto/stk_bydd_trd,20260505,200,0,261,
2026-09-21T22:27:08+00:00,S-12,sto/ksq_bydd_trd,20260505,200,0,242,
2026-09-21T22:27:08+00:00,S-12,idx/kospi_dd_trd,20260505,200,0,246,
2026-09-21T22:27:08+00:00,S-12,idx/kosdaq_dd_trd,20260505,200,0,238,
2026-09-21T22:27:09+00:00,S-12,idx/drvprod_dd_trd,20260505,200,0,247,
2026-09-21T22:27:09+00:00,S-12,etp/etf_bydd_trd,20260505,200,1099,508,
2026-09-21T22:27:09+00:00,S-12,drv/opt_bydd_trd,20260505,200,0,240,
2026-09-22T05:04:05+00:00,S-12,sto/stk_bydd_trd,20260921,200,942,2759,
2026-09-22T05:04:08+00:00,S-12,sto/ksq_bydd_trd,20260921,200,1818,3091,
2026-09-22T05:04:08+00:00,S-12,sto/knx_bydd_trd,20260921,200,107,346,
2026-09-22T05:04:09+00:00,S-12,idx/krx_dd_trd,20260921,200,40,269,
2026-09-22T05:04:09+00:00,S-12,idx/kospi_dd_trd,20260921,200,54,279,
2026-09-22T05:04:09+00:00,S-12,idx/kosdaq_dd_trd,20260921,200,40,510,
2026-09-22T05:04:10+00:00,S-12,idx/bon_dd_trd,20260921,200,3,390,
2026-09-22T05:04:10+00:00,S-12,idx/drvprod_dd_trd,20260921,200,322,314,
2026-09-22T05:04:11+00:00,S-12,etp/etf_bydd_trd,20260921,200,1171,660,
2026-09-22T05:04:12+00:00,S-12,etp/etn_bydd_trd,20260921,200,365,720,
2026-09-22T05:04:12+00:00,S-12,bon/kts_bydd_trd,20260921,200,10,612,
2026-09-22T05:04:13+00:00,S-12,bon/bnd_bydd_trd,20260921,200,241,1180,
2026-09-22T05:04:14+00:00,S-12,drv/fut_bydd_trd,20260921,200,385,1039,
2026-09-22T05:04:18+00:00,S-12,drv/opt_bydd_trd,20260921,200,16716,3482,
2026-09-22T05:04:18+00:00,S-12,gen/gold_bydd_trd,20260921,200,2,230,
2026-09-22T05:04:19+00:00,S-12,gen/oil_bydd_trd,20260921,200,3,668,
2026-09-22T05:04:19+00:00,S-12,gen/ets_bydd_trd,20260921,200,19,271,
2026-09-22T05:04:20+00:00,S-12,sto/stk_bydd_trd,20260817,200,0,215,
2026-09-22T05:04:20+00:00,S-12,sto/ksq_bydd_trd,20260817,200,0,619,
2026-09-22T05:04:20+00:00,S-12,idx/kospi_dd_trd,20260817,200,0,227,
2026-09-22T05:04:21+00:00,S-12,idx/kosdaq_dd_trd,20260817,200,0,222,
2026-09-22T05:04:21+00:00,S-12,idx/drvprod_dd_trd,20260817,200,0,520,
2026-09-22T05:04:22+00:00,S-12,etp/etf_bydd_trd,20260817,200,1163,540,
2026-09-22T05:04:22+00:00,S-12,drv/opt_bydd_trd,20260817,200,0,211,
2026-09-22T05:04:22+00:00,S-12,sto/stk_bydd_trd,20260717,200,0,243,
2026-09-22T05:04:22+00:00,S-12,sto/ksq_bydd_trd,20260717,200,0,245,
2026-09-22T05:04:23+00:00,S-12,idx/kospi_dd_trd,20260717,200,0,227,
2026-09-22T05:04:23+00:00,S-12,idx/kosdaq_dd_trd,20260717,200,0,330,
2026-09-22T05:04:23+00:00,S-12,idx/drvprod_dd_trd,20260717,200,0,258,
2026-09-22T05:04:25+00:00,S-12,etp/etf_bydd_trd,20260717,200,1146,1850,
2026-09-22T05:04:25+00:00,S-12,drv/opt_bydd_trd,20260717,200,0,253,
2026-09-22T05:04:26+00:00,S-12,sto/stk_bydd_trd,20260603,200,0,278,
2026-09-22T05:04:26+00:00,S-12,sto/ksq_bydd_trd,20260603,200,0,271,
2026-09-22T05:04:26+00:00,S-12,idx/kospi_dd_trd,20260603,200,0,226,
2026-09-22T05:04:26+00:00,S-12,idx/kosdaq_dd_trd,20260603,200,0,309,
2026-09-22T05:04:27+00:00,S-12,idx/drvprod_dd_trd,20260603,200,0,217,
2026-09-22T05:04:28+00:00,S-12,etp/etf_bydd_trd,20260603,200,1136,1261,
2026-09-22T05:04:28+00:00,S-12,drv/opt_bydd_trd,20260603,200,0,202,
2026-09-22T05:04:28+00:00,S-12,sto/stk_bydd_trd,20260525,200,0,217,
2026-09-22T05:04:28+00:00,S-12,sto/ksq_bydd_trd,20260525,200,0,216,
2026-09-22T05:04:29+00:00,S-12,idx/kospi_dd_trd,20260525,200,0,255,
2026-09-22T05:04:29+00:00,S-12,idx/kosdaq_dd_trd,20260525,200,0,436,
2026-09-22T05:04:29+00:00,S-12,idx/drvprod_dd_trd,20260525,200,0,247,
2026-09-22T05:04:31+00:00,S-12,etp/etf_bydd_trd,20260525,200,1115,1171,
2026-09-22T05:04:31+00:00,S-12,drv/opt_bydd_trd,20260525,200,0,237,
2026-09-22T05:04:31+00:00,S-12,sto/stk_bydd_trd,20260505,200,0,234,
2026-09-22T05:04:31+00:00,S-12,sto/ksq_bydd_trd,20260505,200,0,291,
2026-09-22T05:04:32+00:00,S-12,idx/kospi_dd_trd,20260505,200,0,224,
2026-09-22T05:04:32+00:00,S-12,idx/kosdaq_dd_trd,20260505,200,0,231,
2026-09-22T05:04:32+00:00,S-12,idx/drvprod_dd_trd,20260505,200,0,277,
2026-09-22T05:04:32+00:00,S-12,etp/etf_bydd_trd,20260505,200,1099,395,
2026-09-22T05:04:33+00:00,S-12,drv/opt_bydd_trd,20260505,200,0,218,
2026-09-22T13:12:48+00:00,S-12,sto/stk_bydd_trd,20260921,200,942,2345,
2026-09-22T13:12:50+00:00,S-12,sto/ksq_bydd_trd,20260921,200,1818,2285,
2026-09-22T13:12:50+00:00,S-12,sto/knx_bydd_trd,20260921,200,107,339,
2026-09-22T13:12:51+00:00,S-12,idx/krx_dd_trd,20260921,200,40,283,
2026-09-22T13:12:51+00:00,S-12,idx/kospi_dd_trd,20260921,200,54,340,
2026-09-22T13:12:51+00:00,S-12,idx/kosdaq_dd_trd,20260921,200,40,353,
2026-09-22T13:12:52+00:00,S-12,idx/bon_dd_trd,20260921,200,3,389,
2026-09-22T13:12:52+00:00,S-12,idx/drvprod_dd_trd,20260921,200,322,418,
2026-09-22T13:12:53+00:00,S-12,etp/etf_bydd_trd,20260921,200,1171,738,
2026-09-22T13:12:53+00:00,S-12,etp/etn_bydd_trd,20260921,200,365,389,
2026-09-22T13:12:54+00:00,S-12,bon/kts_bydd_trd,20260921,200,10,344,
2026-09-22T13:12:55+00:00,S-12,bon/bnd_bydd_trd,20260921,200,241,1090,
2026-09-22T13:12:56+00:00,S-12,drv/fut_bydd_trd,20260921,200,385,837,
2026-09-22T13:13:00+00:00,S-12,drv/opt_bydd_trd,20260921,200,16716,4134,
2026-09-22T13:13:01+00:00,S-12,gen/gold_bydd_trd,20260921,200,2,651,
2026-09-22T13:13:01+00:00,S-12,gen/oil_bydd_trd,20260921,200,3,316,
2026-09-22T13:13:01+00:00,S-12,gen/ets_bydd_trd,20260921,200,19,325,
2026-09-22T13:13:02+00:00,S-12,sto/stk_bydd_trd,20260817,200,0,325,
2026-09-22T13:13:02+00:00,S-12,sto/ksq_bydd_trd,20260817,200,0,294,
2026-09-22T13:13:02+00:00,S-12,idx/kospi_dd_trd,20260817,200,0,314,
2026-09-22T13:13:02+00:00,S-12,idx/kosdaq_dd_trd,20260817,200,0,315,
2026-09-22T13:13:03+00:00,S-12,idx/drvprod_dd_trd,20260817,200,0,325,
2026-09-22T13:13:04+00:00,S-12,etp/etf_bydd_trd,20260817,200,1163,1183,
2026-09-22T13:13:04+00:00,S-12,drv/opt_bydd_trd,20260817,200,0,320,
2026-09-22T13:13:05+00:00,S-12,sto/stk_bydd_trd,20260717,200,0,260,
2026-09-22T13:13:05+00:00,S-12,sto/ksq_bydd_trd,20260717,200,0,254,
2026-09-22T13:13:05+00:00,S-12,idx/kospi_dd_trd,20260717,200,0,259,
2026-09-22T13:13:06+00:00,S-12,idx/kosdaq_dd_trd,20260717,200,0,608,
2026-09-22T13:13:06+00:00,S-12,idx/drvprod_dd_trd,20260717,200,0,258,
2026-09-22T13:13:07+00:00,S-12,etp/etf_bydd_trd,20260717,200,1146,1174,
2026-09-22T13:13:07+00:00,S-12,drv/opt_bydd_trd,20260717,200,0,248,
2026-09-22T13:13:08+00:00,S-12,sto/stk_bydd_trd,20260603,200,0,347,
2026-09-22T13:13:08+00:00,S-12,sto/ksq_bydd_trd,20260603,200,0,246,
2026-09-22T13:13:08+00:00,S-12,idx/kospi_dd_trd,20260603,200,0,297,
2026-09-22T13:13:09+00:00,S-12,idx/kosdaq_dd_trd,20260603,200,0,323,
2026-09-22T13:13:09+00:00,S-12,idx/drvprod_dd_trd,20260603,200,0,295,
2026-09-22T13:13:09+00:00,S-12,etp/etf_bydd_trd,20260603,200,1136,580,
2026-09-22T13:13:10+00:00,S-12,drv/opt_bydd_trd,20260603,200,0,304,
2026-09-22T13:13:10+00:00,S-12,sto/stk_bydd_trd,20260525,200,0,281,
2026-09-22T13:13:10+00:00,S-12,sto/ksq_bydd_trd,20260525,200,0,278,
2026-09-22T13:13:11+00:00,S-12,idx/kospi_dd_trd,20260525,200,0,293,
2026-09-22T13:13:11+00:00,S-12,idx/kosdaq_dd_trd,20260525,200,0,242,
2026-09-22T13:13:11+00:00,S-12,idx/drvprod_dd_trd,20260525,200,0,260,
2026-09-22T13:13:12+00:00,S-12,etp/etf_bydd_trd,20260525,200,1115,1012,
2026-09-22T13:13:12+00:00,S-12,drv/opt_bydd_trd,20260525,200,0,256,
2026-09-22T13:13:13+00:00,S-12,sto/stk_bydd_trd,20260505,200,0,269,
2026-09-22T13:13:13+00:00,S-12,sto/ksq_bydd_trd,20260505,200,0,263,
2026-09-22T13:13:13+00:00,S-12,idx/kospi_dd_trd,20260505,200,0,293,
2026-09-22T13:13:14+00:00,S-12,idx/kosdaq_dd_trd,20260505,200,0,346,
2026-09-22T13:13:14+00:00,S-12,idx/drvprod_dd_trd,20260505,200,0,231,
2026-09-22T13:13:14+00:00,S-12,etp/etf_bydd_trd,20260505,200,1099,493,
2026-09-22T13:13:15+00:00,S-12,drv/opt_bydd_trd,20260505,200,0,272,
2026-09-22T22:26:01+00:00,S-12,sto/stk_bydd_trd,20260922,200,0,1678,
2026-09-22T22:26:03+00:00,S-12,sto/ksq_bydd_trd,20260922,200,0,1894,
2026-09-22T22:26:03+00:00,S-12,sto/knx_bydd_trd,20260922,200,0,215,
2026-09-22T22:26:03+00:00,S-12,idx/krx_dd_trd,20260922,200,0,257,
2026-09-22T22:26:04+00:00,S-12,idx/kospi_dd_trd,20260922,200,0,209,
2026-09-22T22:26:04+00:00,S-12,idx/kosdaq_dd_trd,20260922,200,0,196,
2026-09-22T22:26:04+00:00,S-12,idx/bon_dd_trd,20260922,200,0,269,
2026-09-22T22:26:04+00:00,S-12,idx/drvprod_dd_trd,20260922,200,0,256,
2026-09-22T22:26:05+00:00,S-12,etp/etf_bydd_trd,20260922,200,0,210,
2026-09-22T22:26:05+00:00,S-12,etp/etn_bydd_trd,20260922,200,0,231,
2026-09-22T22:26:05+00:00,S-12,bon/kts_bydd_trd,20260922,200,0,208,
2026-09-22T22:26:05+00:00,S-12,bon/bnd_bydd_trd,20260922,200,0,235,
2026-09-22T22:26:06+00:00,S-12,drv/fut_bydd_trd,20260922,200,0,431,
2026-09-22T22:26:06+00:00,S-12,drv/opt_bydd_trd,20260922,200,0,260,
2026-09-22T22:26:06+00:00,S-12,gen/gold_bydd_trd,20260922,200,0,188,
2026-09-22T22:26:06+00:00,S-12,gen/oil_bydd_trd,20260922,200,0,258,
2026-09-22T22:26:07+00:00,S-12,gen/ets_bydd_trd,20260922,200,0,191,
2026-09-22T22:26:07+00:00,S-12,sto/stk_bydd_trd,20260817,200,0,177,
2026-09-22T22:26:07+00:00,S-12,sto/ksq_bydd_trd,20260817,200,0,240,
2026-09-22T22:26:07+00:00,S-12,idx/kospi_dd_trd,20260817,200,0,229,
2026-09-22T22:26:07+00:00,S-12,idx/kosdaq_dd_trd,20260817,200,0,190,
2026-09-22T22:26:08+00:00,S-12,idx/drvprod_dd_trd,20260817,200,0,173,
2026-09-22T22:26:08+00:00,S-12,etp/etf_bydd_trd,20260817,200,1163,834,
2026-09-22T22:26:09+00:00,S-12,drv/opt_bydd_trd,20260817,200,0,260,
2026-09-22T22:26:09+00:00,S-12,sto/stk_bydd_trd,20260717,200,0,245,
2026-09-22T22:26:09+00:00,S-12,sto/ksq_bydd_trd,20260717,200,0,213,
2026-09-22T22:26:09+00:00,S-12,idx/kospi_dd_trd,20260717,200,0,213,
2026-09-22T22:26:10+00:00,S-12,idx/kosdaq_dd_trd,20260717,200,0,207,
2026-09-22T22:26:10+00:00,S-12,idx/drvprod_dd_trd,20260717,200,0,221,
2026-09-22T22:26:10+00:00,S-12,etp/etf_bydd_trd,20260717,200,1146,565,
2026-09-22T22:26:11+00:00,S-12,drv/opt_bydd_trd,20260717,200,0,200,
2026-09-22T22:26:11+00:00,S-12,sto/stk_bydd_trd,20260603,200,0,203,
2026-09-22T22:26:11+00:00,S-12,sto/ksq_bydd_trd,20260603,200,0,276,
2026-09-22T22:26:11+00:00,S-12,idx/kospi_dd_trd,20260603,200,0,186,
2026-09-22T22:26:11+00:00,S-12,idx/kosdaq_dd_trd,20260603,200,0,172,
2026-09-22T22:26:12+00:00,S-12,idx/drvprod_dd_trd,20260603,200,0,175,
2026-09-22T22:26:12+00:00,S-12,etp/etf_bydd_trd,20260603,200,1136,355,
2026-09-22T22:26:12+00:00,S-12,drv/opt_bydd_trd,20260603,200,0,175,
2026-09-22T22:26:12+00:00,S-12,sto/stk_bydd_trd,20260525,200,0,197,
2026-09-22T22:26:12+00:00,S-12,sto/ksq_bydd_trd,20260525,200,0,228,
2026-09-22T22:26:13+00:00,S-12,idx/kospi_dd_trd,20260525,200,0,169,
2026-09-22T22:26:13+00:00,S-12,idx/kosdaq_dd_trd,20260525,200,0,191,
2026-09-22T22:26:13+00:00,S-12,idx/drvprod_dd_trd,20260525,200,0,197,
2026-09-22T22:26:14+00:00,S-12,etp/etf_bydd_trd,20260525,200,1115,584,
2026-09-22T22:26:14+00:00,S-12,drv/opt_bydd_trd,20260525,200,0,173,
2026-09-22T22:26:14+00:00,S-12,sto/stk_bydd_trd,20260505,200,0,200,
2026-09-22T22:26:14+00:00,S-12,sto/ksq_bydd_trd,20260505,200,0,192,
2026-09-22T22:26:14+00:00,S-12,idx/kospi_dd_trd,20260505,200,0,172,
2026-09-22T22:26:15+00:00,S-12,idx/kosdaq_dd_trd,20260505,200,0,188,
2026-09-22T22:26:15+00:00,S-12,idx/drvprod_dd_trd,20260505,200,0,216,
2026-09-22T22:26:15+00:00,S-12,etp/etf_bydd_trd,20260505,200,1099,319,
2026-09-22T22:26:15+00:00,S-12,drv/opt_bydd_trd,20260505,200,0,179,
2026-09-23T05:04:20+00:00,S-12,sto/stk_bydd_trd,20260922,200,942,3755,
2026-09-23T05:04:22+00:00,S-12,sto/ksq_bydd_trd,20260922,200,1820,2833,
2026-09-23T05:04:23+00:00,S-12,sto/knx_bydd_trd,20260922,200,107,212,
2026-09-23T05:04:23+00:00,S-12,idx/krx_dd_trd,20260922,200,40,239,
2026-09-23T05:04:23+00:00,S-12,idx/kospi_dd_trd,20260922,200,54,266,
2026-09-23T05:04:23+00:00,S-12,idx/kosdaq_dd_trd,20260922,200,40,228,
2026-09-23T05:04:24+00:00,S-12,idx/bon_dd_trd,20260922,200,3,274,
2026-09-23T05:04:24+00:00,S-12,idx/drvprod_dd_trd,20260922,200,322,259,
2026-09-23T05:04:25+00:00,S-12,etp/etf_bydd_trd,20260922,200,1175,680,
2026-09-23T05:04:25+00:00,S-12,etp/etn_bydd_trd,20260922,200,365,420,
2026-09-23T05:04:25+00:00,S-12,bon/kts_bydd_trd,20260922,200,12,215,
2026-09-23T05:04:25+00:00,S-12,bon/bnd_bydd_trd,20260922,200,258,251,
2026-09-23T05:04:27+00:00,S-12,drv/fut_bydd_trd,20260922,200,385,1064,
2026-09-23T05:04:30+00:00,S-12,drv/opt_bydd_trd,20260922,200,16260,3813,
2026-09-23T05:04:31+00:00,S-12,gen/gold_bydd_trd,20260922,200,2,169,
2026-09-23T05:04:31+00:00,S-12,gen/oil_bydd_trd,20260922,200,3,177,
2026-09-23T05:04:31+00:00,S-12,gen/ets_bydd_trd,20260922,200,19,478,
2026-09-23T05:04:32+00:00,S-12,sto/stk_bydd_trd,20260817,200,0,245,
2026-09-23T05:04:37+00:00,S-12,sto/ksq_bydd_trd,20260817,200,0,5377,
2026-09-23T05:04:37+00:00,S-12,idx/kospi_dd_trd,20260817,200,0,166,
2026-09-23T05:04:37+00:00,S-12,idx/kosdaq_dd_trd,20260817,200,0,242,
2026-09-23T05:04:38+00:00,S-12,idx/drvprod_dd_trd,20260817,200,0,166,
2026-09-23T05:04:38+00:00,S-12,etp/etf_bydd_trd,20260817,200,1163,532,
2026-09-23T05:04:38+00:00,S-12,drv/opt_bydd_trd,20260817,200,0,163,
2026-09-23T05:04:38+00:00,S-12,sto/stk_bydd_trd,20260717,200,0,180,
2026-09-23T05:04:39+00:00,S-12,sto/ksq_bydd_trd,20260717,200,0,251,
2026-09-23T05:04:39+00:00,S-12,idx/kospi_dd_trd,20260717,200,0,235,
2026-09-23T05:04:39+00:00,S-12,idx/kosdaq_dd_trd,20260717,200,0,169,
2026-09-23T05:04:39+00:00,S-12,idx/drvprod_dd_trd,20260717,200,0,199,
2026-09-23T05:04:40+00:00,S-12,etp/etf_bydd_trd,20260717,200,1146,387,
2026-09-23T05:04:40+00:00,S-12,drv/opt_bydd_trd,20260717,200,0,164,
2026-09-23T05:04:40+00:00,S-12,sto/stk_bydd_trd,20260603,200,0,194,
2026-09-23T05:04:40+00:00,S-12,sto/ksq_bydd_trd,20260603,200,0,182,
2026-09-23T05:04:40+00:00,S-12,idx/kospi_dd_trd,20260603,200,0,183,
2026-09-23T05:04:41+00:00,S-12,idx/kosdaq_dd_trd,20260603,200,0,199,
2026-09-23T05:04:41+00:00,S-12,idx/drvprod_dd_trd,20260603,200,0,274,
2026-09-23T05:04:41+00:00,S-12,etp/etf_bydd_trd,20260603,200,1136,474,
2026-09-23T05:04:42+00:00,S-12,drv/opt_bydd_trd,20260603,200,0,173,
2026-09-23T05:04:42+00:00,S-12,sto/stk_bydd_trd,20260525,200,0,188,
2026-09-23T05:04:42+00:00,S-12,sto/ksq_bydd_trd,20260525,200,0,175,
2026-09-23T05:04:42+00:00,S-12,idx/kospi_dd_trd,20260525,200,0,180,
2026-09-23T05:04:42+00:00,S-12,idx/kosdaq_dd_trd,20260525,200,0,238,
2026-09-23T05:04:43+00:00,S-12,idx/drvprod_dd_trd,20260525,200,0,212,
2026-09-23T05:04:43+00:00,S-12,etp/etf_bydd_trd,20260525,200,1115,536,
2026-09-23T05:04:43+00:00,S-12,drv/opt_bydd_trd,20260525,200,0,179,
2026-09-23T05:04:43+00:00,S-12,sto/stk_bydd_trd,20260505,200,0,192,
2026-09-23T05:04:44+00:00,S-12,sto/ksq_bydd_trd,20260505,200,0,171,
2026-09-23T05:04:44+00:00,S-12,idx/kospi_dd_trd,20260505,200,0,175,
2026-09-23T05:04:44+00:00,S-12,idx/kosdaq_dd_trd,20260505,200,0,177,
2026-09-23T05:04:44+00:00,S-12,idx/drvprod_dd_trd,20260505,200,0,196,
2026-09-23T05:04:45+00:00,S-12,etp/etf_bydd_trd,20260505,200,1099,476,
2026-09-23T05:04:45+00:00,S-12,drv/opt_bydd_trd,20260505,200,0,199,
2026-09-23T13:13:20+00:00,S-12,sto/stk_bydd_trd,20260922,200,942,2068,
2026-09-23T13:13:22+00:00,S-12,sto/ksq_bydd_trd,20260922,200,1820,1858,
2026-09-23T13:13:22+00:00,S-12,sto/knx_bydd_trd,20260922,200,107,408,
2026-09-23T13:13:22+00:00,S-12,idx/krx_dd_trd,20260922,200,40,261,
2026-09-23T13:13:23+00:00,S-12,idx/kospi_dd_trd,20260922,200,54,227,
2026-09-23T13:13:23+00:00,S-12,idx/kosdaq_dd_trd,20260922,200,40,256,
2026-09-23T13:13:25+00:00,S-12,idx/bon_dd_trd,20260922,200,3,2284,
2026-09-23T13:13:25+00:00,S-12,idx/drvprod_dd_trd,20260922,200,322,247,
2026-09-23T13:13:26+00:00,S-12,etp/etf_bydd_trd,20260922,200,1175,735,
2026-09-23T13:13:27+00:00,S-12,etp/etn_bydd_trd,20260922,200,365,536,
2026-09-23T13:13:27+00:00,S-12,bon/kts_bydd_trd,20260922,200,12,212,
2026-09-23T13:13:28+00:00,S-12,bon/bnd_bydd_trd,20260922,200,258,1361,
2026-09-23T13:13:29+00:00,S-12,drv/fut_bydd_trd,20260922,200,385,954,
2026-09-23T13:13:33+00:00,S-12,drv/opt_bydd_trd,20260922,200,16260,3604,
2026-09-23T13:13:33+00:00,S-12,gen/gold_bydd_trd,20260922,200,2,178,
2026-09-23T13:13:33+00:00,S-12,gen/oil_bydd_trd,20260922,200,3,180,
2026-09-23T13:13:34+00:00,S-12,gen/ets_bydd_trd,20260922,200,19,184,
2026-09-23T13:13:34+00:00,S-12,sto/stk_bydd_trd,20260817,200,0,161,
2026-09-23T13:13:34+00:00,S-12,sto/ksq_bydd_trd,20260817,200,0,193,
2026-09-23T13:13:34+00:00,S-12,idx/kospi_dd_trd,20260817,200,0,168,
2026-09-23T13:13:34+00:00,S-12,idx/kosdaq_dd_trd,20260817,200,0,161,
2026-09-23T13:13:34+00:00,S-12,idx/drvprod_dd_trd,20260817,200,0,156,
2026-09-23T13:13:35+00:00,S-12,etp/etf_bydd_trd,20260817,200,1163,553,
2026-09-23T13:13:35+00:00,S-12,drv/opt_bydd_trd,20260817,200,0,210,
2026-09-23T13:13:35+00:00,S-12,sto/stk_bydd_trd,20260717,200,0,158,
2026-09-23T13:13:36+00:00,S-12,sto/ksq_bydd_trd,20260717,200,0,159,
2026-09-23T13:13:36+00:00,S-12,idx/kospi_dd_trd,20260717,200,0,182,
2026-09-23T13:13:36+00:00,S-12,idx/kosdaq_dd_trd,20260717,200,0,173,
2026-09-23T13:13:36+00:00,S-12,idx/drvprod_dd_trd,20260717,200,0,178,
2026-09-23T13:13:37+00:00,S-12,etp/etf_bydd_trd,20260717,200,1146,547,
2026-09-23T13:13:37+00:00,S-12,drv/opt_bydd_trd,20260717,200,0,170,
2026-09-23T13:13:37+00:00,S-12,sto/stk_bydd_trd,20260603,200,0,190,
2026-09-23T13:13:37+00:00,S-12,sto/ksq_bydd_trd,20260603,200,0,157,
2026-09-23T13:13:37+00:00,S-12,idx/kospi_dd_trd,20260603,200,0,170,
2026-09-23T13:13:37+00:00,S-12,idx/kosdaq_dd_trd,20260603,200,0,159,
2026-09-23T13:13:38+00:00,S-12,idx/drvprod_dd_trd,20260603,200,0,177,
2026-09-23T13:13:38+00:00,S-12,etp/etf_bydd_trd,20260603,200,1136,407,
2026-09-23T13:13:38+00:00,S-12,drv/opt_bydd_trd,20260603,200,0,181,
2026-09-23T13:13:38+00:00,S-12,sto/stk_bydd_trd,20260525,200,0,204,
2026-09-23T13:13:39+00:00,S-12,sto/ksq_bydd_trd,20260525,200,0,332,
2026-09-23T13:13:39+00:00,S-12,idx/kospi_dd_trd,20260525,200,0,178,
2026-09-23T13:13:39+00:00,S-12,idx/kosdaq_dd_trd,20260525,200,0,165,
2026-09-23T13:13:39+00:00,S-12,idx/drvprod_dd_trd,20260525,200,0,175,
2026-09-23T13:13:40+00:00,S-12,etp/etf_bydd_trd,20260525,200,1115,575,
2026-09-23T13:13:40+00:00,S-12,drv/opt_bydd_trd,20260525,200,0,175,
2026-09-23T13:13:40+00:00,S-12,sto/stk_bydd_trd,20260505,200,0,210,
2026-09-23T13:13:40+00:00,S-12,sto/ksq_bydd_trd,20260505,200,0,163,
2026-09-23T13:13:41+00:00,S-12,idx/kospi_dd_trd,20260505,200,0,162,
2026-09-23T13:13:41+00:00,S-12,idx/kosdaq_dd_trd,20260505,200,0,166,
2026-09-23T13:13:41+00:00,S-12,idx/drvprod_dd_trd,20260505,200,0,171,
2026-09-23T13:13:41+00:00,S-12,etp/etf_bydd_trd,20260505,200,1099,381,
2026-09-23T13:13:42+00:00,S-12,drv/opt_bydd_trd,20260505,200,0,191,
2026-09-23T22:26:19+00:00,S-12,sto/stk_bydd_trd,20260923,200,0,2041,
2026-09-23T22:26:20+00:00,S-12,sto/ksq_bydd_trd,20260923,200,0,1575,
2026-09-23T22:26:20+00:00,S-12,sto/knx_bydd_trd,20260923,200,0,241,
2026-09-23T22:26:21+00:00,S-12,idx/krx_dd_trd,20260923,200,0,300,
2026-09-23T22:26:21+00:00,S-12,idx/kospi_dd_trd,20260923,200,0,280,
2026-09-23T22:26:21+00:00,S-12,idx/kosdaq_dd_trd,20260923,200,0,246,
2026-09-23T22:26:22+00:00,S-12,idx/bon_dd_trd,20260923,200,0,428,
2026-09-23T22:26:22+00:00,S-12,idx/drvprod_dd_trd,20260923,200,0,252,
2026-09-23T22:26:22+00:00,S-12,etp/etf_bydd_trd,20260923,200,0,288,
2026-09-23T22:26:22+00:00,S-12,etp/etn_bydd_trd,20260923,200,0,246,
2026-09-23T22:26:23+00:00,S-12,bon/kts_bydd_trd,20260923,200,0,266,
2026-09-23T22:26:23+00:00,S-12,bon/bnd_bydd_trd,20260923,200,0,232,
2026-09-23T22:26:23+00:00,S-12,drv/fut_bydd_trd,20260923,200,0,347,
2026-09-23T22:26:23+00:00,S-12,drv/opt_bydd_trd,20260923,200,0,235,
2026-09-23T22:26:24+00:00,S-12,gen/gold_bydd_trd,20260923,200,0,253,
2026-09-23T22:26:24+00:00,S-12,gen/oil_bydd_trd,20260923,200,0,245,
2026-09-23T22:26:24+00:00,S-12,gen/ets_bydd_trd,20260923,200,0,523,
2026-09-23T22:26:25+00:00,S-12,sto/stk_bydd_trd,20260817,200,0,229,
2026-09-23T22:26:25+00:00,S-12,sto/ksq_bydd_trd,20260817,200,0,246,
2026-09-23T22:26:25+00:00,S-12,idx/kospi_dd_trd,20260817,200,0,274,
2026-09-23T22:26:25+00:00,S-12,idx/kosdaq_dd_trd,20260817,200,0,243,
2026-09-23T22:26:26+00:00,S-12,idx/drvprod_dd_trd,20260817,200,0,244,
2026-09-23T22:26:26+00:00,S-12,etp/etf_bydd_trd,20260817,200,1163,567,
2026-09-23T22:26:27+00:00,S-12,drv/opt_bydd_trd,20260817,200,0,343,
2026-09-23T22:26:27+00:00,S-12,sto/stk_bydd_trd,20260717,200,0,242,
2026-09-23T22:26:27+00:00,S-12,sto/ksq_bydd_trd,20260717,200,0,259,
2026-09-23T22:26:27+00:00,S-12,idx/kospi_dd_trd,20260717,200,0,240,
2026-09-23T22:26:28+00:00,S-12,idx/kosdaq_dd_trd,20260717,200,0,240,
2026-09-23T22:26:28+00:00,S-12,idx/drvprod_dd_trd,20260717,200,0,300,
2026-09-23T22:26:29+00:00,S-12,etp/etf_bydd_trd,20260717,200,1146,1518,
2026-09-23T22:26:30+00:00,S-12,drv/opt_bydd_trd,20260717,200,0,255,
2026-09-23T22:26:30+00:00,S-12,sto/stk_bydd_trd,20260603,200,0,228,
2026-09-23T22:26:30+00:00,S-12,sto/ksq_bydd_trd,20260603,200,0,215,
2026-09-23T22:26:30+00:00,S-12,idx/kospi_dd_trd,20260603,200,0,272,
2026-09-23T22:26:31+00:00,S-12,idx/kosdaq_dd_trd,20260603,200,0,302,
2026-09-23T22:26:31+00:00,S-12,idx/drvprod_dd_trd,20260603,200,0,254,
2026-09-23T22:26:32+00:00,S-12,etp/etf_bydd_trd,20260603,200,1136,639,
2026-09-23T22:26:32+00:00,S-12,drv/opt_bydd_trd,20260603,200,0,224,
2026-09-23T22:26:32+00:00,S-12,sto/stk_bydd_trd,20260525,200,0,240,
2026-09-23T22:26:32+00:00,S-12,sto/ksq_bydd_trd,20260525,200,0,215,
2026-09-23T22:26:33+00:00,S-12,idx/kospi_dd_trd,20260525,200,0,232,
2026-09-23T22:26:33+00:00,S-12,idx/kosdaq_dd_trd,20260525,200,0,247,
2026-09-23T22:26:33+00:00,S-12,idx/drvprod_dd_trd,20260525,200,0,246,
2026-09-23T22:26:33+00:00,S-12,etp/etf_bydd_trd,20260525,200,1115,473,
2026-09-23T22:26:34+00:00,S-12,drv/opt_bydd_trd,20260525,200,0,257,
2026-09-23T22:26:34+00:00,S-12,sto/stk_bydd_trd,20260505,200,0,241,
2026-09-23T22:26:34+00:00,S-12,sto/ksq_bydd_trd,20260505,200,0,239,
2026-09-23T22:26:34+00:00,S-12,idx/kospi_dd_trd,20260505,200,0,232,
2026-09-23T22:26:35+00:00,S-12,idx/kosdaq_dd_trd,20260505,200,0,412,
2026-09-23T22:26:35+00:00,S-12,idx/drvprod_dd_trd,20260505,200,0,250,
2026-09-23T22:26:36+00:00,S-12,etp/etf_bydd_trd,20260505,200,1099,599,
2026-09-23T22:26:36+00:00,S-12,drv/opt_bydd_trd,20260505,200,0,250,
2026-09-24T05:03:24+00:00,S-12,sto/stk_bydd_trd,20260923,200,942,2267,
2026-09-24T05:03:27+00:00,S-12,sto/ksq_bydd_trd,20260923,200,1821,2822,
2026-09-24T05:03:28+00:00,S-12,sto/knx_bydd_trd,20260923,200,107,269,
2026-09-24T05:03:28+00:00,S-12,idx/krx_dd_trd,20260923,200,40,295,
2026-09-24T05:03:28+00:00,S-12,idx/kospi_dd_trd,20260923,200,54,265,
2026-09-24T05:03:28+00:00,S-12,idx/kosdaq_dd_trd,20260923,200,40,281,
2026-09-24T05:03:29+00:00,S-12,idx/bon_dd_trd,20260923,200,3,367,
2026-09-24T05:03:29+00:00,S-12,idx/drvprod_dd_trd,20260923,200,322,361,
2026-09-24T05:03:30+00:00,S-12,etp/etf_bydd_trd,20260923,200,1175,840,
2026-09-24T05:03:30+00:00,S-12,etp/etn_bydd_trd,20260923,200,365,404,
2026-09-24T05:03:31+00:00,S-12,bon/kts_bydd_trd,20260923,200,10,263,
2026-09-24T05:03:31+00:00,S-12,bon/bnd_bydd_trd,20260923,200,278,292,
2026-09-24T05:03:32+00:00,S-12,drv/fut_bydd_trd,20260923,200,385,737,
2026-09-24T05:03:34+00:00,S-12,drv/opt_bydd_trd,20260923,200,16724,2346,
2026-09-24T05:03:35+00:00,S-12,gen/gold_bydd_trd,20260923,200,2,665,
2026-09-24T05:03:35+00:00,S-12,gen/oil_bydd_trd,20260923,200,3,242,
2026-09-24T05:03:35+00:00,S-12,gen/ets_bydd_trd,20260923,200,19,248,
2026-09-24T05:03:36+00:00,S-12,sto/stk_bydd_trd,20260817,200,0,238,
2026-09-24T05:03:36+00:00,S-12,sto/ksq_bydd_trd,20260817,200,0,251,
2026-09-24T05:03:36+00:00,S-12,idx/kospi_dd_trd,20260817,200,0,347,
2026-09-24T05:03:37+00:00,S-12,idx/kosdaq_dd_trd,20260817,200,0,304,
2026-09-24T05:03:37+00:00,S-12,idx/drvprod_dd_trd,20260817,200,0,214,
2026-09-24T05:03:37+00:00,S-12,etp/etf_bydd_trd,20260817,200,1163,426,
2026-09-24T05:03:38+00:00,S-12,drv/opt_bydd_trd,20260817,200,0,290,
2026-09-24T05:03:38+00:00,S-12,sto/stk_bydd_trd,20260717,200,0,285,
2026-09-24T05:03:38+00:00,S-12,sto/ksq_bydd_trd,20260717,200,0,249,
2026-09-24T05:03:38+00:00,S-12,idx/kospi_dd_trd,20260717,200,0,316,
2026-09-24T05:03:39+00:00,S-12,idx/kosdaq_dd_trd,20260717,200,0,209,
2026-09-24T05:03:39+00:00,S-12,idx/drvprod_dd_trd,20260717,200,0,212,
2026-09-24T05:03:40+00:00,S-12,etp/etf_bydd_trd,20260717,200,1146,1622,
2026-09-24T05:03:41+00:00,S-12,drv/opt_bydd_trd,20260717,200,0,235,
2026-09-24T05:03:41+00:00,S-12,sto/stk_bydd_trd,20260603,200,0,217,
2026-09-24T05:03:41+00:00,S-12,sto/ksq_bydd_trd,20260603,200,0,223,
2026-09-24T05:03:41+00:00,S-12,idx/kospi_dd_trd,20260603,200,0,232,
2026-09-24T05:03:42+00:00,S-12,idx/kosdaq_dd_trd,20260603,200,0,259,
2026-09-24T05:03:42+00:00,S-12,idx/drvprod_dd_trd,20260603,200,0,242,
2026-09-24T05:03:42+00:00,S-12,etp/etf_bydd_trd,20260603,200,1136,466,
2026-09-24T05:03:43+00:00,S-12,drv/opt_bydd_trd,20260603,200,0,234,
2026-09-24T05:03:43+00:00,S-12,sto/stk_bydd_trd,20260525,200,0,231,
2026-09-24T05:03:43+00:00,S-12,sto/ksq_bydd_trd,20260525,200,0,233,
2026-09-24T05:03:44+00:00,S-12,idx/kospi_dd_trd,20260525,200,0,799,
2026-09-24T05:03:44+00:00,S-12,idx/kosdaq_dd_trd,20260525,200,0,259,
2026-09-24T05:03:44+00:00,S-12,idx/drvprod_dd_trd,20260525,200,0,320,
2026-09-24T05:03:46+00:00,S-12,etp/etf_bydd_trd,20260525,200,1115,1673,
2026-09-24T05:03:46+00:00,S-12,drv/opt_bydd_trd,20260525,200,0,232,
2026-09-24T05:03:47+00:00,S-12,sto/stk_bydd_trd,20260505,200,0,259,
2026-09-24T05:03:47+00:00,S-12,sto/ksq_bydd_trd,20260505,200,0,245,
2026-09-24T05:03:47+00:00,S-12,idx/kospi_dd_trd,20260505,200,0,241,
2026-09-24T05:03:47+00:00,S-12,idx/kosdaq_dd_trd,20260505,200,0,238,
2026-09-24T05:03:48+00:00,S-12,idx/drvprod_dd_trd,20260505,200,0,316,
2026-09-24T05:03:48+00:00,S-12,etp/etf_bydd_trd,20260505,200,1099,482,
2026-09-24T05:03:48+00:00,S-12,drv/opt_bydd_trd,20260505,200,0,299,
